credit_score_id,customer_id,credit_score,score_date,past_due_accounts,credit_utilization_pct,hard_inquiries_12m,credit_history_years
CS00001,C00001,764,2025-01-03,0,44.3,4,1
CS00002,C00002,776,2025-01-18,1,22.3,2,11
CS00003,C00003,731,2025-08-20,1,64.5,8,11
CS00004,C00004,498,2026-02-21,0,86.2,7,7
CS00005,C00005,678,2025-07-28,0,41.3,3,0
CS00006,C00006,666,2025-05-25,0,48.7,4,6
CS00007,C00007,700,2025-03-22,0,9.2,8,12
CS00008,C00008,828,2026-07-05,0,43.2,1,7
CS00009,C00009,621,2025-03-01,0,72.9,1,2
CS00010,C00010,606,2026-07-22,1,62.9,8,1
CS00011,C00011,644,2025-07-02,1,67.7,1,9
CS00012,C00012,727,2025-08-14,0,63.3,1,8
CS00013,C00013,786,2025-02-26,0,80.7,1,4
CS00014,C00014,677,2026-01-30,0,43.7,2,4
CS00015,C00015,709,2026-01-14,0,8.4,3,12
CS00016,C00016,643,2025-02-23,1,40.3,1,2
CS00017,C00017,743,2026-04-29,0,47.4,1,4
CS00018,C00018,662,2026-02-16,0,42.2,5,10
CS00019,C00019,652,2025-02-25,0,50.1,0,3
CS00020,C00020,673,2025-03-02,0,20.9,7,7
CS00021,C00021,582,2025-04-13,0,84.6,6,5
CS00022,C00022,637,2026-07-17,0,94.1,5,7
CS00023,C00023,568,2026-03-19,1,67.6,5,4
CS00024,C00024,810,2025-05-03,0,6.0,2,9
CS00025,C00025,653,2025-10-01,0,31.7,4,10
CS00026,C00026,711,2025-03-26,1,19.0,1,0
CS00027,C00027,702,2026-01-27,0,52.5,1,0
CS00028,C00028,713,2025-03-02,1,11.9,8,10
CS00029,C00029,758,2025-05-18,1,37.9,8,2
CS00030,C00030,660,2026-03-04,1,1,2,10
CS00031,C00031,789,2025-12-31,0,51.4,6,9
CS00032,C00032,659,2026-08-06,0,1,0,8
CS00033,C00033,717,2026-08-10,0,43.7,0,0
CS00034,C00034,598,2025-12-20,0,60.9,5,7
CS00035,C00035,713,2026-04-12,0,46.5,2,0
CS00036,C00036,731,2025-02-17,1,28.4,4,8
CS00037,C00037,649,2025-05-12,1,64.7,7,1
CS00038,C00038,786,2025-05-29,0,30.1,5,2
CS00039,C00039,787,2025-12-06,0,25.4,0,11
CS00040,C00040,612,2025-05-31,2,42.4,6,0
CS00041,C00041,691,2026-07-20,0,66.3,2,4
CS00042,C00042,740,2025-01-14,0,43.3,4,7
CS00043,C00043,684,2026-02-13,2,26.3,5,0
CS00044,C00044,590,2026-08-17,2,70.3,8,11
CS00045,C00045,623,2026-02-06,0,78.6,0,1
CS00046,C00046,671,2026-02-03,0,65.3,6,12
CS00047,C00047,742,2026-05-19,0,1,7,11
CS00048,C00048,658,2026-01-26,0,57.8,3,1
CS00049,C00049,711,2025-02-23,1,26.8,2,9
CS00050,C00050,697,2025-01-24,2,1,3,8
CS00051,C00051,583,2026-05-09,2,72.0,7,1
CS00052,C00052,653,2026-08-15,0,26.7,0,3
CS00053,C00053,633,2025-09-20,2,78.6,5,11
CS00054,C00054,615,2025-09-09,0,48.7,4,4
CS00055,C00055,778,2025-05-05,0,33.0,0,5
CS00056,C00056,806,2025-08-27,0,43.8,3,9
CS00057,C00057,663,2026-02-23,0,9.6,5,11
CS00058,C00058,706,2025-08-15,1,55.7,7,0
CS00059,C00059,729,2026-06-07,0,36.1,8,11
CS00060,C00060,609,2026-02-28,1,51.1,2,9
CS00061,C00061,739,2026-07-02,0,16.1,2,8
CS00062,C00062,567,2025-06-18,0,27.1,1,8
CS00063,C00063,697,2025-08-03,0,72.2,8,5
CS00064,C00064,732,2026-03-14,0,31.7,6,7
CS00065,C00065,763,2026-05-30,0,78.6,4,5
CS00066,C00066,705,2026-07-19,0,82.6,4,9
CS00067,C00067,633,2025-12-09,1,72.9,3,1
CS00068,C00068,725,2026-05-05,0,49.9,5,9
CS00069,C00069,572,2026-05-16,0,60.7,4,1
CS00070,C00070,801,2025-03-07,0,20.6,8,6
CS00071,C00071,604,2025-06-10,0,50.7,1,11
CS00072,C00072,716,2025-05-01,0,10.8,6,4
CS00073,C00073,660,2026-02-21,0,25.3,5,12
CS00074,C00074,736,2026-03-23,0,43.1,6,7
CS00075,C00075,612,2025-01-09,0,69.9,3,5
CS00076,C00076,683,2026-06-01,0,29.2,1,6
CS00077,C00077,728,2025-03-29,0,35.9,7,10
CS00078,C00078,672,2025-06-08,0,47.9,2,8
CS00079,C00079,681,2025-08-09,1,26.0,2,7
CS00080,C00080,782,2026-01-26,0,38.0,8,12
CS00081,C00081,678,2025-02-20,1,66.2,8,0
CS00082,C00082,640,2025-10-09,1,65.6,4,8
CS00083,C00083,819,2025-12-08,0,48.3,3,5
CS00084,C00084,637,2026-06-24,0,96.3,7,1
CS00085,C00085,749,2025-10-07,0,32.2,3,9
CS00086,C00086,694,2025-06-07,0,31.7,6,7
CS00087,C00087,809,2026-02-17,0,28.4,2,0
CS00088,C00088,663,2025-12-07,0,17.0,4,9
CS00089,C00089,689,2025-06-06,0,26.8,5,6
CS00090,C00090,555,2026-04-01,0,24.1,2,12
CS00091,C00091,583,2025-06-24,0,99,5,5
CS00092,C00092,664,2025-08-11,0,22.5,7,7
CS00093,C00093,649,2025-05-23,1,74.0,2,6
CS00094,C00094,727,2025-09-24,0,59.1,6,7
CS00095,C00095,654,2026-02-09,0,58.1,0,7
CS00096,C00096,682,2025-12-18,1,50.5,1,9
CS00097,C00097,619,2026-01-19,0,57.9,4,4
CS00098,C00098,727,2025-04-09,0,11.4,2,5
CS00099,C00099,721,2025-10-10,0,26.8,3,8
CS00100,C00100,657,2025-12-11,0,17.5,7,7
CS00101,C00101,633,2025-11-23,1,60.7,0,5
CS00102,C00102,689,2025-11-30,0,58.4,3,10
CS00103,C00103,725,2026-03-19,0,9.4,1,5
CS00104,C00104,662,2026-02-25,0,24.4,2,11
CS00105,C00105,771,2025-02-25,0,1,3,4
CS00106,C00106,725,2025-04-26,0,49.0,7,7
CS00107,C00107,691,2025-02-18,0,69.0,4,7
CS00108,C00108,789,2026-04-11,1,11.2,4,3
CS00109,C00109,629,2025-09-26,0,57.9,2,5
CS00110,C00110,614,2026-01-10,0,69.2,6,4
CS00111,C00111,732,2026-05-15,0,28.5,5,10
CS00112,C00112,759,2026-01-19,0,40.1,5,2
CS00113,C00113,717,2026-01-11,0,51.3,0,12
CS00114,C00114,698,2026-08-20,0,1.6,7,11
CS00115,C00115,579,2026-01-06,0,72.3,6,6
CS00116,C00116,673,2025-02-15,1,66.9,8,12
CS00117,C00117,776,2025-05-01,0,38.1,3,3
CS00118,C00118,620,2025-11-06,0,70.2,7,1
CS00119,C00119,677,2026-04-01,1,29.6,7,10
CS00120,C00120,674,2026-08-28,0,37.2,3,4
CS00121,C00121,743,2025-11-24,0,1,8,11
CS00122,C00122,642,2025-08-10,0,65.1,6,0
CS00123,C00123,699,2026-02-02,0,40.8,5,9
CS00124,C00124,711,2025-02-01,0,30.7,1,7
CS00125,C00125,694,2026-04-17,0,11.7,0,7
CS00126,C00126,642,2026-07-11,0,75.0,8,5
CS00127,C00127,674,2025-06-09,0,59.8,3,10
CS00128,C00128,766,2026-07-17,0,1,6,7
CS00129,C00129,641,2025-07-22,1,70.2,3,5
CS00130,C00130,599,2025-12-31,0,41.9,0,7
CS00131,C00131,763,2026-07-01,0,21.1,1,3
CS00132,C00132,668,2025-08-25,0,3.3,3,9
CS00133,C00133,743,2025-02-18,0,3.5,4,2
CS00134,C00134,590,2026-05-20,0,28.2,3,6
CS00135,C00135,597,2025-08-19,1,53.9,6,7
CS00136,C00136,799,2025-03-06,0,30.7,0,3
CS00137,C00137,647,2025-01-12,0,44.5,3,12
CS00138,C00138,552,2026-01-08,1,45.9,5,8
CS00139,C00139,731,2025-01-26,0,1,5,2
CS00140,C00140,673,2026-03-02,0,64.0,4,11
CS00141,C00141,728,2026-06-03,0,49.4,6,9
CS00142,C00142,627,2025-04-17,1,69.9,2,3
CS00143,C00143,703,2025-09-28,0,27.4,2,12
CS00144,C00144,660,2026-01-22,0,39.3,7,12
CS00145,C00145,650,2025-05-31,0,53.1,4,6
CS00146,C00146,612,2025-11-23,0,69.2,4,6
CS00147,C00147,802,2025-07-05,0,11.5,4,4
CS00148,C00148,773,2025-03-20,0,40.2,8,10
CS00149,C00149,778,2025-12-17,0,50.2,7,3
CS00150,C00150,720,2026-06-08,1,29.2,2,0
CS00151,C00151,721,2026-07-07,1,54.5,7,11
CS00152,C00152,759,2026-03-16,0,32.4,8,12
CS00153,C00153,792,2025-03-24,0,33.3,2,0
CS00154,C00154,812,2025-03-18,0,56.8,3,3
CS00155,C00155,607,2025-04-10,2,79.9,8,3
CS00156,C00156,731,2026-02-03,0,35.1,7,12
CS00157,C00157,635,2026-05-10,1,87.5,6,10
CS00158,C00158,716,2026-05-10,0,53.9,3,12
CS00159,C00159,642,2026-01-18,1,83.8,7,11
CS00160,C00160,714,2025-03-09,0,26.3,1,7
CS00161,C00161,718,2026-06-21,0,45.2,0,10
CS00162,C00162,636,2025-11-03,1,75.8,3,0
CS00163,C00163,702,2025-06-15,1,23.5,5,12
CS00164,C00164,718,2026-02-15,0,54.1,4,1
CS00165,C00165,674,2025-02-07,0,17.7,3,9
CS00166,C00166,831,2025-01-21,0,60.9,0,9
CS00167,C00167,665,2025-01-16,0,36.2,1,11
CS00168,C00168,725,2026-04-07,0,26.6,1,11
CS00169,C00169,755,2025-04-13,0,56.7,2,9
CS00170,C00170,898,2026-02-05,0,35.6,4,2
CS00171,C00171,769,2025-09-10,0,47.4,6,11
CS00172,C00172,704,2025-05-22,0,18.9,2,6
CS00173,C00173,702,2025-04-26,0,9.0,0,8
CS00174,C00174,752,2026-06-07,0,43.8,8,0
CS00175,C00175,766,2025-08-26,1,53.0,8,3
CS00176,C00176,894,2026-05-31,0,24.6,1,0
CS00177,C00177,631,2025-12-01,1,77.2,5,4
CS00178,C00178,616,2026-01-22,0,51.1,5,1
CS00179,C00179,733,2025-03-25,0,21.9,1,2
CS00180,C00180,833,2026-07-11,0,42.7,5,5
CS00181,C00181,591,2026-05-09,0,62.4,3,5
CS00182,C00182,680,2026-04-10,1,59.3,1,7
CS00183,C00183,708,2025-12-20,0,18.3,0,9
CS00184,C00184,730,2025-11-07,0,41.2,6,0
CS00185,C00185,596,2025-09-17,2,52.4,8,9
CS00186,C00186,670,2025-11-25,0,54.0,8,4
CS00187,C00187,752,2026-02-18,0,1,6,0
CS00188,C00188,726,2025-01-10,0,43.3,5,10
CS00189,C00189,773,2026-04-11,0,23.1,3,1
CS00190,C00190,594,2026-04-29,1,59.6,3,2
CS00191,C00191,668,2026-04-08,1,19.9,7,4
CS00192,C00192,785,2025-12-15,0,35.3,8,4
CS00193,C00193,806,2026-08-24,0,22.9,7,11
CS00194,C00194,822,2025-08-11,0,16.3,5,6
CS00195,C00195,744,2025-10-24,0,38.1,5,9
CS00196,C00196,713,2025-11-03,0,17.4,1,1
CS00197,C00197,749,2026-08-13,0,19.8,7,5
CS00198,C00198,703,2025-10-24,0,20.2,5,7
CS00199,C00199,747,2026-04-12,1,45.3,3,4
CS00200,C00200,746,2026-06-04,0,71.7,0,12
CS00201,C00201,690,2026-06-04,0,33.7,8,5
CS00202,C00202,796,2026-03-03,1,36.4,2,10
CS00203,C00203,685,2025-08-12,0,1,8,7
CS00204,C00204,691,2025-02-04,0,9.7,7,7
CS00205,C00205,632,2025-02-11,1,65.5,6,2
CS00206,C00206,630,2026-01-21,1,84.9,2,11
CS00207,C00207,771,2025-03-13,0,31.3,7,12
CS00208,C00208,661,2025-09-02,0,34.3,8,9
CS00209,C00209,644,2025-02-03,1,25.8,2,4
CS00210,C00210,791,2025-07-26,0,45.1,3,0
CS00211,C00211,697,2026-08-27,0,47.4,6,0
CS00212,C00212,657,2026-02-15,0,1,6,9
CS00213,C00213,752,2025-08-21,0,34.5,5,10
CS00214,C00214,688,2025-05-14,0,53.0,6,5
CS00215,C00215,714,2025-04-03,0,45.8,7,11
CS00216,C00216,759,2025-02-19,1,38.6,4,4
CS00217,C00217,555,2025-12-11,0,60.2,5,3
CS00218,C00218,777,2025-04-20,1,50.8,8,12
CS00219,C00219,733,2025-12-25,0,73.0,8,12
CS00220,C00220,659,2025-01-07,0,78.6,6,12
CS00221,C00221,868,2026-01-09,0,32.8,8,6
CS00222,C00222,708,2026-07-18,0,26.4,8,6
CS00223,C00223,727,2025-08-23,0,27.3,2,1
CS00224,C00224,517,2025-09-13,2,39.0,0,1
CS00225,C00225,612,2025-11-30,0,21.8,3,9
CS00226,C00226,633,2026-08-14,0,45.9,7,9
CS00227,C00227,613,2026-06-16,0,31.3,1,4
CS00228,C00228,692,2025-06-11,0,13.1,6,2
CS00229,C00229,653,2026-08-15,0,23.1,6,0
CS00230,C00230,715,2025-08-29,0,45.8,8,8
CS00231,C00231,698,2025-11-28,0,39.6,8,7
CS00232,C00232,695,2025-11-16,0,41.2,0,2
CS00233,C00233,639,2025-01-04,0,97.7,5,4
CS00234,C00234,747,2026-01-11,0,32.8,4,8
CS00235,C00235,653,2025-03-11,0,70.4,6,6
CS00236,C00236,734,2025-05-15,0,23.8,0,12
CS00237,C00237,736,2026-08-08,0,21.3,0,3
CS00238,C00238,717,2026-02-12,1,42.6,5,4
CS00239,C00239,679,2025-07-13,0,42.0,5,8
CS00240,C00240,766,2026-05-21,0,45.3,8,3
CS00241,C00241,597,2025-01-11,1,36.3,4,5
CS00242,C00242,742,2026-04-02,0,33.6,2,6
CS00243,C00243,667,2026-06-29,0,19.6,7,0
CS00244,C00244,769,2025-04-08,0,56.6,6,7
CS00245,C00245,592,2026-05-10,0,62.9,2,5
CS00246,C00246,665,2025-03-17,0,32.6,8,2
CS00247,C00247,595,2025-05-10,0,67.1,7,0
CS00248,C00248,793,2025-10-03,0,19.0,7,9
CS00249,C00249,668,2025-04-16,0,9.2,5,5
CS00250,C00250,836,2025-05-08,1,51.2,7,1
CS00251,C00251,674,2025-01-20,0,51.6,7,4
CS00252,C00252,636,2025-04-24,3,63.5,2,4
CS00253,C00253,618,2025-09-01,0,55.8,2,5
CS00254,C00254,679,2025-03-23,0,32.6,1,2
CS00255,C00255,659,2026-04-27,1,33.2,6,11
CS00256,C00256,646,2026-04-18,0,69.7,4,4
CS00257,C00257,703,2025-12-17,0,51.0,7,8
CS00258,C00258,654,2026-05-23,1,76.9,6,5
CS00259,C00259,621,2026-02-20,1,65.6,3,8
CS00260,C00260,563,2025-02-14,1,43.6,0,12
CS00261,C00261,719,2026-07-01,0,19.5,2,4
CS00262,C00262,620,2026-04-28,0,55.8,0,10
CS00263,C00263,700,2025-10-21,0,41.6,5,7
CS00264,C00264,688,2025-08-22,0,36.3,2,6
CS00265,C00265,614,2025-05-22,1,74.9,2,0
CS00266,C00266,732,2025-08-15,0,47.7,0,9
CS00267,C00267,699,2025-10-02,0,57.5,0,1
CS00268,C00268,632,2025-12-07,1,75.7,1,12
CS00269,C00269,554,2026-02-10,1,62.5,7,5
CS00270,C00270,718,2026-03-08,0,21.2,0,10
CS00271,C00271,767,2025-08-17,0,38.3,8,11
CS00272,C00272,743,2025-10-07,0,39.9,2,9
CS00273,C00273,635,2025-11-27,0,44.7,7,12
CS00274,C00274,621,2026-05-04,1,57.9,5,3
CS00275,C00275,706,2025-06-22,0,50.5,2,11
CS00276,C00276,799,2025-11-05,0,41.8,6,5
CS00277,C00277,824,2025-05-27,0,32.5,0,11
CS00278,C00278,689,2025-02-26,0,49.3,6,1
CS00279,C00279,764,2025-11-05,0,48.0,3,11
CS00280,C00280,749,2025-11-29,0,59.0,0,11
CS00281,C00281,731,2025-09-12,0,52.7,2,11
CS00282,C00282,764,2025-03-04,0,15.6,5,12
CS00283,C00283,811,2025-08-19,0,23.9,3,10
CS00284,C00284,643,2026-08-12,0,67.1,5,3
CS00285,C00285,674,2025-07-07,0,42.0,2,8
CS00286,C00286,586,2026-04-26,0,60.5,7,3
CS00287,C00287,688,2026-06-08,1,45.4,0,7
CS00288,C00288,723,2025-08-27,0,48.4,3,0
CS00289,C00289,700,2025-11-14,0,44.1,4,12
CS00290,C00290,737,2026-05-03,0,33.5,8,5
CS00291,C00291,737,2025-06-11,1,47.3,0,5
CS00292,C00292,717,2025-03-16,0,40.5,2,5
CS00293,C00293,693,2025-04-02,0,23.8,8,7
CS00294,C00294,746,2025-02-25,0,1,4,10
CS00295,C00295,709,2025-06-05,0,50.0,4,5
CS00296,C00296,776,2026-02-07,0,41.8,2,5
CS00297,C00297,755,2025-05-15,0,25.7,0,7
CS00298,C00298,751,2026-06-14,0,38.6,3,11
CS00299,C00299,748,2025-01-22,0,17.7,4,9
CS00300,C00300,782,2025-09-18,2,14.7,7,1
CS00301,C00301,647,2025-11-18,1,37.4,6,6
CS00302,C00302,832,2025-08-25,0,54.2,2,4
CS00303,C00303,679,2026-03-17,0,48.5,1,10
CS00304,C00304,744,2026-07-04,0,3.3,6,3
CS00305,C00305,689,2025-01-01,0,1,5,0
CS00306,C00306,722,2025-10-24,0,47.9,8,10
CS00307,C00307,606,2026-03-07,1,48.5,1,4
CS00308,C00308,650,2025-07-14,0,9.6,6,0
CS00309,C00309,754,2026-08-31,0,40.3,4,12
CS00310,C00310,706,2026-03-04,0,1,3,9
CS00311,C00311,791,2026-06-22,1,26.8,3,0
CS00312,C00312,685,2025-10-15,0,1,1,6
CS00313,C00313,759,2025-04-27,0,17.1,8,11
CS00314,C00314,751,2025-12-27,1,52.5,5,6
CS00315,C00315,713,2025-12-25,0,16.6,6,5
CS00316,C00316,628,2026-02-14,1,42.7,2,6
CS00317,C00317,599,2025-01-13,1,54.6,7,2
CS00318,C00318,683,2025-01-02,0,1,1,10
CS00319,C00319,622,2026-04-04,0,71.7,3,5
CS00320,C00320,734,2026-03-07,0,54.7,3,11
CS00321,C00321,661,2026-07-01,0,40.4,7,8
CS00322,C00322,800,2026-08-22,0,18.1,1,10
CS00323,C00323,684,2026-07-16,2,40.7,1,4
CS00324,C00324,766,2026-02-01,0,37.8,6,6
CS00325,C00325,599,2026-04-06,0,39.8,5,12
CS00326,C00326,793,2026-05-19,0,30.3,4,5
CS00327,C00327,632,2026-01-10,1,70.3,4,3
CS00328,C00328,643,2025-04-02,0,64.0,7,3
CS00329,C00329,649,2025-02-03,0,79.6,5,6
CS00330,C00330,758,2025-12-06,0,22.5,7,11
CS00331,C00331,575,2025-01-19,1,61.4,7,11
CS00332,C00332,670,2026-07-25,0,37.9,2,6
CS00333,C00333,727,2026-05-08,0,33.7,1,2
CS00334,C00334,693,2025-09-26,0,26.5,5,4
CS00335,C00335,672,2025-03-01,0,50.1,0,8
CS00336,C00336,685,2025-02-07,0,14.4,8,3
CS00337,C00337,622,2026-04-15,0,66.8,2,4
CS00338,C00338,792,2026-01-22,0,42.2,3,12
CS00339,C00339,696,2026-06-23,0,40.1,0,0
CS00340,C00340,784,2026-08-18,0,41.1,2,9
CS00341,C00341,655,2025-01-19,2,1,4,1
CS00342,C00342,716,2026-03-25,1,33.8,6,5
CS00343,C00343,767,2026-02-01,0,49.4,3,5
CS00344,C00344,759,2025-04-13,0,30.6,2,2
CS00345,C00345,641,2025-12-02,1,60.9,2,2
CS00346,C00346,662,2025-09-13,0,38.0,4,0
CS00347,C00347,627,2026-04-08,1,94.6,1,2
CS00348,C00348,525,2026-01-04,1,73.2,0,4
CS00349,C00349,744,2025-06-19,0,38.0,0,5
CS00350,C00350,605,2025-03-13,0,75.0,8,12
CS00351,C00351,980,2026-08-17,0,50.4,4,12
CS00352,C00352,749,2025-10-10,0,37.2,8,6
CS00353,C00353,710,2025-12-01,0,46.4,5,8
CS00354,C00354,763,2025-10-16,0,44.9,2,2
CS00355,C00355,705,2026-07-23,0,48.2,6,3
CS00356,C00356,751,2025-03-14,0,55.0,7,1
CS00357,C00357,692,2025-03-17,0,54.1,8,0
CS00358,C00358,584,2025-06-06,0,77.0,1,4
CS00359,C00359,717,2025-09-12,0,26.1,6,1
CS00360,C00360,626,2025-01-26,0,99,1,8
CS00361,C00361,590,2025-04-15,0,77.8,2,11
CS00362,C00362,573,2025-11-19,1,50.6,2,4
CS00363,C00363,703,2026-07-20,0,29.0,1,0
CS00364,C00364,665,2025-08-14,0,49.6,3,12
CS00365,C00365,714,2026-07-30,0,24.6,5,1
CS00366,C00366,638,2025-08-26,1,86.3,7,9
CS00367,C00367,649,2026-04-07,0,81.5,0,9
CS00368,C00368,740,2025-10-09,0,3.5,6,7
CS00369,C00369,778,2026-05-31,0,23.0,0,3
CS00370,C00370,709,2025-04-18,0,67.6,6,4
CS00371,C00371,666,2025-06-06,0,9.4,7,9
CS00372,C00372,721,2025-10-03,0,15.8,4,0
CS00373,C00373,708,2026-04-06,1,32.6,8,7
CS00374,C00374,784,2025-01-04,0,27.1,1,11
CS00375,C00375,727,2025-10-23,1,63.1,6,4
CS00376,C00376,754,2025-03-14,1,35.5,3,2
CS00377,C00377,592,2025-12-26,1,65.7,8,0
CS00378,C00378,721,2025-12-23,0,38.0,3,1
CS00379,C00379,680,2025-01-28,0,59.4,5,4
CS00380,C00380,710,2026-02-21,0,24.5,3,6
CS00381,C00381,846,2025-01-22,0,53.0,8,6
CS00382,C00382,746,2026-04-21,0,13.5,6,12
CS00383,C00383,627,2026-06-16,0,46.9,8,1
CS00384,C00384,641,2026-04-24,2,67.0,6,12
CS00385,C00385,862,2026-04-12,1,35.5,1,7
CS00386,C00386,672,2026-05-13,1,25.5,3,10
CS00387,C00387,586,2025-11-14,1,38.0,0,7
CS00388,C00388,616,2026-06-25,2,90.2,1,7
CS00389,C00389,773,2026-03-10,1,62.9,4,9
CS00390,C00390,492,2025-01-25,1,72.0,4,4
CS00391,C00391,860,2026-01-01,1,22.8,7,4
CS00392,C00392,796,2025-08-21,0,61.5,8,4
CS00393,C00393,631,2025-12-17,0,57.5,1,7
CS00394,C00394,719,2025-01-28,0,8.6,5,3
CS00395,C00395,802,2025-02-26,0,24.6,2,6
CS00396,C00396,778,2026-02-18,0,33.4,6,11
CS00397,C00397,779,2026-05-05,1,23.1,1,7
CS00398,C00398,619,2025-08-10,2,56.3,6,11
CS00399,C00399,747,2026-05-23,0,32.9,3,12
CS00400,C00400,664,2026-07-28,0,3.8,6,5
CS00401,C00401,754,2025-06-07,0,52.6,6,8
CS00402,C00402,607,2026-04-10,0,53.0,1,3
CS00403,C00403,694,2025-05-08,0,51.3,6,7
CS00404,C00404,638,2025-02-04,0,72.3,8,10
CS00405,C00405,819,2025-11-24,1,25.9,1,6
CS00406,C00406,687,2025-05-20,0,50.3,8,9
CS00407,C00407,738,2025-09-27,1,20.7,8,11
CS00408,C00408,734,2026-04-04,2,39.2,5,5
CS00409,C00409,555,2025-08-25,1,54.2,2,7
CS00410,C00410,661,2025-04-12,0,1,6,11
CS00411,C00411,642,2025-11-26,0,88.9,0,5
CS00412,C00412,779,2025-01-25,0,27.3,0,0
CS00413,C00413,722,2025-04-24,0,20.1,1,5
CS00414,C00414,582,2026-03-11,1,68.1,7,3
CS00415,C00415,576,2026-06-11,0,99,3,0
CS00416,C00416,768,2025-02-18,0,14.7,2,10
CS00417,C00417,691,2025-11-07,0,26.2,0,12
CS00418,C00418,632,2026-07-29,1,48.6,3,10
CS00419,C00419,703,2025-09-28,0,23.8,7,10
CS00420,C00420,623,2026-04-23,1,60.7,6,5
CS00421,C00421,816,2025-03-13,0,27.6,1,12
CS00422,C00422,673,2026-06-28,0,24.2,0,6
CS00423,C00423,695,2026-02-12,0,39.0,6,1
CS00424,C00424,647,2025-08-17,1,55.8,6,4
CS00425,C00425,694,2026-03-23,0,20.3,3,5
CS00426,C00426,657,2026-08-29,1,49.1,6,4
CS00427,C00427,734,2025-08-19,0,40.3,3,10
CS00428,C00428,586,2025-07-03,1,63.6,8,2
CS00429,C00429,754,2026-02-16,0,48.4,2,6
CS00430,C00430,543,2025-09-04,0,68.4,5,2
CS00431,C00431,740,2026-03-01,0,36.0,8,4
CS00432,C00432,635,2025-09-12,1,36.7,6,12
CS00433,C00433,667,2026-06-04,0,71.5,1,1
CS00434,C00434,842,2025-11-13,0,22.5,0,6
CS00435,C00435,695,2026-06-17,1,57.9,7,1
CS00436,C00436,693,2025-12-08,0,50.2,0,12
CS00437,C00437,646,2025-06-20,0,69.1,0,2
CS00438,C00438,602,2025-12-31,0,52.2,0,11
CS00439,C00439,658,2025-08-30,0,26.2,2,11
CS00440,C00440,685,2026-02-11,0,37.3,2,3
CS00441,C00441,738,2026-07-03,0,38.2,5,5
CS00442,C00442,640,2026-08-27,0,56.4,3,11
CS00443,C00443,540,2026-08-08,1,76.4,7,9
CS00444,C00444,835,2025-11-20,0,28.3,2,4
CS00445,C00445,679,2025-03-29,0,53.4,3,6
CS00446,C00446,724,2026-04-12,1,37.1,6,2
CS00447,C00447,761,2026-04-20,0,40.5,2,5
CS00448,C00448,664,2026-07-23,0,68.9,3,3
CS00449,C00449,695,2025-02-13,0,6.0,0,11
CS00450,C00450,817,2026-06-05,0,12.5,2,10
CS00451,C00451,689,2025-05-23,1,22.2,2,12
CS00452,C00452,691,2025-04-24,1,40.0,8,8
CS00453,C00453,703,2026-03-28,0,37.4,5,12
CS00454,C00454,757,2025-10-25,0,32.2,0,7
CS00455,C00455,702,2026-04-05,0,47.8,2,8
CS00456,C00456,608,2026-04-27,0,91.9,6,10
CS00457,C00457,662,2026-03-17,0,35.9,6,5
CS00458,C00458,644,2025-03-09,1,89.3,5,5
CS00459,C00459,647,2025-01-20,2,82.0,1,0
CS00460,C00460,740,2026-06-10,0,45.1,8,12
CS00461,C00461,677,2026-03-16,0,43.8,0,0
CS00462,C00462,654,2025-08-03,0,64.4,2,2
CS00463,C00463,688,2026-06-26,0,38.4,3,10
CS00464,C00464,805,2025-10-06,0,1.4,4,3
CS00465,C00465,746,2025-07-29,0,1,2,8
CS00466,C00466,599,2025-01-31,1,58.4,6,11
CS00467,C00467,665,2026-03-13,0,8.9,7,11
CS00468,C00468,594,2025-11-09,1,65.7,0,4
CS00469,C00469,582,2025-03-07,2,81.7,6,6
CS00470,C00470,690,2025-09-28,0,34.2,8,4
CS00471,C00471,650,2026-07-20,1,50.8,1,7
CS00472,C00472,714,2026-02-21,0,57.6,6,11
CS00473,C00473,705,2025-05-13,0,32.4,0,5
CS00474,C00474,729,2025-01-19,0,1,6,9
CS00475,C00475,582,2025-04-12,0,61.3,1,5
CS00476,C00476,567,2025-06-16,0,48.2,3,11
CS00477,C00477,752,2026-07-20,1,49.6,8,3
CS00478,C00478,662,2026-04-12,0,14.5,3,5
CS00479,C00479,817,2025-11-10,0,16.7,5,11
CS00480,C00480,684,2025-07-23,0,31.8,1,1
CS00481,C00481,746,2025-06-12,0,41.5,6,2
CS00482,C00482,637,2026-04-20,0,72.6,8,2
CS00483,C00483,643,2026-04-01,1,61.1,3,0
CS00484,C00484,793,2025-09-18,0,25.8,8,12
CS00485,C00485,596,2026-08-31,0,31.3,6,1
CS00486,C00486,717,2025-11-13,0,26.5,3,5
CS00487,C00487,748,2025-10-30,0,25.9,2,0
CS00488,C00488,637,2025-11-30,0,48.3,6,7
CS00489,C00489,662,2025-04-01,1,44.1,7,9
CS00490,C00490,711,2026-07-16,0,62.9,5,7
CS00491,C00491,646,2025-09-14,1,48.5,1,1
CS00492,C00492,816,2026-02-03,1,35.1,5,8
CS00493,C00493,560,2025-02-09,0,67.6,5,10
CS00494,C00494,660,2025-06-21,0,63.3,3,6
CS00495,C00495,668,2026-01-20,0,72.1,3,4
CS00496,C00496,738,2026-04-15,0,47.3,2,10
CS00497,C00497,597,2026-06-13,0,40.4,0,10
CS00498,C00498,644,2026-05-23,0,99,1,11
CS00499,C00499,688,2026-05-06,1,3.4,2,7
CS00500,C00500,635,2025-04-18,0,34.2,6,0
CS00501,C00501,804,2025-08-14,0,41.5,8,8
CS00502,C00502,802,2025-12-28,0,28.2,5,11
CS00503,C00503,575,2026-06-09,0,44.2,8,12
CS00504,C00504,749,2025-09-22,0,1,7,6
CS00505,C00505,689,2026-08-06,0,36.6,3,7
CS00506,C00506,680,2026-08-25,0,58.2,4,12
CS00507,C00507,674,2025-09-16,1,45.6,1,0
CS00508,C00508,649,2026-04-08,0,87.4,2,11
CS00509,C00509,638,2025-12-18,1,62.2,7,5
CS00510,C00510,727,2026-08-05,0,46.4,4,3
CS00511,C00511,634,2026-06-12,1,71.3,5,10
CS00512,C00512,774,2026-08-05,0,15.0,6,5
CS00513,C00513,630,2026-06-04,0,66.6,7,5
CS00514,C00514,549,2026-03-03,0,37.2,1,6
CS00515,C00515,646,2025-08-12,1,92.0,7,11
CS00516,C00516,683,2025-08-04,1,41.8,1,12
CS00517,C00517,662,2026-02-02,0,68.7,3,5
CS00518,C00518,778,2025-01-27,0,34.0,8,8
CS00519,C00519,712,2025-06-02,1,45.4,8,5
CS00520,C00520,783,2025-10-17,1,38.3,6,9
CS00521,C00521,637,2026-07-22,0,49.7,2,3
CS00522,C00522,880,2025-03-31,0,1,6,5
CS00523,C00523,725,2025-11-18,1,25.3,1,4
CS00524,C00524,589,2026-04-07,1,85.1,0,3
CS00525,C00525,707,2025-10-02,0,27.9,6,12
CS00526,C00526,708,2025-12-04,1,19.3,5,5
CS00527,C00527,630,2025-02-12,1,73.7,0,6
CS00528,C00528,655,2025-04-27,0,36.3,6,4
CS00529,C00529,698,2026-01-05,2,5.3,6,1
CS00530,C00530,645,2025-06-13,1,79.5,1,10
CS00531,C00531,746,2025-01-15,1,43.8,7,11
CS00532,C00532,631,2026-02-19,1,71.3,2,8
CS00533,C00533,622,2025-01-28,0,55.0,6,8
CS00534,C00534,742,2025-12-28,0,36.7,4,5
CS00535,C00535,595,2025-12-15,2,59.9,6,3
CS00536,C00536,671,2025-12-07,0,44.2,7,12
CS00537,C00537,560,2025-11-16,0,76.1,2,7
CS00538,C00538,661,2026-02-24,0,25.9,0,4
CS00539,C00539,649,2025-01-30,0,37.5,3,6
CS00540,C00540,670,2026-08-03,0,53.5,2,6
CS00541,C00541,756,2025-07-08,0,45.8,0,9
CS00542,C00542,669,2026-03-31,0,46.6,0,6
CS00543,C00543,802,2025-02-08,1,1,7,0
CS00544,C00544,758,2025-03-10,1,27.6,2,0
CS00545,C00545,779,2025-08-02,0,34.6,7,6
CS00546,C00546,786,2026-05-03,1,10.5,6,2
CS00547,C00547,692,2025-07-18,0,23.2,3,9
CS00548,C00548,581,2025-03-16,0,54.5,6,12
CS00549,C00549,669,2025-01-03,0,42.5,7,1
CS00550,C00550,641,2025-06-13,1,81.6,0,8
CS00551,C00551,721,2025-08-27,0,23.8,4,2
CS00552,C00552,623,2026-04-10,1,49.6,8,5
CS00553,C00553,599,2026-04-01,1,74.3,2,0
CS00554,C00554,543,2026-02-14,1,74.9,8,11
CS00555,C00555,687,2025-03-23,0,45.8,8,0
CS00556,C00556,683,2025-10-26,0,63.0,5,8
CS00557,C00557,657,2025-10-05,0,32.1,6,11
CS00558,C00558,692,2025-01-20,0,5.1,4,7
CS00559,C00559,750,2025-12-17,1,43.9,7,8
CS00560,C00560,764,2026-04-22,0,15.9,8,8
CS00561,C00561,687,2025-10-07,1,17.2,7,12
CS00562,C00562,743,2025-02-24,0,34.7,8,8
CS00563,C00563,556,2025-06-06,0,55.0,8,0
CS00564,C00564,718,2025-05-20,0,30.7,6,10
CS00565,C00565,671,2026-01-22,0,34.1,0,5
CS00566,C00566,761,2025-07-20,0,29.7,8,6
CS00567,C00567,748,2026-02-12,0,32.5,3,1
CS00568,C00568,673,2026-02-16,0,83.4,5,10
CS00569,C00569,761,2026-06-21,0,38.3,2,12
CS00570,C00570,734,2025-09-26,1,55.3,3,5
CS00571,C00571,667,2026-02-13,0,37.0,1,9
CS00572,C00572,652,2026-07-24,0,14.2,8,7
CS00573,C00573,846,2026-04-28,0,56.6,6,7
CS00574,C00574,691,2025-04-16,0,38.8,7,10
CS00575,C00575,819,2026-04-28,1,37.9,3,3
CS00576,C00576,661,2026-03-11,1,31.3,7,9
CS00577,C00577,626,2025-10-28,1,42.2,5,1
CS00578,C00578,743,2025-04-04,1,42.4,0,0
CS00579,C00579,683,2025-04-19,0,5.6,0,11
CS00580,C00580,700,2025-06-30,0,35.4,5,10
CS00581,C00581,681,2025-08-24,1,27.8,0,1
CS00582,C00582,596,2025-01-13,1,64.3,7,5
CS00583,C00583,784,2026-04-30,0,32.6,5,10
CS00584,C00584,768,2025-08-24,0,21.1,7,11
CS00585,C00585,634,2025-06-21,2,54.9,4,10
CS00586,C00586,743,2025-06-19,0,37.6,4,1
CS00587,C00587,643,2026-03-28,2,53.9,5,1
CS00588,C00588,844,2025-07-12,0,77.3,3,7
CS00589,C00589,713,2026-02-09,0,33.4,7,6
CS00590,C00590,559,2026-07-01,1,82.9,6,12
CS00591,C00591,825,2025-11-24,0,18.0,7,4
CS00592,C00592,812,2025-02-17,0,14.2,6,8
CS00593,C00593,631,2026-08-26,0,48.5,3,12
CS00594,C00594,643,2025-12-12,0,64.8,0,10
CS00595,C00595,655,2025-12-05,0,59.6,8,6
CS00596,C00596,696,2025-08-03,0,50.9,3,5
CS00597,C00597,730,2026-08-29,0,65.0,1,11
CS00598,C00598,795,2025-02-28,1,23.5,1,8
CS00599,C00599,700,2026-06-08,1,14.4,5,9
CS00600,C00600,622,2025-08-16,1,58.5,5,9
CS00601,C00601,614,2025-08-03,1,90.0,3,10
CS00602,C00602,726,2025-10-09,0,2.1,0,12
CS00603,C00603,753,2026-03-05,0,33.5,7,10
CS00604,C00604,751,2025-05-18,1,36.9,4,8
CS00605,C00605,752,2026-06-14,0,63.2,8,1
CS00606,C00606,573,2025-05-25,2,58.0,4,7
CS00607,C00607,735,2026-07-07,0,32.1,0,4
CS00608,C00608,742,2025-06-28,0,13.8,1,7
CS00609,C00609,659,2026-05-01,0,71.9,1,4
CS00610,C00610,697,2026-03-17,0,40.4,5,8
CS00611,C00611,744,2025-05-28,0,7.3,6,7
CS00612,C00612,629,2026-03-15,0,50.5,7,9
CS00613,C00613,767,2026-04-27,0,27.9,8,4
CS00614,C00614,757,2026-04-08,0,1,3,4
CS00615,C00615,844,2025-05-20,0,30.8,3,6
CS00616,C00616,630,2025-01-04,0,22.0,6,2
CS00617,C00617,678,2025-03-07,0,58.7,4,6
CS00618,C00618,682,2025-09-13,0,34.6,2,4
CS00619,C00619,758,2025-10-29,0,21.7,5,6
CS00620,C00620,704,2025-05-02,0,31.7,5,6
CS00621,C99998,617,2025-05-16,0,61.0,0,12
CS00622,C00622,640,2026-04-22,1,68.3,4,8
CS00623,C00623,770,2025-08-26,0,38.9,2,7
CS00624,C00624,734,2025-11-03,0,40.9,7,10
CS00625,C00625,756,2026-05-19,1,52.0,2,4
CS00626,C00626,715,2025-11-02,0,44.9,6,3
CS00627,C00627,762,2025-04-18,0,39.9,8,11
CS00628,C00628,713,2025-01-15,0,36.9,8,7
CS00629,C00629,560,2026-02-09,0,51.4,4,5
CS00630,C00630,720,2026-06-07,0,50.9,3,5
CS00631,C00631,606,2025-10-31,1,99,2,10
CS00632,C00632,774,2026-07-19,0,24.8,2,1
CS00633,C00633,829,2026-06-20,0,30.1,0,5
CS00634,C00634,616,2025-10-07,0,90.9,8,12
CS00635,C00635,674,2025-06-10,1,69.5,4,7
CS00636,C00636,688,2025-02-06,0,39.8,1,10
CS00637,C00637,728,2026-07-08,1,1,1,12
CS00638,C00638,629,2025-06-21,1,75.3,0,3
CS00639,C00639,798,2026-06-20,0,21.2,7,11
CS00640,C00640,716,2026-05-08,0,32.3,8,11
CS00641,C00641,663,2026-04-28,0,47.4,6,0
CS00642,C00642,742,2025-09-07,0,52.3,7,7
CS00643,C00643,556,2026-03-25,0,99,0,6
CS00644,C00644,659,2025-07-06,0,23.8,3,4
CS00645,C00645,664,2026-01-13,0,18.7,6,2
CS00646,C00646,714,2025-07-17,0,32.3,7,7
CS00647,C00647,612,2025-02-27,0,64.6,8,5
CS00648,C00648,726,2026-08-22,0,36.2,2,12
CS00649,C00649,590,2025-05-10,1,72.9,7,0
CS00650,C00650,735,2025-11-16,0,4.3,0,12
CS00651,C00651,685,2025-12-17,0,14.4,8,9
CS00652,C00652,812,2025-08-17,1,31.2,7,10
CS00653,C00653,743,2026-03-02,0,12.2,1,5
CS00654,C00654,713,2026-08-21,0,50.0,4,6
CS00655,C00655,739,2026-06-25,0,10.5,5,6
CS00656,C00656,763,2025-01-11,0,79.7,8,10
CS00657,C00657,735,2026-03-18,0,22.0,2,11
CS00658,C00658,692,2025-07-02,0,30.2,2,4
CS00659,C00659,626,2026-07-02,0,38.1,0,0
CS00660,C00660,702,2026-03-10,0,26.6,4,5
CS00661,C00661,607,2025-10-13,0,83.2,0,7
CS00662,C00662,669,2026-02-27,1,38.4,5,3
CS00663,C00663,713,2025-02-18,0,41.9,8,0
CS00664,C00664,861,2025-05-01,0,78.3,7,1
CS00665,C00665,729,2026-07-12,0,37.8,8,9
CS00666,C00666,762,2025-02-24,0,69.0,1,0
CS00667,C00667,687,2025-04-30,0,26.6,7,4
CS00668,C00668,714,2025-07-22,0,52.7,2,10
CS00669,C00669,655,2026-06-08,0,35.7,5,6
CS00670,C00670,679,2026-01-10,0,18.4,5,7
CS00671,C00671,649,2025-10-30,0,52.3,5,9
CS00672,C00672,754,2026-08-07,0,47.5,5,5
CS00673,C00673,729,2026-02-01,0,53.9,1,7
CS00674,C00674,760,2025-04-28,0,51.3,4,1
CS00675,C00675,622,2025-06-14,0,61.5,5,2
CS00676,C00676,653,2025-03-05,1,21.5,8,10
CS00677,C00677,726,2025-03-18,0,22.7,1,9
CS00678,C00678,745,2025-07-09,1,53.7,5,7
CS00679,C00679,666,2025-06-02,0,46.3,2,7
CS00680,C00680,697,2026-01-30,0,1,7,3
CS00681,C00681,794,2026-07-15,0,62.9,3,11
CS00682,C00682,824,2026-01-07,0,22.8,1,12
CS00683,C00683,793,2025-10-20,2,63.0,3,12
CS00684,C00684,690,2026-03-23,0,60.7,0,9
CS00685,C00685,683,2025-04-01,0,52.1,5,11
CS00686,C00686,559,2025-06-18,0,83.6,0,11
CS00687,C00687,840,2026-05-05,0,24.3,2,12
CS00688,C00688,661,2025-08-31,0,26.0,6,0
CS00689,C00689,809,2025-03-31,1,65.1,3,12
CS00690,C00690,659,2025-11-06,0,5.9,3,4
CS00691,C00691,750,2026-04-30,0,46.4,6,11
CS00692,C00692,715,2025-06-30,0,23.1,6,1
CS00693,C00693,701,2025-05-12,0,41.7,0,12
CS00694,C00694,716,2025-06-19,0,9.6,3,8
CS00695,C00695,731,2025-04-05,0,26.1,8,0
CS00696,C00696,826,2025-06-16,0,5.2,0,8
CS00697,C00697,599,2025-03-13,0,41.1,4,12
CS00698,C00698,659,2026-01-05,0,42.5,1,10
CS00699,C00699,614,2026-06-10,0,80.2,3,5
CS00700,C00700,791,2026-02-06,1,28.5,3,1
CS00701,C00701,656,2026-03-18,0,53.5,7,0
CS00702,C00702,623,2025-11-04,2,60.3,1,7
CS00703,C00703,800,2025-08-11,1,20.9,1,9
CS00704,C00704,541,2025-04-28,2,44.3,7,4
CS00705,C00705,809,2025-01-31,0,57.0,2,0
CS00706,C00706,770,2025-09-12,0,66.9,5,6
CS00707,C00707,763,2025-09-20,0,51.1,6,5
CS00708,C00708,637,2025-03-01,1,46.3,5,12
CS00709,C00709,668,2026-04-16,0,39.1,6,12
CS00710,C00710,703,2025-08-02,0,37.8,3,10
CS00711,C00711,607,2025-03-20,1,99,0,5
CS00712,C00712,801,2026-03-27,2,28.0,3,12
CS00713,C00713,742,2025-07-30,0,51.9,7,0
CS00714,C00714,711,2025-01-14,0,55.3,6,9
CS00715,C00715,805,2026-02-11,0,29.7,2,12
CS00716,C00716,663,2025-09-11,0,54.6,0,7
CS00717,C00717,802,2026-06-20,1,48.1,7,1
CS00718,C00718,574,2025-10-08,0,45.9,3,3
CS00719,C00719,730,2025-02-01,0,40.6,8,12
CS00720,C00720,630,2026-05-18,0,99,8,11
CS00721,C00721,648,2025-06-25,0,65.7,0,9
CS00722,C00722,752,2026-05-20,0,55.2,5,8
CS00723,C00723,725,2026-01-18,0,19.5,4,5
CS00724,C00724,659,2025-11-20,0,34.9,1,9
CS00725,C00725,803,2025-08-08,0,54.1,2,12
CS00726,C00726,641,2025-08-29,0,74.8,3,8
CS00727,C00727,677,2026-07-31,0,41.4,3,8
CS00728,C00728,640,2025-01-18,2,70.6,6,4
CS00729,C00729,615,2026-02-28,1,36.6,8,6
CS00730,C00730,755,2026-05-07,0,30.1,6,3
CS00731,C00731,663,2025-02-09,0,28.1,5,5
CS00732,C00732,775,2025-06-22,0,25.6,0,1
CS00733,C00733,694,2025-01-05,1,26.3,4,4
CS00734,C00734,674,2025-03-23,0,43.2,1,11
CS00735,C00735,663,2026-01-24,0,40.4,8,6
CS00736,C00736,667,2025-05-02,0,45.6,0,3
CS00737,C00737,720,2026-06-13,0,20.8,0,12
CS00738,C00738,655,2025-12-07,0,58.7,4,6
CS00739,C00739,863,2025-06-29,0,33.9,3,6
CS00740,C00740,601,2026-06-03,1,24.0,3,7
CS00741,C00741,503,2025-01-28,1,76.7,4,10
CS00742,C00742,827,2025-11-19,0,51.0,5,10
CS00743,C00743,625,2025-01-10,1,65.3,1,1
CS00744,C00744,703,2026-02-28,0,27.3,7,12
CS00745,C00745,713,2026-06-20,0,17.9,4,10
CS00746,C00746,744,2025-05-09,0,10.7,7,11
CS00747,C00747,714,2026-06-28,0,37.0,0,9
CS00748,C00748,743,2025-11-29,0,13.3,0,12
CS00749,C00749,631,2026-08-11,0,88.5,5,0
CS00750,C00750,734,2026-07-11,0,42.6,4,12
CS00751,C00751,698,2025-10-09,0,45.2,8,4
CS00752,C00752,596,2025-07-13,2,31.9,7,0
CS00753,C00753,768,2026-05-14,0,49.5,5,11
CS00754,C00754,665,2025-05-08,0,45.7,5,4
CS00755,C00755,660,2026-03-15,1,21.7,1,11
CS00756,C00756,659,2026-05-03,0,11.7,5,6
CS00757,C00757,729,2026-05-28,0,37.8,6,11
CS00758,C00758,702,2025-03-10,0,19.3,4,4
CS00759,C00759,579,2025-10-19,1,59.9,2,3
CS00760,C00760,636,2025-11-17,0,35.6,3,8
CS00761,C00761,687,2025-10-13,0,53.2,7,11
CS00762,C00762,644,2025-04-04,0,39.8,0,0
CS00763,C00763,693,2026-07-24,0,43.2,4,10
CS00764,C00764,684,2025-12-12,0,49.1,3,0
CS00765,C00765,781,2026-08-03,0,30.3,4,2
CS00766,C00766,739,2025-09-09,0,50.4,2,12
CS00767,C00767,896,2026-07-09,0,38.7,2,10
CS00768,C00768,732,2026-07-02,0,8.5,6,10
CS00769,C00769,464,2025-05-08,1,62.0,2,6
CS00770,C00770,675,2025-11-30,0,52.7,7,1
CS00771,C00771,723,2026-07-28,0,54.9,1,8
CS00772,C00772,779,2026-04-25,1,28.3,8,12
CS00773,C00773,678,2025-01-03,0,11.5,1,6
CS00774,C00774,687,2025-05-03,1,54.3,4,4
CS00775,C00775,609,2025-04-16,1,99,3,0
CS00776,C00776,681,2026-08-14,0,43.5,2,11
CS00777,C00777,737,2026-05-17,0,41.7,8,8
CS00778,C00778,807,2025-12-11,0,32.8,7,11
CS00779,C00779,595,2026-07-27,0,43.1,7,7
CS00780,C00780,523,2025-01-05,1,73.0,1,10
CS00781,C00781,717,2025-12-09,0,44.6,8,0
CS00782,C00782,659,2026-07-18,1,29.1,6,7
CS00783,C00783,609,2026-02-23,0,55.6,0,2
CS00784,C00784,621,2026-07-09,0,81.8,3,8
CS00785,C00785,823,2026-01-05,0,17.1,6,12
CS00786,C00786,704,2026-06-27,0,41.4,0,0
CS00787,C00787,774,2026-04-29,2,65.2,0,7
CS00788,C00788,693,2025-02-17,0,15.7,0,8
CS00789,C00789,619,2026-03-03,0,89.6,6,12
CS00790,C00790,628,2026-08-17,1,69.9,0,9
CS00791,C00791,837,2025-08-29,0,32.9,2,10
CS00792,C00792,741,2026-03-22,0,35.8,7,6
CS00793,C00793,731,2026-02-24,0,14.7,4,10
CS00794,C00794,810,2025-10-03,0,18.3,7,2
CS00795,C00795,620,2025-10-10,1,85.5,2,8
CS00796,C00796,754,2025-04-16,0,42.8,7,7
CS00797,C00797,678,2025-02-11,0,40.6,2,12
CS00798,C00798,744,2025-06-02,1,42.2,2,6
CS00799,C00799,536,2025-03-01,0,72.2,6,10
CS00800,C00800,810,2025-09-19,0,71.8,5,7
CS00801,C00801,697,2025-02-03,0,55.0,4,12
CS00802,C00802,684,2025-02-10,0,22.2,1,6
CS00803,C00803,642,2025-06-02,0,62.5,7,5
CS00804,C00804,753,2025-05-06,1,55.0,3,7
CS00805,C00805,721,2025-01-26,0,64.8,3,6
CS00806,C00806,745,2026-02-22,0,27.7,2,7
CS00807,C00807,642,2025-09-22,1,80.3,5,11
CS00808,C00808,765,2026-02-14,1,71.7,8,3
CS00809,C00809,543,2025-08-13,1,53.8,5,12
CS00810,C00810,678,2026-08-17,0,39.7,3,11
CS00811,C00811,559,2025-02-24,1,92.6,4,2
CS00812,C00812,707,2025-08-01,0,73.3,3,11
CS00813,C00813,630,2025-07-15,1,68.2,1,10
CS00814,C00814,811,2026-07-05,0,20.9,8,4
CS00815,C00815,612,2025-03-26,1,83.0,8,10
CS00816,C00816,769,2025-01-13,0,47.6,1,9
CS00817,C00817,584,2026-01-16,0,65.5,1,7
CS00818,C00818,577,2026-03-08,0,57.3,0,10
CS00819,C00819,646,2026-01-01,0,54.8,2,1
CS00820,C00820,800,2026-01-12,0,36.8,3,7
CS00821,C00821,653,2025-10-24,0,47.0,2,10
CS00822,C00822,693,2026-04-07,0,80.1,6,8
CS00823,C00823,634,2025-09-27,0,63.5,8,3
CS00824,C00824,648,2026-08-09,2,70.8,7,10
CS00825,C00825,638,2025-08-05,0,80.2,3,2
CS00826,C00826,720,2025-04-07,0,25.3,6,5
CS00827,C00827,723,2025-01-31,0,36.9,6,6
CS00828,C00828,723,2026-06-21,0,50.1,0,6
CS00829,C00829,673,2025-11-01,0,14.7,4,9
CS00830,C00830,684,2026-08-14,0,17.8,2,8
CS00831,C00831,589,2025-04-02,0,65.6,8,5
CS00832,C00832,691,2025-07-09,0,67.9,6,2
CS00833,C00833,770,2026-08-03,0,35.8,7,4
CS00834,C00834,629,2025-07-30,0,41.8,3,9
CS00835,C00835,633,2025-10-23,0,87.9,5,5
CS00836,C00836,688,2025-10-20,0,44.8,5,3
CS00837,C00837,718,2026-05-18,0,36.2,1,0
CS00838,C00838,726,2025-05-30,0,1,3,6
CS00839,C00839,660,2025-06-21,0,24.4,7,3
CS00840,C00840,752,2025-07-10,0,60.5,4,8
CS00841,C00841,599,2025-03-08,1,49.0,1,9
CS00842,C00842,713,2025-05-07,0,35.5,8,8
CS00843,C00843,590,2025-01-24,1,64.8,2,6
CS00844,C00844,651,2025-11-13,0,63.5,8,9
CS00845,C00845,692,2026-04-26,0,10.3,4,1
CS00846,C00846,678,2026-05-11,1,33.3,0,9
CS00847,C00847,699,2026-03-01,0,23.8,5,10
CS00848,C00848,844,2026-07-27,0,44.2,7,3
CS00849,C00849,676,2026-08-12,0,42.1,7,12
CS00850,C00850,632,2025-08-07,0,21.1,8,7
CS00851,C00851,702,2025-11-30,0,64.4,0,10
CS00852,C00852,819,2025-12-06,0,45.6,1,8
CS00853,C00853,729,2025-11-07,1,33.8,8,12
CS00854,C00854,606,2026-07-07,0,64.2,4,3
CS00855,C00855,733,2026-02-17,0,10.0,8,0
CS00856,C00856,684,2026-02-09,0,48.3,2,3
CS00857,C00857,828,2026-08-29,0,43.5,6,12
CS00858,C00858,627,2025-06-19,0,77.7,3,5
CS00859,C00859,679,2025-12-04,1,38.9,1,10
CS00860,C00860,737,2025-12-31,0,56.5,8,7
CS00861,C00861,767,2025-02-16,0,44.1,6,9
CS00862,C00862,823,2025-10-25,0,35.5,4,9
CS00863,C00863,708,2026-02-17,0,34.1,6,11
CS00864,C00864,746,2026-08-20,1,55.6,1,6
CS00865,C00865,733,2025-12-13,0,64.0,6,11
CS00866,C00866,714,2025-11-17,1,32.0,6,11
CS00867,C00867,524,2025-03-13,0,39.9,0,0
CS00868,C00868,575,2025-11-06,1,80.2,3,3
CS00869,C00869,686,2026-07-11,0,10.4,6,0
CS00870,C00870,748,2025-04-13,0,15.1,5,11
CS00871,C00871,860,2025-06-21,0,7.9,7,3
CS00872,C00872,625,2026-06-16,3,69.0,0,1
CS00873,C00873,711,2025-12-29,0,40.0,8,1
CS00874,C00874,659,2026-01-19,0,28.6,1,9
CS00875,C00875,679,2026-08-16,1,64.7,5,0
CS00876,C00876,798,2025-12-31,0,55.2,3,9
CS00877,C00877,626,2026-05-29,1,40.9,1,7
CS00878,C00878,743,2025-01-08,0,29.2,2,9
CS00879,C00879,751,2026-07-26,0,72.3,5,0
CS00880,C00880,599,2026-05-18,2,51.3,6,1
CS00881,C00881,738,2025-08-01,1,37.7,3,4
CS00882,C00882,653,2026-08-14,0,71.7,0,9
CS00883,C00883,805,2025-09-29,0,40.7,3,7
CS00884,C00884,740,2025-03-16,1,27.0,5,8
CS00885,C00885,620,2026-04-05,0,64.9,6,1
CS00886,C00886,690,2025-03-11,0,1,2,6
CS00887,C00887,712,2025-02-03,0,11.3,6,9
CS00888,C00888,581,2026-01-15,1,58.3,7,10
CS00889,C00889,728,2026-07-22,0,4.1,1,8
CS00890,C00890,743,2025-03-25,1,19.2,2,10
CS00891,C00891,649,2025-08-15,0,68.8,5,9
CS00892,C00892,776,2026-06-05,0,11.4,2,0
CS00893,C00893,646,2025-04-28,1,73.4,5,9
CS00894,C00894,561,2026-03-17,0,55.7,1,0
CS00895,C00895,769,2025-04-21,0,18.5,8,0
CS00896,C00896,651,2025-10-23,0,47.8,1,1
CS00897,C00897,707,2025-08-11,0,35.5,1,6
CS00898,C00898,701,2025-10-08,0,1,8,12
CS00899,C00899,739,2026-02-21,0,54.7,1,11
CS00900,C00900,566,2026-05-27,1,57.4,8,3
CS00901,C00901,673,2025-09-27,1,28.0,0,6
CS00902,C00902,840,2025-01-12,0,17.3,5,8
CS00903,C00903,828,2026-04-13,0,33.6,8,3
CS00904,C00904,757,2026-07-14,0,26.5,0,7
CS00905,C00905,698,2025-10-08,1,43.8,0,4
CS00906,C00906,712,2026-01-03,0,45.1,7,6
CS00907,C00907,754,2026-07-01,1,30.7,6,9
CS00908,C00908,755,2025-03-29,1,12.4,3,0
CS00909,C00909,822,2025-10-20,1,13.1,6,1
CS00910,C00910,695,2026-04-26,1,33.2,6,8
CS00911,C00911,619,2025-05-18,2,99,6,2
CS00912,C00912,689,2026-04-02,0,33.0,6,6
CS00913,C00913,756,2026-02-13,1,6.7,4,9
CS00914,C00914,739,2026-06-19,1,58.5,6,8
CS00915,C00915,605,2026-02-27,0,59.5,6,5
CS00916,C00916,690,2026-01-23,0,52.6,7,10
CS00917,C00917,685,2026-01-08,0,44.2,2,3
CS00918,C00918,603,2025-03-30,0,55.1,2,4
CS00919,C00919,709,2025-06-05,0,18.9,0,0
CS00920,C00920,786,2026-06-18,0,65.9,4,9
CS00921,C00921,677,2025-07-04,0,70.0,0,5
CS00922,C00922,792,2025-06-03,1,35.9,3,5
CS00923,C00923,705,2025-05-02,0,17.7,6,0
CS00924,C00924,677,2025-12-04,0,13.0,3,4
CS00925,C00925,666,2025-05-10,0,30.7,0,9
CS00926,C00926,589,2025-03-29,2,37.8,4,4
CS00927,C00927,741,2025-04-22,0,38.9,1,4
CS00928,C00928,632,2025-02-01,1,44.1,7,8
CS00929,C00929,711,2025-07-21,1,24.2,7,9
CS00930,C00930,602,2026-07-12,1,94.8,0,12
CS00931,C00931,777,2026-03-14,1,44.2,1,3
CS00932,C00932,668,2026-05-19,0,18.8,8,1
CS00933,C00933,585,2025-02-13,0,72.8,2,4
CS00934,C00934,606,2025-06-16,1,62.3,7,8
CS00935,C00935,725,2026-03-22,0,45.1,5,8
CS00936,C00936,591,2026-04-30,0,69.4,5,2
CS00937,C00937,579,2025-11-04,1,20.9,2,3
CS00938,C00938,682,2026-05-21,0,25.9,4,4
CS00939,C00939,680,2025-11-26,0,37.6,7,8
CS00940,C00940,731,2026-07-25,0,12.2,5,0
CS00941,C00941,739,2026-01-10,0,38.6,2,8
CS00942,C00942,840,2026-04-29,1,79.6,7,6
CS00943,C00943,650,2026-01-23,0,29.3,8,8
CS00944,C00944,624,2026-05-23,0,91.9,8,7
CS00945,C00945,788,2025-02-26,0,24.0,1,10
CS00946,C00946,641,2025-08-09,0,47.5,5,9
CS00947,C00947,720,2025-05-20,0,28.6,0,7
CS00948,C00948,717,2025-10-30,0,1,4,12
CS00949,C00949,730,2025-05-05,0,52.7,4,4
CS00950,C00950,718,2025-12-31,1,59.7,6,4
CS00951,C00951,642,2025-10-05,1,76.3,7,1
CS00952,C00952,678,2025-05-06,0,19.4,3,3
CS00953,C00953,794,2026-04-07,0,44.8,7,0
CS00954,C00954,747,2025-04-05,0,35.9,3,12
CS00955,C00955,652,2025-11-05,0,17.9,8,11
CS00956,C00956,644,2025-12-31,1,38.7,1,11
CS00957,C00957,613,2026-05-03,0,59.0,2,1
CS00958,C00958,682,2026-01-11,0,30.4,4,3
CS00959,C00959,500,2025-08-13,1,44.2,4,9
CS00960,C00960,675,2025-02-16,0,31.4,1,2
CS00961,C00961,779,2025-11-26,0,34.5,7,0
CS00962,C00962,703,2025-10-24,0,43.4,4,11
CS00963,C00963,788,2026-06-22,0,38.6,7,4
CS00964,C00964,750,2026-04-16,0,41.3,4,0
CS00965,C00965,647,2026-01-30,1,11.1,5,6
CS00966,C00966,824,2025-01-13,2,36.1,6,11
CS00967,C00967,790,2026-07-17,1,40.5,2,12
CS00968,C00968,685,2026-07-06,0,52.0,3,8
CS00969,C00969,527,2025-06-18,2,33.4,7,2
CS00970,C00970,714,2026-03-13,0,66.7,3,3
CS00971,C00971,785,2026-01-04,0,1,6,9
CS00972,C00972,508,2025-06-20,0,60.8,6,6
CS00973,C00973,648,2025-10-07,0,13.1,1,2
CS00974,C00974,645,2025-07-27,0,99,3,5
CS00975,C00975,579,2026-08-16,0,81.7,1,8
CS00976,C00976,643,2025-11-13,2,61.3,5,1
CS00977,C00977,717,2025-05-02,0,52.6,3,7
CS00978,C00978,705,2026-07-25,0,16.4,0,4
CS00979,C00979,584,2025-08-19,0,68.4,8,1
CS00980,C00980,676,2025-03-27,0,8.1,5,5
CS00981,C00981,671,2026-01-17,0,22.5,1,9
CS00982,C00982,670,2025-09-10,0,35.1,1,3
CS00983,C00983,700,2026-02-08,0,24.1,7,6
CS00984,C00984,756,2026-04-18,0,44.2,7,5
CS00985,C00985,633,2026-07-27,0,54.0,4,1
CS00986,C00986,700,2026-05-13,0,59.2,5,3
CS00987,C00987,726,2025-01-25,0,60.3,4,2
CS00988,C00988,666,2026-03-19,0,1,3,3
CS00989,C00989,682,2026-05-17,0,40.2,0,0
CS00990,C00990,651,2025-04-07,0,40.8,1,5
CS00991,C00991,632,2025-11-12,2,58.8,6,4
CS00992,C00992,798,2026-05-27,0,14.5,4,9
CS00993,C00993,673,2026-06-22,0,42.8,6,12
CS00994,C00994,676,2025-09-14,0,10.0,0,4
CS00995,C00995,787,2026-08-08,0,50.9,7,3
CS00996,C00996,661,2026-06-28,0,31.4,7,9
CS00997,C00997,755,2025-08-25,0,26.4,0,9
CS00998,C00998,727,2026-02-08,1,56.9,3,7
CS00999,C00999,720,2025-06-27,0,55.1,6,9
CS01000,C01000,726,2026-08-03,0,39.0,4,5
CS00051,C00051,583,2026-05-09,2,72.0,7,1
