loan_id,customer_id,branch_id,loan_type,loan_start_date,loan_amount,interest_rate_pct,term_months,emi_amount,outstanding_balance,loan_status,default_status,days_past_due
L00001,C00636,B025,Home,2022-09-16,189594.98,16.44,12,18397.03,157595.27,Active,No,18
L00002,C00481,B002,Education,2022-02-04,297903.3,13.76,12,28241.23,112612.87,Defaulted,Yes,72
L00003,C00107,B014,Education,2025-03-11,779953.63,14.58,36,31141.82,692301.19,Active,No,3
L00004,C00681,B024,Education,2023-11-30,970548.62,11.74,60,25671.01,236746.2,Active,No,10
L00005,C00865,B015,Education,2022-12-12,775837.01,13.71,12,73517.02,503713.9,Active,No,0
L00006,C00771,B004,Home,2024-10-02,920450.34,15.27,24,50064.83,403486.3,Active,No,2
L00007,C00662,B012,Home,2025-07-09,563407.17,17.12,84,14745.17,493049.81,Active,No,20
L00008,C00373,B023,Business,2023-11-20,82235.29,14.15,36,3254.0,35571.18,Active,No,19
L00009,C00371,B018,Personal,2023-01-19,866319.05,15.44,48,29194.95,0,Closed,No,6
L00010,C00937,B002,Education,2024-09-17,284761.41,19.44,84,8003.15,170399.11,Active,No,19
L00011,C00699,B016,Personal,2025-04-03,827588.28,16.55,84,21266.06,400470.08,Defaulted,Yes,36
L00012,C00455,B010,Education,2023-11-07,440184.61,14.87,36,17681.97,98949.88,Active,No,18
L00013,C00633,B019,Personal,2024-02-25,1549842.57,10.94,60,39960.11,0,Closed,No,7
L00014,C00201,B010,Business,2025-03-25,160093.78,15.01,60,4670.74,0,Closed,No,11
L00015,C00161,B025,Business,2026-04-11,119180.75,13.15,36,4616.6,26728.39,Active,No,11
L00016,C00787,B015,Personal,2022-04-10,260785.39,12.14,36,9882.32,182231.08,Active,No,7
L00017,C00898,B020,Personal,2025-04-18,352851.72,14.78,48,11697.03,53616.23,Defaulted,Yes,115
L00018,C00501,B002,Personal,2022-12-14,305201.18,12.81,60,8344.71,0,Closed,No,6
L00019,C00479,B021,Personal,2024-11-30,1837723.36,13.43,48,58853.09,1411996.11,Active,No,13
L00020,C00008,B011,Personal,2026-02-22,899386.34,12.95,24,47180.31,503658.96,Active,No,2
L00021,C00122,B016,Auto,2024-06-09,183515.69,17.18,48,6450.58,134396.72,Active,No,13
L00022,C00119,B012,Business,2025-08-20,454962.78,14.16,48,14846.95,317281.58,Defaulted,Yes,51
L00023,C00698,B010,Business,2024-06-24,1559562.59,15.83,24,85555.0,880570.42,Active,No,17
L00024,C00344,B021,Business,2025-06-02,1466176.09,14.59,36,58553.37,675227.3,Defaulted,Yes,87
L00025,C00316,B017,Home,2025-06-02,138357.32,18.15,48,4975.1,0,Closed,No,19
L00026,C00695,B014,Education,2024-06-14,674796.41,15.16,36,27269.27,207019.01,Active,No,8
L00027,C00634,B022,Personal,2026-04-04,117661.94,17.48,60,3674.97,0,Closed,No,12
L00028,C00099,B013,Business,2024-05-06,553134.48,14.74,48,18317.97,480065.17,Defaulted,Yes,114
L00029,C00854,B012,Home,2023-05-13,1745649.37,16.27,24,96403.49,1044156.59,Defaulted,Yes,47
L00030,C00478,B015,Education,2023-04-17,232265.27,15.13,24,12606.2,44731.27,Active,No,12
L00031,C00693,B008,Business,2025-12-18,132225.16,14.72,36,5294.88,72876.49,Active,No,1
L00032,C00512,B010,Auto,2025-11-06,557444.72,12.63,48,17480.54,379103.6,Active,No,20
L00033,C00211,B010,Personal,2025-02-24,847702.41,14.96,48,28228.49,366249.3,Defaulted,Yes,38
L00034,C00641,B001,Education,2025-08-27,233325.12,16.34,48,8038.05,210578.56,Active,No,8
L00035,C00828,B003,Personal,2024-08-14,356173.82,15.67,24,19491.61,126188.13,Active,No,13
L00036,C00188,B014,Personal,2022-12-30,657864.87,13.6,36,25729.83,178110.62,Defaulted,Yes,117
L00037,C00748,B009,Auto,2022-07-24,1945035.02,13.18,84,44518.15,680078.07,Defaulted,Yes,40
L00038,C00857,B005,Personal,2025-09-08,154298.95,11.88,84,3364.45,69319.26,Active,No,3
L00039,C00871,B017,Personal,2023-10-17,266855.77,12.14,60,7147.29,0,Closed,No,8
L00040,C00424,B025,Business,2025-02-26,349492.93,17.32,84,9204.98,303791.22,Active,No,13
L00041,C00005,B001,Personal,2025-11-17,262340.01,15.52,60,7765.26,82838.0,Active,No,17
L00042,C00837,B007,Business,2024-11-01,120093.83,13.17,84,2747.72,0,Closed,No,15
L00043,C00601,B022,Business,2022-06-16,81526.41,16.1,60,2452.59,70939.75,Active,No,20
L00044,C00435,B006,Business,2025-06-19,516075.76,15.92,36,21182.04,427205.32,Defaulted,Yes,90
L00045,C00521,B007,Personal,2024-05-29,108131.62,16.13,60,3255.66,34867.59,Active,No,16
L00046,C00349,B012,Education,2025-07-09,245369.67,15.23,12,23561.62,0,Closed,No,11
L00047,C00417,B018,Home,2025-05-04,133249.52,15.01,12,12770.86,31578.53,Active,No,17
L00048,C00956,B001,Personal,2024-07-30,1372500.43,17.31,24,76985.84,468524.18,Active,No,4
L00049,C00566,B020,Auto,2024-06-27,91336.74,12.22,24,4735.81,26824.89,Active,No,13
L00050,C00705,B006,Home,2023-03-30,940556.01,13.34,24,49645.68,869466.38,Active,No,10
L00051,C00549,B012,Auto,2024-07-18,1617736.53,16.56,36,67261.89,787496.54,Active,No,4
L00052,C00889,B013,Personal,2026-03-11,106978.09,14.02,48,3478.57,78010.41,Defaulted,Yes,44
L00053,C00657,B022,Education,2025-11-04,80308.15,15.51,84,1994.03,39432.33,Active,No,0
L00054,C00704,B003,Personal,2022-12-31,738708.11,17.7,12,72454.95,612768.49,Active,No,14
L00055,C00564,B008,Business,2023-01-20,337223.15,15.97,36,13855.19,0,Closed,No,7
L00056,C00431,B002,Business,2023-08-01,105185.75,13.61,60,2946.08,89060.59,Active,No,13
L00057,C00773,B001,Auto,2025-04-06,741924.11,14.22,48,24248.55,622139.67,Defaulted,Yes,120
L00058,C00065,B005,Auto,2024-03-21,1781761.71,12.37,24,92607.06,0,Closed,No,10
L00059,C00036,B001,Personal,2026-01-16,821764.67,14.45,24,44135.61,0,Closed,No,2
L00060,C00775,B012,Auto,2026-05-15,813028.46,17.41,12,79548.06,516625.42,Defaulted,Yes,54
L00061,C00537,B023,Education,2023-04-05,478270.14,18.1,24,27141.83,162847.55,Defaulted,Yes,70
L00062,C00352,B018,Education,2023-02-01,1625200.97,13.38,36,63265.46,247548.21,Active,No,17
L00063,C00690,B020,Education,2023-04-23,423903.6,16.84,36,17723.88,280552.12,Active,No,4
L00064,C00620,B024,Education,2023-07-07,167177.38,13.43,84,3861.2,134599.87,Defaulted,Yes,73
L00065,C00486,B013,Business,2023-03-11,204143.95,15.11,24,11076.51,103963.3,Active,No,17
L00066,C00206,B017,Education,2025-05-24,714204.67,15.58,48,24152.02,452409.5,Active,No,15
L00067,C00356,B007,Personal,2022-03-04,356144.69,14.55,24,19157.62,0,Closed,No,11
L00068,C00513,B014,Business,2025-05-27,867743.99,17.02,48,30385.5,628228.91,Defaulted,Yes,39
L00069,C00388,B019,Education,2023-08-12,1553314.81,18.59,48,56424.16,981270.18,Defaulted,Yes,62
L00070,C00491,B008,Auto,2025-07-13,408632.07,15.9,84,10279.04,331984.03,Active,No,10
L00071,C00883,B011,Education,2025-09-21,351767.49,11.98,12,32825.77,296189.44,Active,No,0
L00072,C00850,B012,Auto,2025-01-06,478391.52,17.81,48,17066.62,0,Closed,No,5
L00073,C00838,B004,Personal,2024-04-21,1266395.67,14.83,24,68417.03,0,Closed,No,12
L00074,C00851,B014,Personal,2026-02-23,127276.86,14.76,12,12171.91,80832.41,Defaulted,Yes,58
L00075,C00606,B007,Auto,2025-04-22,1135374.92,18.44,12,112061.5,910190.75,Active,No,2
L00076,C00301,B011,Education,2024-10-20,1229375.18,17.44,24,69090.89,0,Closed,No,0
L00077,C00929,B009,Business,2025-11-14,878720.01,15.63,84,21906.28,730137.01,Active,No,1
L00078,C00218,B018,Education,2025-11-29,136651.81,13.34,24,7212.94,31996.33,Active,No,10
L00079,C00714,B008,Auto,2024-04-01,1058991.82,15.54,60,31363.81,539745.38,Active,No,20
L00080,C00200,B023,Personal,2025-02-26,888526.52,13.44,84,20529.19,239402.02,Active,No,11
L00081,C00876,B003,Business,2026-02-02,178256.06,12.16,24,9233.66,0,Closed,No,14
L00082,C00421,B021,Auto,2022-12-24,546121.4,12.95,60,14995.58,298614.42,Defaulted,Yes,43
L00083,C00281,B016,Education,2024-12-11,986790.24,13.52,84,22865.34,434666.2,Active,No,3
L00084,C00279,B008,Auto,2024-10-14,1704574.16,12.24,84,37679.21,936324.08,Active,No,19
L00085,C00905,B022,Auto,2025-09-27,284857.91,16.5,60,8664.43,91988.63,Active,No,7
L00086,C00509,B005,Personal,2026-03-20,715988.58,16.79,48,24934.3,190221.17,Defaulted,Yes,34
L00087,C00053,B002,Education,2023-06-05,156698.04,15.36,48,5270.28,42145.99,Active,No,15
L00088,C00173,B009,Home,2025-03-24,154639.84,15.16,60,4530.95,107102.79,Active,No,6
L00089,C00392,B017,Personal,2023-03-20,134718.94,12.77,60,3678.95,77368.48,Active,No,16
L00090,C00935,B023,Education,2022-12-31,1424346.63,13.58,36,55684.04,368337.69,Active,No,8
L00091,C99997,B016,Personal,2022-09-11,2364883.6,11.46,60,61999.37,1117607.97,Active,No,18
L00092,C00502,B020,Business,2023-04-18,274845.94,12.06,48,8488.16,71447.83,Active,No,7
L00093,C00406,B011,Personal,2023-11-19,146429.77,15.21,48,4906.62,0,Closed,No,20
L00094,C00860,B005,Personal,2024-02-04,537132.02,15.01,48,17908.88,378236.86,Active,No,15
L00095,C00505,B005,Home,2023-09-08,1668584.82,15.46,48,56259.12,417865.87,Defaulted,Yes,68
L00096,C00674,B016,Business,2023-05-23,276217.13,12.96,36,10655.84,56615.6,Active,No,10
L00097,C00957,B019,Home,2024-07-29,1411031.04,18.25,24,80252.39,518326.91,Defaulted,Yes,34
L00098,C00822,B015,Auto,2024-07-12,285664.21,15.78,36,11691.6,244428.11,Active,No,8
L00099,C00784,B005,Education,2024-02-13,263936.07,15.78,60,7869.69,0,Closed,No,17
L00100,C00896,B003,Business,2023-04-12,697353.93,15.92,36,28622.5,253012.54,Active,No,3
L00101,C00360,B021,Education,2022-10-26,111433.98,15.55,36,4539.39,0,Closed,No,15
L00102,C00609,B017,Personal,2022-11-04,524446.76,15.57,60,15545.48,123477.52,Active,No,16
L00103,C00404,B019,Business,2024-05-01,150295.8,17.68,60,4719.29,0,Closed,No,20
L00104,C00966,B010,Home,2025-04-15,132847.67,10.87,84,2784.9,42260.14,Active,No,9
L00105,C00893,B008,Education,2023-10-28,2310191.16,15.08,12,221547.33,695186.72,Defaulted,Yes,88
L00106,C00818,B006,Home,2023-08-10,718686.48,18.5,48,26052.38,586258.3,Active,No,10
L00107,C00271,B010,Personal,2022-12-31,685149.7,14.79,12,65540.28,491416.1,Active,No,12
L00108,C00754,B005,Education,2022-01-09,171526.88,15.12,36,6925.87,128747.97,Active,No,7
L00109,C00343,B024,Auto,2025-07-02,445814.78,12.98,12,41973.46,235313.32,Active,No,1
L00110,C00531,B007,Business,2025-03-14,96684.82,14.74,24,5216.15,18483.92,Active,No,18
L00111,C00456,B013,Auto,2022-06-02,632506.73,16.37,24,34982.89,0,Closed,No,2
L00112,C00672,B013,Personal,2025-07-20,160036.41,12.66,36,6133.84,32631.43,Active,No,16
L00113,C00760,B014,Personal,2025-09-22,116217.84,16.11,36,4788.5,42518.3,Active,No,6
L00114,C00397,B003,Personal,2026-02-05,320893.37,12.83,36,12344.59,299848.9,Active,No,19
L00115,C00395,B019,Personal,2025-02-04,139724.35,12.24,36,5306.42,0,Closed,No,3
L00116,C00974,B017,Auto,2022-05-02,818108.14,16.52,60,24897.76,648264.89,Defaulted,Yes,105
L00117,C00266,B018,Personal,2025-08-10,173614.72,15.14,12,16658.33,105270.09,Active,No,19
L00118,C00839,B022,Personal,2022-01-15,500755.43,15.37,36,20323.72,280715.24,Defaulted,Yes,76
L00119,C00598,B016,Auto,2022-09-05,1160512.2,12.87,60,31788.36,472511.76,Active,No,0
L00120,C00649,B005,Education,2022-08-10,169730.92,18.71,12,16790.63,46118.85,Active,No,19
L00121,C00272,B020,Business,2025-06-20,2117281.7,14.53,48,69746.79,0,Closed,No,12
L00122,C00454,B023,Business,2025-11-16,945594.85,12.97,12,89019.88,283011.07,Defaulted,Yes,106
L00123,C00763,B001,Business,2023-11-01,134837.58,14.83,84,3271.58,53899.56,Active,No,8
L00124,C00081,B024,Personal,2022-11-03,179768.64,16.95,24,10029.59,155310.09,Active,No,3
L00125,C00358,B008,Personal,2023-03-22,247396.36,17.34,24,13883.06,0,Closed,No,5
L00126,C00363,B025,Home,2022-01-26,274778.37,15.05,84,6717.35,200924.02,Defaulted,Yes,62
L00127,C00863,B010,Home,2025-07-13,869662.15,14.48,12,82965.77,137425.86,Active,No,4
L00128,C00644,B001,Home,2022-11-22,674069.11,17.03,36,28290.31,532429.15,Active,No,14
L00129,C00829,B014,Home,2025-06-21,1430919.09,15.11,24,77639.28,0,Closed,No,18
L00130,C00756,B012,Education,2025-12-21,1994794.63,16.64,48,69219.37,381897.83,Active,No,17
L00131,C00245,B013,Auto,2024-07-08,1492076.91,16.6,12,144980.14,572495.01,Defaulted,Yes,118
L00132,C00282,B005,Auto,2022-03-15,80818.57,14.4,84,1931.95,56600.32,Active,No,19
L00133,C00879,B025,Auto,2022-10-09,1779917.46,12.66,48,55859.74,760174.57,Active,No,2
L00134,C00259,B014,Home,2025-04-28,1097976.56,17.47,60,34284.32,1041399.28,Active,No,13
L00135,C00328,B013,Business,2023-03-26,309711.61,15.88,24,17003.17,0,Closed,No,5
L00136,C00664,B012,Home,2023-01-28,2061246.55,12.2,84,45494.66,1214949.26,Active,No,13
L00137,C00037,B008,Auto,2022-03-23,1617073.39,17.43,84,42738.86,1376328.27,Defaulted,Yes,75
L00138,C00735,B007,Business,2025-06-11,1663963.78,15.12,60,48698.67,343810.22,Active,No,2
L00139,C00654,B006,Home,2022-06-15,1072676.86,14.95,84,26133.73,767701.01,Active,No,1
L00140,C00133,B005,Education,2022-01-07,602050.96,13.83,84,14105.91,438637.11,Active,No,17
L00141,C00260,B015,Education,2025-06-07,513268.48,18.9,60,16638.45,219269.57,Defaulted,Yes,78
L00142,C00025,B014,Personal,2026-04-24,1932918.89,17.55,24,108807.23,1734777.59,Defaulted,Yes,71
L00143,C00794,B016,Auto,2025-02-05,621887.79,13.09,36,24058.42,465546.48,Active,No,5
L00144,C00374,B005,Personal,2023-01-22,774809.7,12.41,24,40296.56,0,Closed,No,2
L00145,C00248,B018,Auto,2025-09-12,688243.58,12.92,24,36086.91,514893.65,Defaulted,Yes,42
L00146,C00868,B022,Home,2022-08-08,103866.01,18.12,36,4453.54,34639.6,Active,No,11
L00147,C00508,B002,Personal,2023-05-31,117711.26,15.78,12,11357.17,100798.77,Active,No,4
L00148,C00174,B007,Business,2024-09-24,178980.63,12.6,84,4010.02,151184.96,Active,No,1
L00149,C00615,B004,Business,2023-03-20,346022.36,12.38,24,17987.4,0,Closed,No,2
L00150,C00663,B014,Business,2025-06-28,1237876.94,15.55,60,36672.1,1121054.99,Active,No,9
L00151,C00006,B025,Personal,2022-10-12,1645034.15,16.9,36,68862.96,458940.06,Defaulted,Yes,70
L00152,C00573,B007,Personal,2022-05-25,897667.32,12.42,24,46693.66,306000.81,Active,No,3
L00153,C00743,B008,Personal,2023-05-09,119852.46,16.89,24,6680.78,0,Closed,No,10
L00154,C00280,B017,Personal,2024-12-26,534666.42,12.35,24,27780.38,184333.4,Active,No,13
L00155,C00696,B006,Personal,2025-10-19,509428.33,11.47,12,47321.65,104013.97,Active,No,4
L00156,C00766,B010,Education,2022-06-28,415160.55,13.28,60,11513.79,234248.81,Defaulted,Yes,84
L00157,C00940,B023,Home,2024-07-01,145476.71,14.38,60,4167.91,54588.55,Active,No,19
L00158,C00626,B019,Home,2025-09-23,1717127.4,15.69,24,93998.42,515423.83,Active,No,9
L00159,C00408,B025,Home,2023-09-18,1353487.69,14.82,36,54312.45,648438.05,Defaulted,Yes,38
L00160,C00323,B017,Personal,2022-01-04,112191.58,14.78,48,3719.15,43063.25,Defaulted,Yes,55
L00161,C00233,B019,Business,2024-07-21,134064.77,16.12,84,3396.95,97411.64,Active,No,4
L00162,C00658,B020,Education,2024-05-16,214321.22,15.49,36,8719.9,46736.84,Defaulted,Yes,78
L00163,C00639,B013,Business,2026-04-03,162646.37,13.45,60,4533.77,0,Closed,No,15
L00164,C00265,B002,Education,2024-05-17,2324978.44,18.12,48,83544.23,1957200.72,Active,No,6
L00165,C00341,B017,Business,2023-03-13,1984306.39,16.59,24,110112.47,0,Closed,No,18
L00166,C00028,B013,Auto,2022-03-27,313766.89,15.1,24,17021.85,56813.11,Active,No,11
L00167,C00243,B007,Education,2024-10-23,155215.72,15.28,84,3824.22,103398.56,Active,No,14
L00168,C00452,B023,Education,2022-03-04,273665.92,15.34,84,6756.29,0,Closed,No,12
L00169,C00825,B010,Personal,2025-07-21,545582.87,15.17,84,13392.11,433130.74,Active,No,16
L00170,C00920,B006,Business,2026-04-21,785944.93,14.07,12,74710.62,533923.75,Active,No,4
L00171,C00287,B009,Home,2025-05-15,94467.88,14.64,36,3776.62,0,Closed,No,5
L00172,C00568,B015,Education,2022-03-05,1248690.11,15.87,36,51199.76,500987.88,Defaulted,Yes,83
L00173,C00034,B008,Personal,2024-08-16,1205059.9,18.98,84,33405.98,622906.49,Active,No,8
L00174,C00792,B003,Auto,2025-10-29,164413.59,15.16,36,6644.14,113283.55,Active,No,8
L00175,C00494,B025,Business,2026-04-04,587393.99,17.05,48,20583.26,0,Closed,No,13
L00176,C00538,B025,Business,2025-01-06,1480790.46,17.38,60,46126.62,985429.88,Active,No,4
L00177,C00981,B014,Home,2024-07-21,165737.16,14.32,12,15789.23,147581.22,Active,No,0
L00178,C00384,B024,Home,2026-05-22,498897.99,17.88,12,49008.41,349461.13,Active,No,11
L00179,C00236,B012,Personal,2022-07-14,1522448.92,12.7,36,58402.83,900622.04,Active,No,13
L00180,C00545,B020,Education,2022-11-02,1249091.23,12.78,36,47999.8,479495.66,Defaulted,Yes,93
L00181,C00222,B001,Personal,2024-08-20,107828.17,14.99,48,3593.37,17526.1,Defaulted,Yes,45
L00182,C00204,B021,Home,2023-05-12,1970548.72,16.06,24,108478.71,1387957.01,Active,No,9
L00183,C00747,B014,Auto,2022-10-03,334299.63,13.24,24,17617.59,0,Closed,No,13
L00184,C00547,B002,Auto,2025-09-08,2053035.75,15.54,48,69358.39,0,Closed,No,1
L00185,C00381,B024,Personal,2024-11-17,316690.47,10.02,24,15839.8,205678.46,Active,No,16
L00186,C00413,B022,Education,2023-08-04,180889.74,15.47,24,9869.04,150872.63,Defaulted,Yes,45
L00187,C00595,B024,Business,2022-07-10,175745.48,16.67,12,17086.85,60816.51,Active,No,7
L00188,C00194,B020,Auto,2024-02-16,168844.29,13.22,84,3870.15,131650.13,Defaulted,Yes,51
L00189,C00192,B006,Personal,2022-04-27,1420322.24,11.62,48,43343.5,1239689.55,Active,No,14
L00190,C00739,B020,Education,2024-02-20,439562.09,11.95,36,16587.36,0,Closed,No,10
L00191,C00622,B011,Home,2025-10-07,285593.1,15.95,84,7195.93,59526.63,Defaulted,Yes,73
L00192,C00124,B006,Home,2022-02-25,421844.15,13.42,60,11748.36,67184.69,Defaulted,Yes,43
L00193,C00254,B011,Personal,2022-04-19,328440.64,15.97,24,18056.02,95651.43,Active,No,9
L00194,C00954,B015,Home,2025-09-01,432790.04,14.92,48,14397.48,347548.46,Active,No,17
L00195,C00616,B012,Personal,2022-09-03,533954.95,16.2,48,18332.45,491589.11,Active,No,10
L00196,C00389,B016,Business,2022-06-24,454026.94,12.1,84,9983.19,182367.57,Active,No,14
L00197,C00311,B013,Business,2022-09-18,760594.54,11.69,60,20086.03,0,Closed,No,3
L00198,C00759,B007,Personal,2023-09-29,570302.88,18.27,84,15472.18,172917.6,Defaulted,Yes,54
L00199,C00832,B015,Personal,2024-11-12,766548.14,15.5,36,31194.25,0,Closed,No,20
L00200,C00044,B004,Auto,2022-03-03,862768.54,16.76,60,26429.48,685635.27,Defaulted,Yes,70
L00201,C00922,B006,Business,2022-06-30,114914.34,13.35,60,3193.66,0,Closed,No,14
L00202,C00284,B024,Auto,2022-09-27,283285.46,17.29,36,11950.71,201981.21,Defaulted,Yes,90
L00203,C00030,B005,Education,2025-03-04,1493194.18,15.26,36,60466.07,0,Closed,No,7
L00204,C00487,B007,Education,2022-04-10,92244.77,13.15,12,8697.91,55774.88,Defaulted,Yes,95
L00205,C00227,B012,Education,2026-02-28,191213.97,17.31,24,10725.51,151414.97,Active,No,15
L00206,C00470,B009,Auto,2023-12-22,1556215.66,16.11,60,46829.12,259200.42,Active,No,3
L00207,C00215,B014,Education,2022-02-19,169702.67,15.81,36,6949.8,74392.42,Defaulted,Yes,75
L00208,C00057,B003,Business,2022-05-04,312366.27,14.56,48,10297.67,0,Closed,No,7
L00209,C00869,B007,Education,2022-03-05,227392.58,16.08,48,7784.41,207327.3,Active,No,11
L00210,C00090,B009,Education,2025-11-05,162399.69,18.01,12,15970.66,41469.9,Active,No,1
L00211,C00361,B003,Home,2023-09-01,329942.33,19.19,60,10775.37,0,Closed,No,16
L00212,C00002,B017,Business,2024-07-30,1806925.33,12.4,24,93960.12,1262215.49,Active,No,7
L00213,C00740,B019,Business,2023-06-26,836322.15,18.53,60,26852.91,350334.2,Active,No,9
L00214,C00396,B007,Business,2026-02-10,813376.33,12.61,48,25492.57,413927.45,Active,No,6
L00215,C00224,B024,Home,2026-01-30,149580.69,20.7,84,4360.99,85749.66,Active,No,4
L00216,C00181,B023,Home,2022-11-27,234542.01,17.06,12,22879.57,109134.89,Active,No,4
L00217,C00724,B024,Personal,2025-12-26,1432477.74,15.91,36,58783.32,1336208.4,Active,No,8
L00218,C00264,B010,Business,2022-12-01,934542.57,14.9,12,89482.45,0,Closed,No,2
L00219,C00031,B013,Home,2025-12-19,177889.43,12.33,24,9239.87,0,Closed,No,5
L00220,C00322,B020,Auto,2025-07-27,99073.12,12.95,84,2248.61,77724.18,Active,No,16
L00221,C00106,B023,Education,2024-10-01,195388.27,-3.5,48,6622.03,61551.69,Active,No,6
L00222,C00047,B020,Education,2025-08-01,809763.57,13.1,24,42580.07,584941.83,Active,No,16
L00223,C00962,B015,Personal,2023-01-19,312949.35,15.73,60,9318.07,76908.85,Active,No,0
L00224,C00145,B019,Auto,2022-05-19,190348.43,16.22,24,10504.06,124188.19,Defaulted,Yes,62
L00225,C00418,B022,Auto,2024-02-23,1908292.93,17.83,84,51071.83,1044551.23,Defaulted,Yes,76
L00226,C00370,B018,Home,2023-12-31,742920.8,13.61,12,70336.03,448899.36,Defaulted,Yes,54
L00227,C00529,B006,Auto,2025-03-09,153366.83,14.22,84,3643.19,99405.85,Defaulted,Yes,59
L00228,C00903,B011,Home,2022-08-04,1469575.29,12.79,24,76895.53,1265702.03,Active,No,8
L00229,C00546,B011,Home,2026-04-21,164524.61,12.9,12,15479.02,112843.04,Active,No,11
L00230,C00463,B011,Personal,2022-02-07,101019.42,15.04,84,2468.72,27335.32,Active,No,0
L00231,C00647,B008,Personal,2026-03-23,2124167.12,17.13,24,118829.45,908582.06,Active,No,7
L00232,C00596,B008,Home,2023-04-26,771070.43,15.92,24,42357.47,317898.47,Defaulted,Yes,109
L00233,C00443,B022,Auto,2024-07-31,2177264.96,20.34,12,218343.39,0,Closed,No,0
L00234,C00968,B013,Business,2024-12-12,260081.99,13.92,60,7351.65,129302.11,Defaulted,Yes,30
L00235,C00207,B023,Auto,2022-12-13,587791.8,13.12,12,55409.17,192106.85,Defaulted,Yes,33
L00236,C00299,B014,Auto,2024-10-07,97748.07,14.18,48,3191.47,40040.89,Active,No,17
L00237,C00405,B014,Personal,2025-03-23,884847.9,10.54,36,32351.02,342737.69,Active,No,14
L00238,C00982,B016,Education,2023-08-20,232100.55,15.42,60,6850.83,67862.75,Defaulted,Yes,84
L00239,C00288,B013,Home,2026-04-21,631315.2,15.66,36,25775.2,495319.76,Defaulted,Yes,58
L00240,C00996,B001,Auto,2025-10-28,1816312.18,16.46,12,176273.1,426536.26,Active,No,12
L00241,C00438,B016,Business,2023-02-17,532479.81,18.74,60,17190.22,261232.4,Active,No,12
L00242,C00273,B023,Business,2025-10-22,1353845.8,15.23,60,39746.66,0,Closed,No,13
L00243,C00709,B011,Business,2024-01-08,2188620.67,16.89,84,56859.84,1414889.34,Active,No,2
L00244,C00984,B023,Home,2024-07-26,95811.67,14.53,48,3156.2,87159.3,Active,No,16
L00245,C00768,B025,Business,2025-01-06,1574888.55,14.66,48,52050.07,808880.48,Active,No,1
L00246,C00039,B007,Education,2022-08-13,178020.92,12.16,24,9221.48,122946.75,Active,No,19
L00247,C00808,B014,Education,2023-05-21,2398673.89,14.65,36,95913.64,1204893.94,Active,No,9
L00248,C00786,B009,Personal,2023-12-07,99298.91,15.17,48,3324.03,44547.07,Active,No,18
L00249,C00140,B017,Personal,2022-10-13,238860.02,16.87,60,7338.97,163519.81,Active,No,5
L00250,C00498,B003,Home,2022-08-30,1771697.51,17.79,48,63175.78,1669257.79,Active,No,2
L00251,C00202,B015,Auto,2026-05-18,228210.8,11.11,60,5916.36,0,Closed,No,18
L00252,C00585,B011,Auto,2022-10-18,836301.5,15.5,24,45648.12,644348.98,Defaulted,Yes,78
L00253,C00635,B005,Auto,2022-01-02,80276.29,15.77,84,2010.63,0,Closed,No,6
L00254,C00936,B024,Home,2022-03-05,1061345.38,16.36,24,58692.4,221332.79,Active,No,7
L00255,C00894,B009,Auto,2024-11-21,935351.12,17.54,60,29260.9,0,Closed,No,8
L00256,C00115,B008,Education,2026-02-17,1719445.72,18.93,12,170411.4,318409.17,Active,No,15
L00257,C00977,B018,Home,2023-05-06,587728.27,13.37,36,22874.06,554987.48,Active,No,8
L00258,C00899,B014,Home,2023-08-05,163774.31,14.51,36,6529.59,35368.46,Active,No,20
L00259,C00151,B018,Home,2024-06-13,895344.63,15.71,48,30374.57,773244.77,Active,No,15
L00260,C00055,B008,Business,2024-02-07,566489.82,13.77,36,22236.3,322229.84,Active,No,9
L00261,C00726,B020,Education,2022-12-15,2179546.52,15.9,36,89421.95,1421530.45,Active,No,8
L00262,C00590,B022,Home,2024-08-20,163547.58,18.84,60,5293.49,0,Closed,No,8
L00263,C00291,B021,Home,2026-01-01,166572.62,13.06,24,8753.39,0,Closed,No,16
L00264,C00072,B015,Education,2022-01-30,169813.84,14.79,12,16244.11,54221.12,Active,No,4
L00265,C00741,B014,Auto,2023-06-14,91578.73,19.24,60,2994.62,18943.7,Active,No,8
L00266,C00091,B018,Education,2024-02-17,164045.29,17.82,84,4388.99,66031.61,Defaulted,Yes,100
L00267,C00022,B022,Auto,2025-11-05,309207.63,17.75,48,11015.52,0,Closed,No,12
L00268,C00184,B019,Education,2026-03-20,1752375.09,15.21,48,58719.17,1271630.87,Active,No,12
L00269,C00873,B001,Business,2022-04-06,1144531.09,14.67,48,37836.29,629614.74,Active,No,10
L00270,C00983,B007,Personal,2023-01-14,206889.24,14.43,36,8234.77,78620.91,Active,No,19
L00271,C00447,B002,Business,2025-02-17,2015526.01,13.56,60,56367.54,1056973.55,Active,No,9
L00272,C00046,B015,Business,2025-11-07,428348.64,14.24,12,40778.79,206174.17,Active,No,19
L00273,C00495,B023,Business,2023-04-21,207592.94,15.91,84,5223.68,0,Closed,No,8
L00274,C00817,B021,Education,2023-09-18,82468.14,18.8,24,4728.17,25708.24,Active,No,1
L00275,C00113,B025,Personal,2023-05-22,259467.25,15.68,36,10597.8,0,Closed,No,6
L00276,C00990,B004,Personal,2022-08-11,269017.73,14.78,12,25731.55,0,Closed,No,8
L00277,C00611,B011,Auto,2023-10-25,96019.35,13.15,60,2652.53,42942.21,Active,No,9
L00278,C00336,B018,Auto,2022-06-03,646043.91,15.05,36,26048.13,411459.05,Defaulted,Yes,62
L00279,C00118,B019,Personal,2023-10-12,736446.82,18.36,24,41952.92,0,Closed,No,17
L00280,C00402,B009,Home,2025-09-06,318020.03,17.19,12,31057.31,290731.46,Active,No,19
L00281,C00307,B004,Business,2025-01-16,1189350.72,16.59,24,65999.05,0,Closed,No,17
L00282,C00891,B025,Home,2024-12-29,1065717.81,14.98,84,25990.83,0,Closed,No,12
L00283,C00269,B024,Personal,2025-04-09,107700.02,18.95,84,2982.91,0,Closed,No,13
L00284,C00607,B004,Education,2023-09-20,181098.96,13.9,60,5116.05,112920.44,Active,No,12
L00285,C00473,B005,Education,2022-08-28,1827165.8,14.67,36,73091.71,553615.61,Active,No,15
L00286,C00488,B001,Education,2025-09-03,83618.23,17.71,24,4718.16,0,Closed,No,1
L00287,C00580,B004,Home,2022-01-19,856818.49,15.72,24,46925.09,0,Closed,No,14
L00288,C00650,B021,Personal,2025-07-28,168068.74,13.01,36,6490.72,0,Closed,No,8
L00289,C00999,B012,Auto,2026-01-20,819302.9,14.15,36,32419.36,221542.36,Active,No,3
L00290,C00208,B014,Business,2023-04-28,934632.68,15.7,84,23354.69,647224.43,Defaulted,Yes,34
L00291,C00719,B005,Home,2024-02-24,1724527.1,13.32,24,90997.55,0,Closed,No,17
L00292,C00750,B022,Education,2025-08-10,177264.57,12.69,12,16646.62,0,Closed,No,16
L00293,C00242,B025,Home,2022-05-06,413109.15,13.27,24,21781.18,0,Closed,No,9
L00294,C00023,B008,Auto,2023-07-28,330362.82,17.84,48,11793.95,301888.94,Defaulted,Yes,106
L00295,C00888,B024,Personal,2024-11-21,328500.15,17.22,24,18401.48,0,Closed,No,18
L00296,C00791,B024,Home,2023-09-12,1214666.1,10.87,12,112225.03,1063851.89,Defaulted,Yes,31
L00297,C00270,B023,Auto,2023-04-28,1490529.88,15.06,24,80811.56,1342911.0,Active,No,4
L00298,C00258,B001,Auto,2024-06-12,1484829.07,16.58,48,51449.33,695300.23,Active,No,14
L00299,C00221,B024,Auto,2023-11-23,195505.05,10.73,24,9894.18,74385.85,Active,No,3
L00300,C00330,B010,Home,2023-11-27,232730.99,13.27,12,21967.87,0,Closed,No,4
L00301,C00458,B020,Auto,2022-05-22,435846.42,17.02,24,24342.02,289112.04,Defaulted,Yes,56
L00302,C00949,B001,Personal,2025-03-12,566101.3,13.42,24,29918.45,365126.33,Active,No,17
L00303,C00816,B023,Home,2024-08-27,751273.96,14.45,48,24698.13,0,Closed,No,2
L00304,C00277,B012,Education,2023-03-29,208241.69,12.21,12,19472.33,0,Closed,No,19
L00305,C00485,B010,Business,2023-05-12,128882.29,17.42,60,4018.98,51816.68,Active,No,2
L00306,C00541,B004,Education,2022-07-03,560408.24,12.35,84,12439.06,524777.11,Active,No,1
L00307,C00605,B015,Personal,2025-05-09,1142549.97,14.36,36,45410.01,826878.42,Defaulted,Yes,62
L00308,C00216,B005,Auto,2023-07-01,287264.88,14.65,48,9491.71,215161.1,Active,No,18
L00309,C00350,B024,Personal,2025-11-14,1035295.79,16.63,24,57484.8,676463.38,Active,No,5
L00310,C00024,B018,Education,2022-11-18,1438784.08,12.25,36,54653.81,0,Closed,No,16
L00311,C00353,B004,Personal,2022-08-06,1753044.43,14.21,48,57280.73,527112.44,Active,No,11
L00312,C00685,B001,Education,2022-05-03,244739.07,14.06,12,23262.45,103692.32,Active,No,13
L00313,C00948,B021,Auto,2024-04-04,1759096.34,15.73,36,71922.61,938561.21,Active,No,17
L00314,C00965,B002,Auto,2023-08-16,592785.4,16.79,24,32993.45,0,Closed,No,6
L00315,C00420,B011,Education,2023-12-26,262057.26,16.29,48,9016.95,0,Closed,No,9
L00316,C00033,B014,Auto,2023-02-16,140051.09,15.32,84,3455.26,56032.61,Defaulted,Yes,56
L00317,C00191,B024,Personal,2024-01-21,891860.23,16.57,60,27179.44,416237.09,Active,No,12
L00318,C00878,B017,Auto,2024-04-16,811090.69,14.12,60,23062.01,148770.27,Active,No,20
L00319,C00798,B008,Home,2022-11-11,324640.69,13.74,36,12734.93,240042.82,Active,No,16
L00320,C00414,B003,Home,2022-11-24,527485.52,16.71,60,16136.66,216719.62,Active,No,8
L00321,C00975,B003,Home,2024-01-25,705937.97,19.28,84,19746.09,235699.81,Active,No,12
L00322,C00482,B025,Auto,2024-05-29,818029.54,15.29,24,44507.62,243697.86,Defaulted,Yes,90
L00323,C00892,B013,Home,2022-11-14,101804.93,12.26,48,3161.04,25195.48,Active,No,19
L00324,C00444,B020,Home,2025-10-06,283404.44,12.4,36,10800.86,180212.47,Active,No,11
L00325,C00679,B001,Business,2023-09-18,83477.97,17.32,84,2198.65,49718.94,Active,No,0
L00326,C00062,B012,Auto,2025-04-26,1683156.51,18.86,84,46491.19,325771.87,Defaulted,Yes,99
L00327,C00493,B008,Education,2023-08-26,1523098.2,17.64,84,40521.66,0,Closed,No,19
L00328,C00088,B020,Auto,2022-11-16,82011.9,17.36,60,2553.3,76634.68,Active,No,12
L00329,C00652,B015,Business,2022-01-10,537566.6,11.37,84,11493.05,303420.0,Active,No,16
L00330,C00555,B003,Business,2022-02-03,230303.71,16.06,84,5823.94,0,Closed,No,5
L00331,C00123,B013,Home,2024-09-03,836138.9,14.81,60,24255.0,0,Closed,No,4
L00332,C00164,B024,Home,2024-07-06,336863.28,15.38,36,13674.78,0,Closed,No,9
L00333,C00852,B010,Home,2025-12-28,1168724.77,12.99,60,32130.19,855652.0,Active,No,8
L00334,C00187,B025,Auto,2023-05-09,1306101.44,14.54,84,31374.42,630781.77,Active,No,3
L00335,C00870,B009,Education,2025-05-12,94137.52,15.11,36,3800.28,17750.36,Defaulted,Yes,78
L00336,C00409,B025,Business,2024-03-01,1916684.47,18.63,60,61701.27,1732907.52,Active,No,19
L00337,C00098,B001,Home,2022-02-08,181747.13,13.58,36,7105.3,0,Closed,No,19
L00338,C00753,B023,Auto,2025-12-19,625015.42,14.67,60,18057.74,208529.11,Active,No,9
L00339,C00584,B003,Home,2023-04-12,409410.0,13.48,60,11422.54,0,Closed,No,7
L00340,C00788,B020,Auto,2023-01-26,1622127.44,14.86,84,39398.39,0,Closed,No,2
L00341,C00131,B021,Education,2024-10-08,211632.11,14.29,24,11338.19,138684.69,Active,No,19
L00342,C00193,B015,Home,2022-11-20,2245642.37,11.12,84,47543.46,474780.67,Active,No,6
L00343,C00504,B014,Home,2022-01-13,150070.45,13.38,12,14179.16,66188.56,Active,No,6
L00344,C00716,B008,Home,2025-07-28,175690.84,15.15,48,5878.32,134301.36,Active,No,18
L00345,C00907,B014,Home,2023-01-11,1741946.52,12.65,12,163525.23,1090185.82,Defaulted,Yes,84
L00346,C00993,B011,Auto,2025-06-28,1312378.65,16.68,24,72924.51,299414.68,Active,No,14
L00347,C00613,B005,Personal,2025-11-29,1581362.35,13.02,60,43513.82,244419.38,Defaulted,Yes,43
L00348,C00603,B007,Home,2023-03-12,177073.05,13.3,36,6881.26,101583.15,Active,No,8
L00349,C00534,B004,Auto,2022-08-21,334098.96,13.98,48,10852.65,126203.4,Active,No,15
L00350,C00305,B002,Personal,2025-07-06,487072.64,14.12,48,15878.57,0,Closed,No,17
L00351,C00105,B015,Personal,2023-01-17,1206476.89,13.17,60,33349.03,225936.48,Active,No,7
L00352,C00213,B019,Auto,2023-02-18,1607736.22,14.81,84,38981.86,0,Closed,No,20
L00353,C00255,B011,Personal,2024-02-19,130723.27,15.14,12,12542.9,109663.33,Defaulted,Yes,120
L00354,C00511,B016,Home,2023-04-24,261353.81,17.24,60,8110.68,78281.16,Active,No,14
L00355,C00422,B008,Personal,2022-12-02,864070.93,14.62,12,82533.17,197857.15,Defaulted,Yes,89
L00356,C00933,B016,Home,2023-03-17,817663.99,16.87,84,21229.09,567218.91,Active,No,3
L00357,C00457,B014,Education,2024-06-05,144053.48,15.97,12,13921.57,0,Closed,No,17
L00358,C00010,B002,Auto,2023-01-03,1094741.95,18.71,12,108297.35,329562.9,Defaulted,Yes,80
L00359,C00678,B016,Personal,2026-05-16,550802.48,13.67,24,29224.66,353523.42,Active,No,9
L00360,C00518,B013,Personal,2023-03-04,148999.65,13.97,36,5873.48,0,Closed,No,0
L00361,C00012,B013,Personal,2023-07-30,837582.26,13.06,60,23075.39,355280.65,Defaulted,Yes,87
L00362,C00909,B021,Auto,2024-10-24,838609.66,10.46,36,30604.59,402774.45,Active,No,15
L00363,C00593,B002,Education,2023-05-29,1237370.85,17.57,60,38740.02,234616.44,Active,No,0
L00364,C00068,B005,Education,2025-08-25,2124040.72,13.56,12,201005.05,0,Closed,No,9
L00365,C00729,B003,Personal,2023-11-03,93589.7,17.15,36,3937.27,81630.43,Defaulted,Yes,86
L00366,C00415,B016,Home,2023-05-12,196364.99,18.38,48,7098.59,0,Closed,No,0
L00367,C00655,B025,Personal,2022-09-25,170805.05,14.17,24,9133.8,128295.98,Active,No,2
L00368,C00980,B013,Business,2024-02-25,270674.27,15.38,24,14747.24,232410.66,Defaulted,Yes,106
L00369,C00782,B024,Auto,2024-04-01,94555.07,15.06,12,9066.26,65198.22,Defaulted,Yes,111
L00370,C00706,B015,Personal,2026-01-12,571172.2,13.17,12,53866.3,0,Closed,No,12
L00371,C00274,B007,Education,2025-03-06,508153.83,18.29,48,18331.65,0,Closed,No,12
L00372,C00042,B010,Education,2022-04-25,315690.63,12.77,36,12128.66,0,Closed,No,0
L00373,C00972,B012,Business,2023-05-20,526943.99,19.93,12,52663.66,0,Closed,No,3
L00374,C00864,B016,Education,2023-11-18,116556.56,12.65,36,4466.38,0,Closed,No,12
L00375,C00466,B020,Home,2023-11-24,1463386.87,18.73,60,47230.81,686745.07,Defaulted,Yes,33
L00376,C00680,B011,Education,2024-07-10,149036.35,15.28,12,14317.43,133475.29,Active,No,15
L00377,C00210,B016,Home,2025-09-24,1655029.43,11.35,24,84613.38,1180325.4,Active,No,11
L00378,C00551,B010,Education,2024-06-20,276640.04,14.49,24,14867.1,232275.33,Active,No,4
L00379,C00309,B014,Home,2025-08-12,104690.75,13.21,60,2897.32,0,Closed,No,18
L00380,C00833,B006,Education,2024-10-25,1979441.08,12.46,84,44117.97,1812877.87,Active,No,19
L00381,C00544,B001,Personal,2024-08-25,265795.24,14.22,84,6313.9,46251.11,Active,No,19
L00382,C00276,B017,Business,2023-02-05,309039.14,12.23,48,9587.94,235683.33,Active,No,9
L00383,C00525,B019,Business,2023-05-24,1828798.13,13.73,48,59024.46,1331857.29,Active,No,12
L00384,C00987,B011,Business,2025-02-06,639261.23,13.57,12,60500.75,303143.39,Active,No,4
L00385,C00011,B009,Auto,2023-04-26,1349357.03,17.82,24,76261.16,883309.32,Active,No,1
L00386,C00234,B002,Personal,2026-05-16,144660.68,12.91,36,5574.66,101685.64,Defaulted,Yes,47
L00387,C00261,B018,Auto,2025-11-12,142463.94,15.09,36,5748.82,45506.46,Active,No,5
L00388,C00530,B012,Auto,2023-02-04,2045283.81,15.42,24,111502.06,758289.8,Active,No,11
L00389,C00900,B019,Home,2023-09-20,839763.79,17.2,84,22033.8,321119.29,Defaulted,Yes,48
L00390,C00474,B024,Auto,2025-03-25,124649.77,14.18,36,4935.44,0,Closed,No,10
L00391,C00219,B011,Business,2025-07-17,1584927.01,13.18,12,149485.03,465501.72,Active,No,20
L00392,C00677,B019,Home,2022-06-02,475713.08,14.37,36,18910.92,443822.22,Active,No,13
L00393,C00337,B017,Education,2023-05-31,550486.22,17.38,24,30909.8,0,Closed,No,19
L00394,C00292,B002,Home,2026-01-31,2392557.75,13.6,48,76960.61,0,Closed,No,19
L00395,C00824,B020,Personal,2025-03-13,2305721.95,15.92,84,58038.32,458663.97,Active,No,10
L00396,C00765,B018,Business,2022-06-04,135665.43,14.42,84,3245.31,72456.95,Active,No,18
L00397,C00718,B005,Education,2023-11-27,233392.11,19.34,12,23210.85,0,Closed,No,5
L00398,C00861,B009,Business,2022-02-22,464856.37,12.41,12,43545.42,163069.41,Defaulted,Yes,68
L00399,C00931,B004,Home,2024-02-26,329134.37,13.18,84,7533.26,0,Closed,No,1
L00400,C00190,B014,Education,2024-05-21,175254.97,18.05,12,17240.71,0,Closed,No,12
L00401,C00527,B014,Education,2025-07-07,163523.63,16.38,60,4957.49,143983.82,Active,No,19
L00402,C00060,B016,Education,2024-11-28,172857.12,16.22,12,16741.21,0,Closed,No,20
L00403,C00806,B021,Auto,2026-05-02,95430.3,12.4,12,8938.64,58694.09,Active,No,3
L00404,C00813,B024,Home,2026-01-29,174023.51,16.21,24,9601.75,32243.07,Defaulted,Yes,62
L00405,C00121,B015,Business,2025-02-16,87489.86,15.37,24,4766.01,0,Closed,No,7
L00406,C00995,B022,Personal,2024-03-11,169025.61,11.84,60,4484.81,0,Closed,No,19
L00407,C00872,B008,Education,2025-06-20,1836285.43,16.49,48,63489.57,0,Closed,No,19
L00408,C00519,B025,Personal,2022-05-07,1503152.98,13.98,12,142774.48,1233364.21,Active,No,4
L00409,C00251,B002,Home,2024-09-27,478451.32,16.07,24,26342.73,0,Closed,No,13
L00410,C00400,B014,Business,2022-12-14,163104.17,15.46,36,6632.0,121006.02,Active,No,19
L00411,C00263,B005,Education,2025-11-29,-250000,14.47,48,16162.68,369928.02,Defaulted,Yes,92
L00412,C00252,B019,Education,2023-10-06,1736349.2,15.79,36,71079.38,1177352.29,Active,No,19
L00413,C00085,B012,Personal,2024-06-08,2278894.11,12.9,48,71975.07,0,Closed,No,20
L00414,C00439,B024,Business,2023-07-13,122421.67,16.31,60,3704.28,18798.28,Defaulted,Yes,65
L00415,C00906,B006,Personal,2024-06-07,308376.06,16.13,36,12711.09,0,Closed,No,11
L00416,C00532,B015,Personal,2024-05-21,2106138.7,17.08,48,73855.26,672244.16,Active,No,9
L00417,C00334,B012,Personal,2023-10-31,1744321.04,14.85,48,57925.99,341106.11,Active,No,16
L00418,C00515,B006,Auto,2024-02-17,425906.12,15.35,24,23194.14,375607.05,Active,No,16
L00419,C00630,B001,Business,2023-12-09,115057.97,13.39,36,4479.91,0,Closed,No,11
L00420,C00268,B007,Auto,2022-11-19,278598.04,16.32,36,11527.77,214048.54,Active,No,18
L00421,C00582,B014,Auto,2025-10-28,611420.2,17.44,48,21623.89,316102.97,Active,No,7
L00422,C00043,B025,Auto,2026-01-28,1725290.08,14.66,84,41616.46,0,Closed,No,4
L00423,C00565,B011,Business,2026-03-05,622814.56,14.74,36,24950.64,321604.09,Active,No,18
L00424,C00576,B012,Home,2026-05-02,83291.64,15.95,36,3420.74,51740.0,Active,No,20
L00425,C00324,B022,Home,2023-11-03,209693.25,13.54,48,6734.65,0,Closed,No,12
L00426,C00702,B006,Personal,2025-06-16,1352877.15,18.05,60,42897.48,1090346.1,Defaulted,Yes,115
L00427,C00859,B001,Business,2022-05-01,1871535.27,14.14,12,178014.2,414996.09,Defaulted,Yes,103
L00428,C00205,B023,Auto,2025-03-01,176480.69,16.05,48,6037.11,57727.0,Active,No,17
L00429,C00684,B017,Education,2025-05-30,620757.19,16.73,84,16044.36,258835.59,Active,No,19
L00430,C00035,B003,Home,2024-06-08,483446.12,14.11,84,11439.83,95548.6,Defaulted,Yes,75
L00431,C00688,B017,Education,2023-06-24,161793.76,16.85,24,9013.26,92508.5,Defaulted,Yes,93
L00432,C00978,B018,Education,2023-01-03,1996821.02,14.72,60,57774.69,0,Closed,No,6
L00433,C00730,B002,Business,2025-12-28,322985.23,12.25,12,30212.58,70418.24,Defaulted,Yes,79
L00434,C00924,B013,Home,2025-10-19,119695.32,14.68,84,2889.22,96014.98,Defaulted,Yes,67
L00435,C00351,B021,Education,2024-05-09,417367.44,14.93,24,22583.06,122951.23,Defaulted,Yes,32
L00436,C00159,B009,Personal,2025-01-11,250459.42,16.36,60,7588.92,0,Closed,No,2
L00437,C00434,B011,Education,2026-01-24,103214.07,12.74,48,3246.08,80145.51,Active,No,14
L00438,C00056,B015,Auto,2024-02-13,342397.4,11.88,48,10523.01,141978.28,Active,No,1
L00439,C00128,B008,Auto,2025-06-10,270023.29,14.74,12,25818.73,0,Closed,No,8
L00440,C00992,B014,Personal,2022-08-09,282987.38,13.27,12,26711.65,0,Closed,No,6
L00441,C00163,B016,Business,2025-01-05,711439.14,14.16,12,67681.58,216073.0,Active,No,7
L00442,C00212,B025,Personal,2024-01-18,318336.14,17.21,24,17829.48,0,Closed,No,16
L00443,C00755,B021,Home,2022-02-16,700908.35,16.86,48,24450.02,347462.5,Active,No,13
L00444,C00134,B023,Personal,2023-10-18,95420.29,17.09,12,9310.63,37649.77,Active,No,16
L00445,C00412,B007,Business,2023-08-09,1462187.66,11.85,48,44901.35,0,Closed,No,8
L00446,C00391,B023,Home,2024-07-17,196253.27,12.14,60,5256.32,120991.29,Defaulted,Yes,36
L00447,C00617,B015,Home,2023-12-08,1026714.22,16.53,24,56922.75,342010.67,Active,No,11
L00448,C00225,B011,Auto,2022-11-26,2096003.18,17.06,12,204465.11,0,Closed,No,8
L00449,C00734,B015,Business,2025-04-26,2389091.14,15.83,12,230607.02,1945009.44,Active,No,11
L00450,C00170,B011,Personal,2025-04-07,143045.58,10.73,60,3663.16,0,Closed,No,18
L00451,C00589,B016,Auto,2023-08-24,462713.46,15.62,84,11531.48,122852.14,Active,No,18
L00452,C00367,B012,Auto,2022-12-14,81206.89,14.99,36,3270.16,0,Closed,No,16
L00453,C00410,B006,Personal,2024-10-08,998206.01,15.57,36,40679.67,0,Closed,No,18
L00454,C00362,B008,Personal,2026-04-15,1657255.47,18.47,36,71542.8,1156572.97,Defaulted,Yes,78
L00455,C00880,B018,Home,2025-10-22,1763331.56,18.27,60,56235.58,1334870.77,Active,No,10
L00456,C00004,B017,Personal,2022-02-27,109716.15,21.27,84,3250.86,74916.94,Active,No,14
L00457,C00592,B014,Home,2024-10-11,1740185.4,10.8,84,36378.16,320741.1,Active,No,7
L00458,C00632,B001,Education,2022-01-26,144816.32,12.31,36,5508.25,114624.03,Active,No,2
L00459,C00451,B016,Education,2022-12-30,1154096.99,14.83,36,46320.97,0,Closed,No,5
L00460,C00769,B007,Business,2022-09-15,2169304.44,21.4,24,129073.61,1518106.86,Active,No,16
L00461,C00727,B003,Education,2022-04-17,876127.84,16.95,84,22805.4,496637.37,Active,No,16
L00462,C00827,B018,Auto,2025-11-19,140851.57,15.15,12,13515.88,97451.6,Active,No,2
L00463,C00675,B020,Business,2022-03-30,965833.2,18.41,36,41646.19,866717.17,Defaulted,Yes,60
L00464,C00185,B002,Auto,2025-03-10,900353.67,18.02,36,38530.14,0,Closed,No,13
L00465,C00475,B018,Auto,2025-04-17,171817.12,16.67,24,9545.87,51526.66,Active,No,8
L00466,C00214,B018,Business,2024-03-19,879331.89,15.33,36,35659.35,0,Closed,No,4
L00467,C00168,B024,Education,2025-03-08,176927.72,14.8,48,5868.1,105525.78,Active,No,12
L00468,C00027,B017,Business,2026-03-24,1532067.6,15.03,60,44723.61,1136212.94,Active,No,2
L00469,C00625,B017,Personal,2024-10-10,1171885.69,12.28,24,60820.87,540174.77,Active,No,5
L00470,C00150,B025,Education,2022-06-10,220953.42,15.44,84,5473.33,33907.4,Active,No,3
L00471,C00366,B006,Personal,2026-04-19,198614.15,16.27,84,5057.33,91831.73,Defaulted,Yes,43
L00472,C00575,B014,Education,2023-05-15,154240.08,12.03,48,4759.59,0,Closed,No,0
L00473,C00096,B020,Education,2022-01-10,1890256.61,14.99,48,62992.8,574862.08,Active,No,13
L00474,C00335,B005,Auto,2026-02-18,281795.76,15.61,84,7020.4,130548.74,Active,No,9
L00475,C00960,B004,Auto,2022-01-04,221308.09,15.69,12,21335.94,0,Closed,No,1
L00476,C00707,B001,Home,2022-02-07,342617.4,12.4,24,17816.1,261619.75,Active,No,5
L00477,C00300,B006,Auto,2023-02-28,1382763.58,13.53,48,44398.23,1009005.36,Defaulted,Yes,73
L00478,C00132,B005,Home,2026-03-22,832345.44,15.97,84,20986.0,286549.78,Defaulted,Yes,99
L00479,C00911,B019,Business,2025-12-11,107469.29,16.81,84,2784.86,0,Closed,No,13
L00480,C00877,B011,Personal,2025-08-23,212905.31,17.04,24,11894.31,143644.87,Active,No,5
L00481,C00144,B005,Home,2022-03-03,2209686.85,15.9,60,66106.46,1011926.59,Active,No,7
L00482,C00040,B012,Home,2024-09-10,1060372.66,18.52,36,45819.88,0,Closed,No,7
L00483,C00394,B010,Auto,2024-11-21,193131.66,15.57,60,5724.74,60033.28,Active,No,15
L00484,C00130,B022,Personal,2023-07-24,108685.02,18.03,60,3444.41,47710.72,Active,No,11
L00485,C00793,B005,Auto,2022-11-15,319955.36,13.05,24,16810.99,264391.68,Active,No,14
L00486,C00810,B014,Auto,2025-07-17,724365.27,16.54,60,22056.92,575863.52,Defaulted,Yes,61
L00487,C00562,B003,Education,2022-05-07,94766.14,13.93,60,2679.51,67360.44,Active,No,12
L00488,C00897,B002,Business,2023-08-22,645528.82,15.87,60,19295.93,0,Closed,No,11
L00489,C00244,B001,Business,2023-05-03,223945.79,13.57,60,6264.88,196503.1,Active,No,2
L00490,C00843,B004,Education,2024-10-14,636241.18,18.01,48,22803.94,140865.65,Defaulted,Yes,81
L00491,C00496,B020,Home,2023-12-11,144492.58,13.61,48,4649.05,132506.26,Active,No,12
L00492,C00029,B017,Business,2023-07-05,170380.87,14.02,84,4018.96,146782.48,Active,No,4
L00493,C00770,B003,Auto,2023-01-24,512379.79,14.92,36,20603.36,264600.46,Active,No,13
L00494,C00492,B025,Education,2025-01-02,830729.69,13.24,60,23011.21,135545.69,Active,No,1
L00495,C00178,B024,Education,2024-03-30,161846.37,17.38,84,4270.82,146773.9,Active,No,18
L00496,C00153,B008,Personal,2024-02-25,887782.16,13.47,24,46956.28,0,Closed,No,9
L00497,C00772,B003,Personal,2024-02-24,129254.06,12.9,48,4082.27,88808.37,Active,No,13
L00498,C00148,B016,Home,2024-06-16,108218.93,13.15,12,10204.14,28340.78,Defaulted,Yes,58
L00499,C00875,B011,Personal,2022-11-20,306069.67,15.67,12,29502.57,0,Closed,No,19
L00500,C00230,B010,Home,2024-06-26,958407.21,14.56,24,51562.31,639731.49,Active,No,7
L00501,C00112,B020,Education,2024-01-11,554868.96,13.53,48,17815.92,367589.17,Active,No,18
L00502,C00469,B017,Auto,2024-10-01,93900.27,18.43,36,4050.49,58327.34,Active,No,15
L00503,C00959,B023,Business,2023-02-17,1220380.37,19.28,48,45032.04,566227.28,Defaulted,Yes,106
L00504,C00733,B020,Education,2023-07-09,103613.74,15.88,36,4249.31,0,Closed,No,17
L00505,C00228,B025,Auto,2022-04-13,1647758.28,14.42,84,39416.73,0,Closed,No,13
L00506,C00932,B018,Personal,2023-03-11,1699609.56,16.85,36,71076.73,1056881.04,Defaulted,Yes,52
L00507,C00423,B013,Education,2023-07-12,1135648.09,14.88,36,45627.82,793973.09,Active,No,18
L00508,C00249,B023,Auto,2026-05-16,754704.18,15.22,12,72464.18,480533.09,Active,No,14
L00509,C00308,B016,Personal,2025-10-07,81635.41,14.96,60,2378.31,41682.69,Active,No,16
L00510,C00229,B022,Home,2026-04-02,2350547.69,15.45,48,79233.05,0,Closed,No,15
L00511,C00855,B003,Business,2023-04-21,448802.32,13.88,60,12671.19,266399.09,Active,No,8
L00512,C00713,B016,Education,2025-03-24,132640.07,14.17,36,5250.7,0,Closed,No,7
L00513,C00925,B020,Home,2023-08-25,168736.84,17.23,36,7109.91,0,Closed,No,20
L00514,C00416,B006,Personal,2025-07-14,530949.21,13.93,36,20912.02,490161.71,Defaulted,Yes,104
L00515,C00947,B006,Personal,2026-03-12,87852.76,14.06,36,3469.7,59692.89,Active,No,9
L00516,C00676,B010,Business,2025-06-26,169541.49,15.62,48,5738.98,0,Closed,No,1
L00517,C00823,B004,Education,2025-01-15,331239.92,15.57,60,9818.5,152817.91,Active,No,13
L00518,C00077,B010,Business,2026-01-30,119749.78,13.96,24,6382.66,103825.24,Active,No,2
L00519,C00139,B011,Home,2025-08-19,333731.96,15.22,12,32043.83,196932.11,Active,No,17
L00520,C00426,B015,Personal,2023-02-03,1372062.07,16.58,84,35291.4,0,Closed,No,6
L00521,C00950,B020,Home,2025-09-22,895527.31,15.12,60,26209.1,0,Closed,No,14
L00522,C00169,B008,Home,2024-11-10,87214.42,14.38,24,4679.05,21622.78,Active,No,9
L00523,C00327,B003,Personal,2023-04-03,1663875.88,16.18,24,91762.75,875070.89,Defaulted,Yes,83
L00524,C00955,B023,Education,2024-07-15,93644.81,17.19,48,3292.4,24279.87,Defaulted,Yes,120
L00525,C00725,B004,Personal,2023-04-12,2042137.4,11.33,12,189459.3,0,Closed,No,14
L00526,C00988,B013,Business,2024-10-28,841148.13,15.16,36,33991.73,286479.64,Active,No,0
L00527,C00895,B015,Education,2024-12-21,290117.48,12.91,48,9165.29,245883.53,Defaulted,Yes,51
L00528,C00425,B024,Auto,2024-02-14,551924.56,15.07,24,29928.11,111110.96,Active,No,12
L00529,C00054,B015,Auto,2025-11-30,515237.52,16.87,36,21555.53,384408.67,Defaulted,Yes,70
L00530,C00812,B022,Auto,2024-06-27,294312.91,15.62,36,12006.33,203764.09,Active,No,16
L00531,C00440,B010,Education,2026-01-15,1716973.26,16.44,24,95063.09,0,Closed,No,18
L00532,C00801,B014,Personal,2022-08-02,108287.85,16.02,36,4453.64,79986.89,Active,No,15
L00533,C00275,B019,Auto,2022-06-02,334481.58,14.98,36,13466.6,247122.64,Active,No,15
L00534,C00953,B006,Business,2026-03-18,105960.38,11.33,48,3207.95,67477.26,Defaulted,Yes,55
L00535,C00916,B003,Auto,2023-04-03,2188186.16,16.73,60,66976.73,0,Closed,No,1
L00536,C00075,B022,Home,2022-04-16,220752.17,16.66,48,7663.78,164955.58,Active,No,11
L00537,C00441,B007,Business,2026-05-12,881100.21,13.27,24,46456.01,344089.59,Active,No,11
L00538,C00348,B018,Personal,2023-11-26,182311.72,18.84,12,18054.94,155786.29,Defaulted,Yes,73
L00539,C00097,B010,Education,2022-10-01,1711937.96,18.34,84,46544.33,1001711.0,Defaulted,Yes,111
L00540,C00912,B007,Home,2026-02-22,336491.8,16.66,84,8677.48,80112.42,Active,No,16
L00541,C00783,B006,Education,2024-11-13,1109159.41,17.92,84,29767.73,1016951.33,Active,No,8
L00542,C00446,B017,Education,2025-07-19,1450779.99,15.32,24,78970.79,1012098.75,Defaulted,Yes,74
L00543,C00071,B008,Education,2023-01-15,493916.76,18.17,84,13358.68,0,Closed,No,6
L00544,C00927,B008,Auto,2025-03-17,167791.53,12.94,84,3806.87,131774.82,Defaulted,Yes,52
L00545,C00141,B010,Education,2026-04-15,256739.75,15.06,12,24617.06,179246.06,Active,No,8
L00546,C00437,B023,Auto,2024-01-24,174686.16,15.93,36,7171.35,101549.44,Defaulted,Yes,51
L00547,C00637,B012,Auto,2022-06-25,761631.67,14.39,24,40867.89,656855.69,Active,No,11
L00548,C00715,B025,Home,2024-10-31,889863.2,11.48,24,45590.66,365828.8,Active,No,9
L00549,C00182,B003,Auto,2024-02-18,92334.07,15.34,60,2719.24,75035.72,Active,No,16
L00550,C00445,B010,Auto,2026-05-16,1061697.78,14.3,24,56889.31,514138.85,Defaulted,Yes,99
L00551,C00051,B006,Home,2025-07-04,1162889.22,17.37,36,49135.3,221450.26,Active,No,16
L00552,C00867,B015,Business,2024-01-11,1739871.18,17.96,24,98534.7,0,Closed,No,19
L00553,C00176,B015,Education,2023-03-14,479012.05,11.45,84,10273.1,149397.11,Active,No,0
L00554,C00095,B024,Education,2022-11-19,1834810.71,14.78,48,60823.98,1029915.24,Active,No,0
L00555,C00459,B011,Business,2023-10-01,353361.85,16.93,48,12347.05,286328.08,Defaulted,Yes,66
L00556,C00186,B022,Home,2024-06-06,1368772.62,14.49,12,130592.31,919265.38,Defaulted,Yes,58
L00557,C00667,B019,Personal,2025-11-13,89149.52,14.11,84,2109.55,68188.93,Active,No,13
L00558,C00332,B012,Auto,2023-07-16,238778.61,17.16,60,7394.18,49641.22,Active,No,0
L00559,C00240,B022,Home,2022-11-08,2108528.78,13.21,48,67139.07,444397.83,Active,No,3
L00560,C00939,B020,Education,2022-03-16,100458.0,15.58,12,9675.78,75139.14,Active,No,1
L00561,C00858,B004,Business,2024-05-07,229304.41,18.0,36,9809.13,53456.15,Defaulted,Yes,63
L00562,C00887,B002,Education,2022-08-05,659775.49,15.69,60,19622.82,574809.42,Active,No,8
L00563,C00746,B012,Business,2024-10-03,177864.23,13.65,84,4140.64,167085.83,Active,No,7
L00564,C00721,B016,Auto,2022-12-30,232734.21,16.09,12,22515.1,74281.19,Defaulted,Yes,97
L00565,C00902,B024,Personal,2024-08-01,281585.42,12.23,12,26335.28,0,Closed,No,0
L00566,C00339,B022,Home,2022-02-19,1653569.68,15.45,36,67222.2,1119505.92,Defaulted,Yes,74
L00567,C00561,B009,Business,2023-06-02,113621.34,15.13,12,10901.02,76767.86,Active,No,3
L00568,C00041,B004,Auto,2026-04-07,1658375.61,14.49,60,47664.48,0,Closed,No,2
L00569,C00913,B006,Home,2025-11-24,205032.54,14.5,60,5894.69,0,Closed,No,5
L00570,C00853,B016,Business,2025-10-07,160462.92,15.12,60,4696.21,124986.29,Defaulted,Yes,53
L00571,C00303,B006,Home,2023-12-27,100360.44,16.6,84,2583.09,50420.07,Defaulted,Yes,80
L00572,C00552,B017,Business,2024-05-04,1602868.34,18.34,24,91283.35,1477665.78,Active,No,10
L00573,C00125,B012,Auto,2022-10-06,99089.06,14.33,84,2362.92,0,Closed,No,2
L00574,C00835,B022,Home,2023-05-21,346488.13,16.06,12,33511.18,0,Closed,No,5
L00575,C00811,B013,Business,2023-05-06,1350361.48,18.22,24,76768.05,1239937.36,Defaulted,Yes,67
L00576,C00064,B010,Education,2023-04-21,110347.31,15.49,84,2738.06,39229.85,Active,No,19
L00577,C00295,B002,Business,2026-02-19,430871.97,15.47,36,17523.32,142106.59,Defaulted,Yes,33
L00578,C00217,B012,Business,2023-08-12,1928709.52,17.89,12,189479.64,1569180.04,Active,No,18
L00579,C00885,B021,Auto,2022-04-28,100613.69,17.94,36,4299.0,0,Closed,No,15
L00580,C00646,B003,Business,2022-08-30,140074.79,13.23,36,5435.29,44701.08,Defaulted,Yes,92
L00581,C00318,B010,Auto,2023-06-03,168381.81,15.77,48,5720.77,0,Closed,No,7
L00582,C00683,B001,Personal,2023-05-30,161508.9,12.59,48,5059.27,115966.65,Defaulted,Yes,75
L00583,C00156,B010,Business,2023-07-22,1011149.32,15.39,84,25005.48,0,Closed,No,15
L00584,C00135,B021,Education,2024-02-14,297463.54,18.42,60,9523.79,149917.66,Active,No,7
L00585,C00380,B025,Auto,2024-08-20,951378.22,13.42,36,37066.75,147790.93,Defaulted,Yes,43
L00586,C00257,B005,Business,2023-03-08,1601257.69,14.73,60,46343.07,1316482.32,Active,No,4
L00587,C00840,B004,Auto,2022-01-10,2142704.59,13.96,36,84446.37,1647679.63,Active,No,3
L00588,C00199,B020,Education,2023-11-04,807285.82,13.51,84,18699.24,206599.71,Active,No,13
L00589,C00914,B001,Personal,2023-03-21,1024255.48,15.37,12,98473.63,538660.36,Active,No,2
L00590,C00346,B015,Personal,2025-02-07,1389059.35,15.23,84,34165.9,479619.56,Defaulted,Yes,79
L00591,C00548,B016,Business,2023-04-17,431346.41,18.96,60,14004.38,136889.63,Defaulted,Yes,109
L00592,C00945,B016,Education,2025-11-30,672098.81,12.4,84,14946.2,452168.4,Defaulted,Yes,74
L00593,C00926,B025,Auto,2023-04-30,261700.85,18.69,48,9528.09,58724.02,Active,No,8
L00594,C00928,B010,Education,2023-07-12,1701460.51,16.11,36,70104.9,1438657.39,Defaulted,Yes,87
L00595,C00671,B021,Business,2022-03-23,1222164.57,17.06,60,37744.52,705442.61,Active,No,19
L00596,C00742,B014,Education,2025-03-23,472918.8,12.7,36,18141.69,301570.45,Active,No,3
L00597,C00712,B019,Auto,2022-02-13,106532.94,13.29,36,4139.1,62124.45,Active,No,18
L00598,C00799,B013,Auto,2022-02-11,175350.78,19.16,84,4887.28,0,Closed,No,15
L00599,C00777,B001,Education,2022-03-06,728794.38,14.49,24,39166.62,578730.86,Active,No,16
L00600,C00524,B014,Education,2025-10-19,1965052.33,17.64,12,192640.63,0,Closed,No,18
L00601,C00379,B001,Education,2023-04-20,143232.33,15.52,24,7820.49,35087.88,Active,No,8
L00602,C00059,B025,Education,2026-01-02,2287209.23,14.09,60,64975.8,2064689.83,Active,No,12
L00603,C00862,B019,Business,2022-05-17,842765.07,12.51,60,22831.91,0,Closed,No,3
L00604,C00167,B001,Business,2025-08-06,227959.69,16.65,60,6962.27,0,Closed,No,5
L00605,C00378,B021,Education,2025-07-03,515490.41,15.0,12,49401.16,295820.65,Defaulted,Yes,42
L00606,C00016,B003,Home,2024-01-24,803216.17,16.61,36,33429.41,160136.68,Active,No,8
L00607,C00262,B011,Auto,2024-12-20,294687.98,16.75,12,28670.68,273103.34,Active,No,0
L00608,C00293,B010,Auto,2023-06-08,1692948.26,14.98,60,49349.44,620950.89,Active,No,9
L00609,C00070,B010,Education,2022-03-16,80191.12,13.21,36,3110.3,21587.27,Active,No,3
L00610,C00723,B006,Business,2024-06-29,109063.4,13.81,12,10343.75,0,Closed,No,13
L00611,C00660,B017,Auto,2024-10-27,2192467.43,13.98,60,62083.37,598751.99,Active,No,6
L00612,C00503,B008,Business,2025-03-25,451724.62,18.39,48,16333.61,379916.64,Defaulted,Yes,44
L00613,C00209,B011,Auto,2025-07-16,1613792.07,17.34,48,56939.96,1188091.84,Active,No,11
L00614,C00365,B015,Home,2025-12-09,2321068.78,14.53,60,66788.75,2037501.44,Active,No,1
L00615,C00149,B015,Auto,2022-10-20,656254.27,13.31,84,15091.5,0,Closed,No,1
L00616,C00429,B007,Auto,2025-02-17,1077280.78,13.64,12,102018.49,507444.17,Defaulted,Yes,111
L00617,C00536,B019,Auto,2022-02-11,148527.83,17.01,84,3873.57,132157.03,Defaulted,Yes,74
L00618,C00171,B018,Home,2022-09-05,1181636.44,11.95,36,44590.36,822019.43,Active,No,15
L00619,C00014,B006,Personal,2024-06-15,1411273.57,15.52,12,135858.6,861614.36,Active,No,14
L00620,C00510,B011,Education,2022-01-19,146344.71,13.46,36,5706.63,42843.63,Active,No,14
L00621,C00559,B014,Auto,2025-11-09,205557.59,14.07,12,19539.96,0,Closed,No,20
L00622,C00651,B002,Home,2024-03-25,149224.84,16.03,48,5102.25,123640.08,Active,No,14
L00623,C00844,B023,Education,2022-05-28,85753.46,15.77,24,4700.0,52279.0,Active,No,10
L00624,C00506,B023,Auto,2022-09-16,1847184.5,15.26,48,61973.04,844459.03,Active,No,14
L00625,C00785,B001,Education,2023-02-23,1726060.16,12.39,84,38369.91,1216809.86,Active,No,3
L00626,C00507,B025,Home,2025-09-20,813008.76,16.26,12,78767.0,276460.8,Active,No,0
L00627,C00831,B024,Personal,2026-04-28,1335861.05,18.87,24,76667.29,0,Closed,No,13
L00628,C00108,B020,Personal,2023-08-10,975621.03,12.49,36,37255.17,0,Closed,No,20
L00629,C00189,B005,Education,2022-08-22,182217.29,13.56,84,4228.31,59585.73,Active,No,7
L00630,C00383,B020,Education,2022-05-31,235603.81,16.83,48,8212.76,104267.51,Active,No,2
L00631,C00614,B025,Home,2024-07-16,357119.73,13.63,36,13976.28,161607.81,Active,No,14
L00632,C00967,B006,Auto,2024-02-28,2205766.4,13.99,60,62478.33,566234.53,Active,No,3
L00633,C00638,B012,Auto,2023-12-14,635742.76,16.6,84,16362.81,280576.22,Active,No,5
L00634,C00032,B004,Auto,2023-07-01,610835.37,15.72,48,20727.68,469092.34,Defaulted,Yes,73
L00635,C00656,B009,Education,2025-02-23,2071461.27,13.89,36,81517.76,719226.56,Active,No,13
L00636,C00387,B018,Auto,2025-09-24,81399.67,18.29,36,3501.77,17900.93,Defaulted,Yes,105
L00637,C00069,B021,Education,2023-02-16,1616872.32,17.79,60,50918.0,1003057.91,Active,No,6
L00638,C00340,B021,Auto,2023-07-02,170106.66,11.92,24,8777.5,97635.83,Active,No,0
L00639,C00079,B012,Personal,2022-11-23,157464.74,15.45,84,3901.94,76134.44,Active,No,2
L00640,C00602,B003,Education,2022-11-01,910892.66,13.98,36,35914.47,246792.44,Active,No,4
L00641,C00553,B004,Business,2022-03-22,227748.23,18.4,48,8236.89,214459.4,Defaulted,Yes,43
L00642,C00419,B018,Education,2026-01-15,505605.1,13.75,60,14220.14,301692.56,Defaulted,Yes,64
L00643,C00910,B015,Home,2023-05-30,110975.75,15.29,84,2735.16,65813.35,Active,No,20
L00644,C00790,B001,Education,2022-08-14,168569.84,17.98,60,5335.24,0,Closed,No,7
L00645,C00232,B019,Business,2023-10-25,109113.13,15.19,12,10473.95,0,Closed,No,19
L00646,C00781,B004,Business,2022-03-27,93188.02,15.04,60,2721.09,15176.89,Defaulted,Yes,57
L00647,C00648,B001,Personal,2025-02-06,542479.67,12.93,12,51051.86,228537.19,Active,No,7
L00648,C00253,B003,Business,2024-06-03,887158.85,17.1,84,23203.43,0,Closed,No,5
L00649,C00752,B008,Education,2024-04-21,166673.6,19.1,12,16542.35,27939.88,Active,No,4
L00650,C00572,B010,Education,2024-05-30,129645.8,17.57,36,5499.5,34401.43,Active,No,3
L00013,C00633,B019,Personal,2024-02-25,1549842.57,10.94,60,39960.11,0,Closed,No,7
