customer_id,customer_name,customer_segment,total_loans,total_loan_value,total_outstanding_balance,average_credit_score,max_days_past_due,defaulted_loans,max_loan_risk_score,average_loan_risk_score,customer_loan_risk_level
C00002,Deepa Rao,Mass Affluent,1,1806925.33,1262215.49,776.0,7,0,25,25.0,Medium
C00004,Rahul Singh,Retail,1,109716.15,74916.94,498.0,14,0,70,70.0,Critical
C00005,Vishal Verma,Retail,1,262340.01,82838.0,678.0,17,0,35,35.0,Medium
C00006,Meena Iyer,Retail,1,1645034.15,458940.06,666.0,70,1,70,70.0,Critical
C00008,Anitha Gupta,Mass Affluent,1,899386.34,503658.96,828.0,2,0,25,25.0,Medium
C00010,Kavya Gupta,Retail,1,1094741.95,329562.9,606.0,80,1,70,70.0,Critical
C00011,Ajay Iyer,Retail,1,1349357.03,883309.32,644.0,1,0,35,35.0,Medium
C00012,Deepa Singh,Senior Citizen,1,837582.26,355280.65,727.0,87,1,70,70.0,Critical
C00014,Deepa Kumar,Retail,1,1411273.57,861614.36,677.0,14,0,35,35.0,Medium
C00016,Sanjay Iyer,Mass Affluent,1,803216.17,160136.68,643.0,8,0,35,35.0,Medium
C00022,Rohit Nair,Sme Owner,1,309207.63,0.0,637.0,12,0,50,50.0,High
C00023,Divya Singh,Senior Citizen,1,330362.82,301888.94,568.0,106,1,80,80.0,Critical
C00024,Rahul Reddy,Sme Owner,1,1438784.08,0.0,810.0,16,0,25,25.0,Medium
C00025,Vijay Sharma,Retail,1,1932918.89,1734777.59,653.0,71,1,70,70.0,Critical
C00027,Pooja Singh,Premium,1,1532067.6,1136212.94,702.0,2,0,35,35.0,Medium
C00028,Ajay Reddy,Retail,1,313766.89,56813.11,713.0,11,0,40,40.0,Medium
C00029,Anitha Nair,Premium,1,170380.87,146782.48,758.0,4,0,30,30.0,Medium
C00030,Karthik Reddy,Retail,1,1493194.18,0.0,660.0,7,0,35,35.0,Medium
C00031,Geetha Singh,Sme Owner,1,177889.43,0.0,789.0,5,0,30,30.0,Medium
C00032,Meena Gupta,Senior Citizen,1,610835.37,469092.34,659.0,73,1,70,70.0,Critical
C00033,Vishal Rao,Sme Owner,1,140051.09,56032.61,717.0,56,1,70,70.0,Critical
C00034,Kavya Patel,Senior Citizen,1,1205059.9,622906.49,598.0,8,0,60,60.0,High
C00035,Anitha Nair,Retail,1,483446.12,95548.6,713.0,75,1,70,70.0,Critical
C00036,Naveen Gupta,Senior Citizen,1,821764.67,0.0,731.0,2,0,25,25.0,Medium
C00037,Arun Iyer,Senior Citizen,1,1617073.39,1376328.27,649.0,75,1,70,70.0,Critical
C00039,Suresh Kumar,Retail,1,178020.92,122946.75,787.0,19,0,25,25.0,Medium
C00040,Ajay Reddy,Retail,1,1060372.66,0.0,612.0,7,0,50,50.0,High
C00041,Priya Kumar,Senior Citizen,1,1658375.61,0.0,691.0,2,0,25,25.0,Medium
C00042,Vijay Iyer,Premium,1,315690.63,0.0,740.0,0,0,25,25.0,Medium
C00043,Suresh Gupta,Retail,1,1725290.08,0.0,684.0,4,0,40,40.0,Medium
C00044,Suresh Kumar,Mass Affluent,1,862768.54,685635.27,590.0,70,1,90,90.0,Critical
C00046,Suresh Reddy,Senior Citizen,1,428348.64,206174.17,671.0,19,0,30,30.0,Medium
C00047,Arun Patel,Retail,1,809763.57,584941.83,742.0,16,0,30,30.0,Medium
C00051,Sanjay Patel,Sme Owner,1,1162889.22,221450.26,583.0,16,0,70,70.0,Critical
C00053,Naveen Iyer,Retail,1,156698.04,42145.99,633.0,15,0,60,60.0,High
C00054,Lakshmi Singh,Premium,1,515237.52,384408.67,615.0,70,1,70,70.0,Critical
C00055,Suresh Verma,Sme Owner,1,566489.82,322229.84,778.0,9,0,25,25.0,Medium
C00056,Arun Gupta,Mass Affluent,1,342397.4,141978.28,806.0,1,0,25,25.0,Medium
C00057,Suresh Nair,Mass Affluent,1,312366.27,0.0,663.0,7,0,30,30.0,Medium
C00059,Rahul Verma,Retail,1,2287209.23,2064689.83,729.0,12,0,30,30.0,Medium
C00060,Priya Sharma,Premium,1,172857.12,0.0,609.0,20,0,35,35.0,Medium
C00062,Karthik Iyer,Retail,1,1683156.51,325771.87,567.0,99,1,75,75.0,Critical
C00064,Divya Reddy,Mass Affluent,1,110347.31,39229.85,732.0,19,0,40,40.0,Medium
C00065,Kavya Patel,Mass Affluent,1,1781761.71,0.0,763.0,10,0,35,35.0,Medium
C00068,Pooja Kumar,Student,1,2124040.72,0.0,725.0,9,0,30,30.0,Medium
C00069,Vishal Verma,Sme Owner,1,1616872.32,1003057.91,572.0,6,0,55,55.0,High
C00070,Deepa Gupta,Sme Owner,1,80191.12,21587.27,801.0,3,0,30,30.0,Medium
C00071,Meena Singh,Student,1,493916.76,0.0,604.0,6,0,35,35.0,Medium
C00072,Divya Singh,Premium,1,169813.84,54221.12,716.0,4,0,30,30.0,Medium
C00075,Kavya Reddy,Premium,1,220752.17,164955.58,612.0,11,0,35,35.0,Medium
C00077,Rohit Rao,Mass Affluent,1,119749.78,103825.24,728.0,2,0,30,30.0,Medium
C00079,Vijay Rao,Retail,1,157464.74,76134.44,681.0,2,0,35,35.0,Medium
C00081,Rohit Kumar,Sme Owner,1,179768.64,155310.09,678.0,3,0,40,40.0,Medium
C00085,Rohit Sharma,Senior Citizen,1,2278894.11,0.0,749.0,20,0,25,25.0,Medium
C00088,Ajay Gupta,Mass Affluent,1,82011.9,76634.68,663.0,12,0,35,35.0,Medium
C00090,Lakshmi Gupta,Mass Affluent,1,162399.69,41469.9,555.0,1,0,55,55.0,High
C00091,Kavya Singh,Retail,1,164045.29,66031.61,583.0,100,1,90,90.0,Critical
C00095,Rohit Kumar,Retail,1,1834810.71,1029915.24,654.0,0,0,25,25.0,Medium
C00096,Rohit Sharma,Retail,1,1890256.61,574862.08,682.0,13,0,25,25.0,Medium
C00097,Vishal Singh,Retail,1,1711937.96,1001711.0,619.0,111,1,70,70.0,Critical
C00098,Priya Kumar,Sme Owner,1,181747.13,0.0,727.0,19,0,25,25.0,Medium
C00099,Rohit Gupta,Mass Affluent,1,553134.48,480065.17,721.0,114,1,70,70.0,Critical
C00105,Naveen Kumar,Senior Citizen,1,1206476.89,225936.48,771.0,7,0,25,25.0,Medium
C00107,Lakshmi Patel,Mass Affluent,1,779953.63,692301.19,691.0,3,0,25,25.0,Medium
C00108,Rahul Singh,Mass Affluent,1,975621.03,0.0,789.0,20,0,25,25.0,Medium
C00112,Geetha Sharma,Retail,1,554868.96,367589.17,759.0,18,0,30,30.0,Medium
C00113,Deepa Nair,Sme Owner,1,259467.25,0.0,717.0,6,0,35,35.0,Medium
C00115,Karthik Sharma,Sme Owner,1,1719445.72,318409.17,579.0,15,0,60,60.0,High
C00118,Pooja Verma,Retail,1,736446.82,0.0,620.0,17,0,40,40.0,Medium
C00119,Pooja Kumar,Retail,1,454962.78,317281.58,677.0,51,1,70,70.0,Critical
C00121,Suresh Iyer,Retail,1,87489.86,0.0,743.0,7,0,40,40.0,Medium
C00122,Divya Sharma,Retail,1,183515.69,134396.72,642.0,13,0,25,25.0,Medium
C00123,Sneha Kumar,Retail,1,836138.9,0.0,699.0,4,0,30,30.0,Medium
C00124,Kavya Iyer,Retail,1,421844.15,67184.69,711.0,43,1,70,70.0,Critical
C00125,Karthik Iyer,Retail,1,99089.06,0.0,694.0,2,0,25,25.0,Medium
C00128,Sneha Patel,Mass Affluent,1,270023.29,0.0,766.0,8,0,30,30.0,Medium
C00130,Kavya Nair,Senior Citizen,1,108685.02,47710.72,599.0,11,0,55,55.0,High
C00131,Sneha Singh,Retail,1,211632.11,138684.69,763.0,19,0,25,25.0,Medium
C00132,Lakshmi Singh,Retail,1,832345.44,286549.78,668.0,99,1,70,70.0,Critical
C00133,Anitha Gupta,Mass Affluent,1,602050.96,438637.11,743.0,17,0,25,25.0,Medium
C00134,Rohit Gupta,Senior Citizen,1,95420.29,37649.77,590.0,16,0,55,55.0,High
C00135,Vijay Nair,Retail,1,297463.54,149917.66,597.0,7,0,60,60.0,High
C00139,Naveen Singh,Retail,1,333731.96,196932.11,731.0,17,0,40,40.0,Medium
C00140,Divya Patel,Mass Affluent,1,238860.02,163519.81,673.0,5,0,35,35.0,Medium
C00141,Suresh Iyer,Retail,1,256739.75,179246.06,728.0,8,0,40,40.0,Medium
C00144,Priya Kumar,Student,1,2209686.85,1011926.59,660.0,7,0,40,40.0,Medium
C00145,Ajay Verma,Premium,1,190348.43,124188.19,650.0,62,1,70,70.0,Critical
C00148,Arun Patel,Retail,1,108218.93,28340.78,773.0,58,1,70,70.0,Critical
C00149,Rohit Rao,Retail,1,656254.27,0.0,778.0,1,0,30,30.0,Medium
C00150,Sneha Reddy,Retail,1,220953.42,33907.4,720.0,3,0,35,35.0,Medium
C00151,Kavya Iyer,Mass Affluent,1,895344.63,773244.77,721.0,15,0,40,40.0,Medium
C00153,Vijay Sharma,Student,1,887782.16,0.0,792.0,9,0,25,25.0,Medium
C00156,Ajay Patel,Sme Owner,1,1011149.32,0.0,731.0,15,0,40,40.0,Medium
C00159,Rahul Nair,Mass Affluent,1,250459.42,0.0,642.0,2,0,50,50.0,High
C00161,Rohit Patel,Student,1,119180.75,26728.39,718.0,11,0,25,25.0,Medium
C00163,Deepa Sharma,Senior Citizen,1,711439.14,216073.0,702.0,7,0,30,30.0,Medium
C00164,Priya Patel,Mass Affluent,1,336863.28,0.0,718.0,9,0,35,35.0,Medium
C00167,Karthik Rao,Retail,1,227959.69,0.0,665.0,5,0,35,35.0,Medium
C00168,Deepa Gupta,Senior Citizen,1,176927.72,105525.78,725.0,12,0,25,25.0,Medium
C00169,Pooja Verma,Retail,1,87214.42,21622.78,755.0,9,0,25,25.0,Medium
C00170,Lakshmi Rao,Retail,1,143045.58,0.0,898.0,18,0,25,25.0,Medium
C00171,Vishal Nair,Retail,1,1181636.44,822019.43,769.0,15,0,30,30.0,Medium
C00173,Rohit Patel,Mass Affluent,1,154639.84,107102.79,702.0,6,0,35,35.0,Medium
C00174,Sneha Singh,Retail,1,178980.63,151184.96,752.0,1,0,30,30.0,Medium
C00176,Anitha Gupta,Premium,1,479012.05,149397.11,894.0,0,0,25,25.0,Medium
C00178,Suresh Nair,Premium,1,161846.37,146773.9,616.0,18,0,40,40.0,Medium
C00181,Kavya Kumar,Mass Affluent,1,234542.01,109134.89,591.0,4,0,55,55.0,High
C00182,Meena Rao,Retail,1,92334.07,75035.72,680.0,16,0,35,35.0,Medium
C00184,Kavya Kumar,Student,1,1752375.09,1271630.87,730.0,12,0,30,30.0,Medium
C00185,Priya Nair,Mass Affluent,1,900353.67,0.0,596.0,13,0,70,70.0,Critical
C00186,Sanjay Verma,Sme Owner,1,1368772.62,919265.38,670.0,58,1,70,70.0,Critical
C00187,Rohit Singh,Retail,1,1306101.44,630781.77,752.0,3,0,30,30.0,Medium
C00188,Rahul Kumar,Senior Citizen,1,657864.87,178110.62,726.0,117,1,70,70.0,Critical
C00189,Geetha Reddy,Student,1,182217.29,59585.73,773.0,7,0,25,25.0,Medium
C00190,Meena Singh,Mass Affluent,1,175254.97,0.0,594.0,12,0,55,55.0,High
C00191,Deepa Singh,Senior Citizen,1,891860.23,416237.09,668.0,12,0,40,40.0,Medium
C00192,Vishal Sharma,Retail,1,1420322.24,1239689.55,785.0,14,0,30,30.0,Medium
C00193,Kavya Singh,Sme Owner,1,2245642.37,474780.67,806.0,6,0,30,30.0,Medium
C00194,Ajay Iyer,Retail,1,168844.29,131650.13,822.0,51,1,70,70.0,Critical
C00199,Deepa Verma,Retail,1,807285.82,206599.71,747.0,13,0,25,25.0,Medium
C00200,Rahul Gupta,Retail,1,888526.52,239402.02,746.0,11,0,25,25.0,Medium
C00201,Ajay Patel,Student,1,160093.78,0.0,690.0,11,0,40,40.0,Medium
C00202,Rohit Iyer,Mass Affluent,1,228210.8,0.0,796.0,18,0,15,15.0,Low
C00204,Divya Iyer,Sme Owner,1,1970548.72,1387957.01,691.0,9,0,40,40.0,Medium
C00205,Geetha Nair,Mass Affluent,1,176480.69,57727.0,632.0,17,0,40,40.0,Medium
C00206,Meena Rao,Retail,1,714204.67,452409.5,630.0,15,0,45,45.0,Medium
C00207,Ajay Verma,Retail,1,587791.8,192106.85,771.0,33,1,70,70.0,Critical
C00208,Rohit Iyer,Retail,1,934632.68,647224.43,661.0,34,1,70,70.0,Critical
C00209,Divya Patel,Student,1,1613792.07,1188091.84,644.0,11,0,35,35.0,Medium
C00210,Arun Patel,Senior Citizen,1,1655029.43,1180325.4,791.0,11,0,25,25.0,Medium
C00211,Divya Singh,Senior Citizen,1,847702.41,366249.3,697.0,38,1,70,70.0,Critical
C00212,Kavya Rao,Mass Affluent,1,318336.14,0.0,657.0,16,0,40,40.0,Medium
C00213,Meena Nair,Mass Affluent,1,1607736.22,0.0,752.0,20,0,30,30.0,Medium
C00214,Geetha Sharma,Senior Citizen,1,879331.89,0.0,688.0,4,0,40,40.0,Medium
C00215,Suresh Reddy,Sme Owner,1,169702.67,74392.42,714.0,75,1,70,70.0,Critical
C00216,Rohit Sharma,Student,1,287264.88,215161.1,759.0,18,0,25,25.0,Medium
C00217,Pooja Gupta,Premium,1,1928709.52,1569180.04,555.0,18,0,60,60.0,High
C00218,Suresh Kumar,Student,1,136651.81,31996.33,777.0,10,0,20,20.0,Low
C00219,Sanjay Patel,Senior Citizen,1,1584927.01,465501.72,733.0,20,0,30,30.0,Medium
C00221,Sneha Reddy,Premium,1,195505.05,74385.85,868.0,3,0,30,30.0,Medium
C00222,Karthik Singh,Mass Affluent,1,107828.17,17526.1,708.0,45,1,70,70.0,Critical
C00224,Ajay Sharma,Retail,1,149580.69,85749.66,517.0,4,0,65,65.0,High
C00225,Naveen Nair,Retail,1,2096003.18,0.0,612.0,8,0,35,35.0,Medium
C00227,Priya Nair,Retail,1,191213.97,151414.97,613.0,15,0,25,25.0,Medium
C00228,Suresh Gupta,Student,1,1647758.28,0.0,692.0,13,0,30,30.0,Medium
C00229,Deepa Rao,Retail,1,2350547.69,0.0,653.0,15,0,30,30.0,Medium
C00230,Pooja Nair,Retail,1,958407.21,639731.49,715.0,7,0,30,30.0,Medium
C00232,Vijay Singh,Retail,1,109113.13,0.0,695.0,19,0,35,35.0,Medium
C00233,Vishal Iyer,Senior Citizen,1,134064.77,97411.64,639.0,4,0,50,50.0,High
C00234,Vishal Kumar,Retail,1,144660.68,101685.64,747.0,47,1,70,70.0,Critical
C00236,Karthik Patel,Senior Citizen,1,1522448.92,900622.04,734.0,13,0,25,25.0,Medium
C00240,Karthik Verma,Retail,1,2108528.78,444397.83,766.0,3,0,30,30.0,Medium
C00242,Suresh Singh,Retail,1,413109.15,0.0,742.0,9,0,25,25.0,Medium
C00243,Vijay Singh,Senior Citizen,1,155215.72,103398.56,667.0,14,0,40,40.0,Medium
C00244,Karthik Nair,Mass Affluent,1,223945.79,196503.1,769.0,2,0,20,20.0,Low
C00245,Deepa Nair,Retail,1,1492076.91,572495.01,592.0,118,1,75,75.0,Critical
C00248,Sanjay Sharma,Mass Affluent,1,688243.58,514893.65,793.0,42,1,70,70.0,Critical
C00249,Ajay Sharma,Premium,1,754704.18,480533.09,668.0,14,0,40,40.0,Medium
C00251,Sneha Verma,Retail,1,478451.32,0.0,674.0,13,0,40,40.0,Medium
C00252,Ajay Iyer,Retail,1,1736349.2,1177352.29,636.0,19,0,45,45.0,Medium
C00253,Suresh Sharma,Senior Citizen,1,887158.85,0.0,618.0,5,0,35,35.0,Medium
C00254,Vishal Patel,Sme Owner,1,328440.64,95651.43,679.0,9,0,35,35.0,Medium
C00255,Rohit Singh,Sme Owner,1,130723.27,109663.33,659.0,120,1,70,70.0,Critical
C00257,Divya Kumar,Mass Affluent,1,1601257.69,1316482.32,703.0,4,0,30,30.0,Medium
C00258,Sneha Iyer,Senior Citizen,1,1484829.07,695300.23,654.0,14,0,50,50.0,High
C00259,Karthik Iyer,Student,1,1097976.56,1041399.28,621.0,13,0,35,35.0,Medium
C00260,Deepa Gupta,Senior Citizen,1,513268.48,219269.57,563.0,78,1,75,75.0,Critical
C00261,Arun Iyer,Retail,1,142463.94,45506.46,719.0,5,0,35,35.0,Medium
C00262,Geetha Verma,Student,1,294687.98,273103.34,620.0,0,0,35,35.0,Medium
C00264,Karthik Reddy,Mass Affluent,1,934542.57,0.0,688.0,2,0,25,25.0,Medium
C00265,Vijay Singh,Mass Affluent,1,2324978.44,1957200.72,614.0,6,0,35,35.0,Medium
C00266,Lakshmi Reddy,Retail,1,173614.72,105270.09,732.0,19,0,35,35.0,Medium
C00268,Suresh Rao,Premium,1,278598.04,214048.54,632.0,18,0,45,45.0,Medium
C00269,Pooja Singh,Retail,1,107700.02,0.0,554.0,13,0,60,60.0,High
C00270,Ajay Rao,Retail,1,1490529.88,1342911.0,718.0,4,0,35,35.0,Medium
C00271,Pooja Sharma,Premium,1,685149.7,491416.1,767.0,12,0,30,30.0,Medium
C00272,Vijay Gupta,Mass Affluent,1,2117281.7,0.0,743.0,12,0,25,25.0,Medium
C00273,Ajay Iyer,Retail,1,1353845.8,0.0,635.0,13,0,40,40.0,Medium
C00274,Anitha Patel,Retail,1,508153.83,0.0,621.0,12,0,40,40.0,Medium
C00275,Kavya Rao,Senior Citizen,1,334481.58,247122.64,706.0,15,0,25,25.0,Medium
C00276,Sanjay Kumar,Mass Affluent,1,309039.14,235683.33,799.0,9,0,30,30.0,Medium
C00277,Arun Nair,Premium,1,208241.69,0.0,824.0,19,0,15,15.0,Low
C00279,Pooja Rao,Mass Affluent,1,1704574.16,936324.08,764.0,19,0,25,25.0,Medium
C00280,Vijay Gupta,Senior Citizen,1,534666.42,184333.4,749.0,13,0,25,25.0,Medium
C00281,Meena Kumar,Mass Affluent,1,986790.24,434666.2,731.0,3,0,25,25.0,Medium
C00282,Rahul Reddy,Retail,1,80818.57,56600.32,764.0,19,0,30,30.0,Medium
C00284,Deepa Patel,Mass Affluent,1,283285.46,201981.21,643.0,90,1,70,70.0,Critical
C00287,Rohit Nair,Sme Owner,1,94467.88,0.0,688.0,5,0,25,25.0,Medium
C00288,Divya Patel,Retail,1,631315.2,495319.76,723.0,58,1,70,70.0,Critical
C00291,Rohit Iyer,Retail,1,166572.62,0.0,737.0,16,0,25,25.0,Medium
C00292,Vijay Rao,Premium,1,2392557.75,0.0,717.0,19,0,25,25.0,Medium
C00293,Ajay Singh,Mass Affluent,1,1692948.26,620950.89,693.0,9,0,30,30.0,Medium
C00295,Meena Patel,Retail,1,430871.97,142106.59,709.0,33,1,70,70.0,Critical
C00299,Rahul Sharma,Mass Affluent,1,97748.07,40040.89,748.0,17,0,25,25.0,Medium
C00301,Arun Sharma,Retail,1,1229375.18,0.0,647.0,0,0,40,40.0,Medium
C00303,Deepa Verma,Premium,1,100360.44,50420.07,679.0,80,1,70,70.0,Critical
C00305,Kavya Patel,Sme Owner,1,487072.64,0.0,689.0,17,0,30,30.0,Medium
C00307,Rahul Rao,Premium,1,1189350.72,0.0,606.0,17,0,35,35.0,Medium
C00308,Rahul Iyer,Mass Affluent,1,81635.41,41682.69,650.0,16,0,30,30.0,Medium
C00309,Vijay Verma,Retail,1,104690.75,0.0,754.0,18,0,25,25.0,Medium
C00311,Suresh Sharma,Retail,1,760594.54,0.0,791.0,3,0,25,25.0,Medium
C00316,Priya Reddy,Retail,1,138357.32,0.0,628.0,19,0,35,35.0,Medium
C00318,Lakshmi Iyer,Mass Affluent,1,168381.81,0.0,683.0,7,0,35,35.0,Medium
C00322,Rahul Iyer,Retail,1,99073.12,77724.18,800.0,16,0,25,25.0,Medium
C00323,Rahul Gupta,Mass Affluent,1,112191.58,43063.25,684.0,55,1,70,70.0,Critical
C00324,Sanjay Iyer,Sme Owner,1,209693.25,0.0,766.0,12,0,30,30.0,Medium
C00327,Ajay Gupta,Mass Affluent,1,1663875.88,875070.89,632.0,83,1,70,70.0,Critical
C00328,Karthik Iyer,Retail,1,309711.61,0.0,643.0,5,0,40,40.0,Medium
C00330,Deepa Rao,Retail,1,232730.99,0.0,758.0,4,0,30,30.0,Medium
C00332,Deepa Patel,Retail,1,238778.61,49641.22,670.0,0,0,35,35.0,Medium
C00334,Rahul Gupta,Retail,1,1744321.04,341106.11,693.0,16,0,30,30.0,Medium
C00335,Naveen Patel,Mass Affluent,1,281795.76,130548.74,672.0,9,0,35,35.0,Medium
C00336,Karthik Singh,Senior Citizen,1,646043.91,411459.05,685.0,62,1,70,70.0,Critical
C00337,Rohit Iyer,Sme Owner,1,550486.22,0.0,622.0,19,0,35,35.0,Medium
C00339,Kavya Iyer,Senior Citizen,1,1653569.68,1119505.92,696.0,74,1,70,70.0,Critical
C00340,Kavya Patel,Retail,1,170106.66,97635.83,784.0,0,0,25,25.0,Medium
C00341,Deepa Verma,Premium,1,1984306.39,0.0,655.0,18,0,45,45.0,Medium
C00343,Rohit Sharma,Premium,1,445814.78,235313.32,767.0,1,0,25,25.0,Medium
C00344,Sanjay Verma,Retail,1,1466176.09,675227.3,759.0,87,1,70,70.0,Critical
C00346,Rohit Verma,Premium,1,1389059.35,479619.56,662.0,79,1,70,70.0,Critical
C00348,Geetha Verma,Mass Affluent,1,182311.72,155786.29,525.0,73,1,75,75.0,Critical
C00349,Pooja Iyer,Student,1,245369.67,0.0,744.0,11,0,35,35.0,Medium
C00350,Rohit Reddy,Sme Owner,1,1035295.79,676463.38,605.0,5,0,50,50.0,High
C00351,Arun Gupta,Student,1,417367.44,122951.23,,32,1,70,70.0,Critical
C00352,Pooja Verma,Retail,1,1625200.97,247548.21,749.0,17,0,30,30.0,Medium
C00353,Deepa Patel,Mass Affluent,1,1753044.43,527112.44,710.0,11,0,30,30.0,Medium
C00356,Ajay Gupta,Retail,1,356144.69,0.0,751.0,11,0,30,30.0,Medium
C00358,Karthik Singh,Student,1,247396.36,0.0,584.0,5,0,65,65.0,High
C00360,Rahul Patel,Sme Owner,1,111433.98,0.0,626.0,15,0,45,45.0,Medium
C00361,Lakshmi Iyer,Mass Affluent,1,329942.33,0.0,590.0,16,0,65,65.0,High
C00362,Deepa Sharma,Retail,1,1657255.47,1156572.97,573.0,78,1,75,75.0,Critical
C00363,Sanjay Nair,Retail,1,274778.37,200924.02,703.0,62,1,70,70.0,Critical
C00365,Vishal Gupta,Retail,1,2321068.78,2037501.44,714.0,1,0,30,30.0,Medium
C00366,Arun Kumar,Retail,1,198614.15,91831.73,638.0,43,1,70,70.0,Critical
C00367,Kavya Verma,Retail,1,81206.89,0.0,649.0,16,0,35,35.0,Medium
C00370,Meena Sharma,Senior Citizen,1,742920.8,448899.36,709.0,54,1,70,70.0,Critical
C00371,Arun Gupta,Sme Owner,1,866319.05,0.0,666.0,6,0,40,40.0,Medium
C00373,Geetha Verma,Retail,1,82235.29,35571.18,708.0,19,0,30,30.0,Medium
C00374,Naveen Iyer,Mass Affluent,1,774809.7,0.0,784.0,2,0,25,25.0,Medium
C00378,Deepa Sharma,Mass Affluent,1,515490.41,295820.65,721.0,42,1,70,70.0,Critical
C00379,Kavya Rao,Mass Affluent,1,143232.33,35087.88,680.0,8,0,40,40.0,Medium
C00380,Anitha Patel,Student,1,951378.22,147790.93,710.0,43,1,70,70.0,Critical
C00381,Lakshmi Kumar,Retail,1,316690.47,205678.46,846.0,16,0,30,30.0,Medium
C00383,Sanjay Singh,Retail,1,235603.81,104267.51,627.0,2,0,40,40.0,Medium
C00384,Rohit Kumar,Retail,1,498897.99,349461.13,641.0,11,0,50,50.0,High
C00387,Naveen Singh,Mass Affluent,1,81399.67,17900.93,586.0,105,1,75,75.0,Critical
C00388,Anitha Nair,Sme Owner,1,1553314.81,981270.18,616.0,62,1,75,75.0,Critical
C00389,Priya Verma,Student,1,454026.94,182367.57,773.0,14,0,25,25.0,Medium
C00391,Sanjay Kumar,Retail,1,196253.27,120991.29,860.0,36,1,70,70.0,Critical
C00392,Sneha Iyer,Retail,1,134718.94,77368.48,796.0,16,0,30,30.0,Medium
C00394,Karthik Rao,Retail,1,193131.66,60033.28,719.0,15,0,40,40.0,Medium
C00395,Meena Rao,Retail,1,139724.35,0.0,802.0,3,0,25,25.0,Medium
C00396,Kavya Rao,Retail,1,813376.33,413927.45,778.0,6,0,30,30.0,Medium
C00397,Priya Iyer,Senior Citizen,1,320893.37,299848.9,779.0,19,0,25,25.0,Medium
C00400,Divya Rao,Sme Owner,1,163104.17,121006.02,664.0,19,0,40,40.0,Medium
C00402,Priya Reddy,Mass Affluent,1,318020.03,290731.46,607.0,19,0,35,35.0,Medium
C00404,Sanjay Singh,Senior Citizen,1,150295.8,0.0,638.0,20,0,40,40.0,Medium
C00405,Anitha Kumar,Mass Affluent,1,884847.9,342737.69,819.0,14,0,25,25.0,Medium
C00406,Lakshmi Verma,Retail,1,146429.77,0.0,687.0,20,0,40,40.0,Medium
C00408,Suresh Kumar,Retail,1,1353487.69,648438.05,734.0,38,1,70,70.0,Critical
C00409,Ajay Verma,Premium,1,1916684.47,1732907.52,555.0,19,0,55,55.0,High
C00410,Pooja Gupta,Retail,1,998206.01,0.0,661.0,18,0,40,40.0,Medium
C00412,Rohit Reddy,Student,1,1462187.66,0.0,779.0,8,0,25,25.0,Medium
C00413,Deepa Rao,Mass Affluent,1,180889.74,150872.63,722.0,45,1,70,70.0,Critical
C00414,Divya Kumar,Senior Citizen,1,527485.52,216719.62,582.0,8,0,60,60.0,High
C00415,Sneha Singh,Sme Owner,1,196364.99,0.0,576.0,0,0,65,65.0,High
C00416,Sanjay Rao,Sme Owner,1,530949.21,490161.71,768.0,104,1,70,70.0,Critical
C00417,Anitha Nair,Senior Citizen,1,133249.52,31578.53,691.0,17,0,35,35.0,Medium
C00418,Rahul Gupta,Retail,1,1908292.93,1044551.23,632.0,76,1,70,70.0,Critical
C00419,Rohit Gupta,Retail,1,505605.1,301692.56,703.0,64,1,70,70.0,Critical
C00420,Anitha Rao,Mass Affluent,1,262057.26,0.0,623.0,9,0,40,40.0,Medium
C00421,Rahul Sharma,Senior Citizen,1,546121.4,298614.42,816.0,43,1,70,70.0,Critical
C00422,Sanjay Singh,Retail,1,864070.93,197857.15,673.0,89,1,70,70.0,Critical
C00423,Arun Iyer,Retail,1,1135648.09,793973.09,695.0,18,0,30,30.0,Medium
C00424,Sanjay Nair,Senior Citizen,1,349492.93,303791.22,647.0,13,0,40,40.0,Medium
C00425,Geetha Patel,Sme Owner,1,551924.56,111110.96,694.0,12,0,35,35.0,Medium
C00426,Geetha Verma,Mass Affluent,1,1372062.07,0.0,657.0,6,0,40,40.0,Medium
C00429,Suresh Rao,Mass Affluent,1,1077280.78,507444.17,754.0,111,1,70,70.0,Critical
C00431,Deepa Gupta,Sme Owner,1,105185.75,89060.59,740.0,13,0,30,30.0,Medium
C00434,Divya Sharma,Retail,1,103214.07,80145.51,842.0,14,0,10,10.0,Low
C00435,Pooja Sharma,Premium,1,516075.76,427205.32,695.0,90,1,70,70.0,Critical
C00437,Pooja Rao,Premium,1,174686.16,101549.44,646.0,51,1,70,70.0,Critical
C00438,Geetha Iyer,Mass Affluent,1,532479.81,261232.4,602.0,12,0,35,35.0,Medium
C00439,Divya Verma,Sme Owner,1,122421.67,18798.28,658.0,65,1,70,70.0,Critical
C00440,Priya Iyer,Senior Citizen,1,1716973.26,0.0,685.0,18,0,25,25.0,Medium
C00441,Arun Singh,Retail,1,881100.21,344089.59,738.0,11,0,30,30.0,Medium
C00443,Priya Rao,Student,1,2177264.96,0.0,540.0,0,0,70,70.0,Critical
C00444,Rohit Reddy,Retail,1,283404.44,180212.47,835.0,11,0,25,25.0,Medium
C00445,Anitha Iyer,Retail,1,1061697.78,514138.85,679.0,99,1,70,70.0,Critical
C00446,Meena Iyer,Senior Citizen,1,1450779.99,1012098.75,724.0,74,1,70,70.0,Critical
C00447,Vishal Reddy,Retail,1,2015526.01,1056973.55,761.0,9,0,25,25.0,Medium
C00451,Lakshmi Sharma,Premium,1,1154096.99,0.0,689.0,5,0,25,25.0,Medium
C00452,Ajay Kumar,Mass Affluent,1,273665.92,0.0,691.0,12,0,40,40.0,Medium
C00454,Naveen Patel,Retail,1,945594.85,283011.07,757.0,106,1,70,70.0,Critical
C00455,Rahul Patel,Retail,1,440184.61,98949.88,702.0,18,0,25,25.0,Medium
C00456,Meena Gupta,Retail,1,632506.73,0.0,608.0,2,0,50,50.0,High
C00457,Lakshmi Rao,Mass Affluent,1,144053.48,0.0,662.0,17,0,40,40.0,Medium
C00458,Lakshmi Sharma,Student,1,435846.42,289112.04,644.0,56,1,70,70.0,Critical
C00459,Naveen Sharma,Retail,1,353361.85,286328.08,647.0,66,1,75,75.0,Critical
C00463,Deepa Iyer,Sme Owner,1,101019.42,27335.32,688.0,0,0,35,35.0,Medium
C00466,Divya Patel,Mass Affluent,1,1463386.87,686745.07,599.0,33,1,80,80.0,Critical
C00469,Deepa Verma,Retail,1,93900.27,58327.34,582.0,15,0,80,80.0,Critical
C00470,Sneha Reddy,Retail,1,1556215.66,259200.42,690.0,3,0,40,40.0,Medium
C00473,Divya Reddy,Mass Affluent,1,1827165.8,553615.61,705.0,15,0,25,25.0,Medium
C00474,Kavya Gupta,Retail,1,124649.77,0.0,729.0,10,0,30,30.0,Medium
C00475,Vijay Singh,Mass Affluent,1,171817.12,51526.66,582.0,8,0,55,55.0,High
C00478,Suresh Nair,Premium,1,232265.27,44731.27,662.0,12,0,35,35.0,Medium
C00479,Sanjay Kumar,Retail,1,1837723.36,1411996.11,817.0,13,0,30,30.0,Medium
C00481,Pooja Iyer,Senior Citizen,1,297903.3,112612.87,746.0,72,1,70,70.0,Critical
C00482,Naveen Singh,Premium,1,818029.54,243697.86,637.0,90,1,70,70.0,Critical
C00485,Lakshmi Kumar,Retail,1,128882.29,51816.68,596.0,2,0,60,60.0,High
C00486,Deepa Iyer,Senior Citizen,1,204143.95,103963.3,717.0,17,0,35,35.0,Medium
C00487,Ajay Singh,Mass Affluent,1,92244.77,55774.88,748.0,95,1,70,70.0,Critical
C00488,Ajay Singh,Premium,1,83618.23,0.0,637.0,1,0,40,40.0,Medium
C00491,Geetha Sharma,Retail,1,408632.07,331984.03,646.0,10,0,35,35.0,Medium
C00492,Rahul Gupta,Sme Owner,1,830729.69,135545.69,816.0,1,0,30,30.0,Medium
C00493,Karthik Singh,Student,1,1523098.2,0.0,560.0,19,0,60,60.0,High
C00494,Meena Verma,Retail,1,587393.99,0.0,660.0,13,0,35,35.0,Medium
C00495,Rohit Reddy,Mass Affluent,1,207592.94,0.0,668.0,8,0,35,35.0,Medium
C00496,Anitha Iyer,Mass Affluent,1,144492.58,132506.26,738.0,12,0,25,25.0,Medium
C00498,Sanjay Gupta,Premium,1,1771697.51,1669257.79,644.0,2,0,45,45.0,Medium
C00501,Naveen Nair,Sme Owner,1,305201.18,0.0,804.0,6,0,30,30.0,Medium
C00502,Naveen Gupta,Retail,1,274845.94,71447.83,802.0,7,0,30,30.0,Medium
C00503,Pooja Rao,Premium,1,451724.62,379916.64,575.0,44,1,80,80.0,Critical
C00504,Lakshmi Verma,Sme Owner,1,150070.45,66188.56,749.0,6,0,30,30.0,Medium
C00505,Meena Patel,Retail,1,1668584.82,417865.87,689.0,68,1,70,70.0,Critical
C00506,Karthik Kumar,Retail,1,1847184.5,844459.03,680.0,14,0,35,35.0,Medium
C00507,Naveen Kumar,Mass Affluent,1,813008.76,276460.8,674.0,0,0,35,35.0,Medium
C00508,Karthik Verma,Student,1,117711.26,100798.77,649.0,4,0,45,45.0,Medium
C00509,Geetha Kumar,Retail,1,715988.58,190221.17,638.0,34,1,70,70.0,Critical
C00510,Meena Patel,Sme Owner,1,146344.71,42843.63,727.0,14,0,25,25.0,Medium
C00511,Pooja Reddy,Retail,1,261353.81,78281.16,634.0,14,0,40,40.0,Medium
C00512,Geetha Iyer,Retail,1,557444.72,379103.6,774.0,20,0,30,30.0,Medium
C00513,Divya Reddy,Mass Affluent,1,867743.99,628228.91,630.0,39,1,70,70.0,Critical
C00515,Suresh Rao,Mass Affluent,1,425906.12,375607.05,646.0,16,0,50,50.0,High
C00518,Rahul Iyer,Mass Affluent,1,148999.65,0.0,778.0,0,0,30,30.0,Medium
C00519,Rahul Sharma,Sme Owner,1,1503152.98,1233364.21,712.0,4,0,30,30.0,Medium
C00521,Sneha Singh,Premium,1,108131.62,34867.59,637.0,16,0,35,35.0,Medium
C00524,Suresh Verma,Retail,1,1965052.33,0.0,589.0,18,0,65,65.0,High
C00525,Divya Rao,Student,1,1828798.13,1331857.29,707.0,12,0,30,30.0,Medium
C00527,Kavya Nair,Senior Citizen,1,163523.63,143983.82,630.0,19,0,35,35.0,Medium
C00529,Pooja Iyer,Retail,1,153366.83,99405.85,698.0,59,1,70,70.0,Critical
C00530,Rahul Iyer,Retail,1,2045283.81,758289.8,645.0,11,0,45,45.0,Medium
C00531,Vishal Reddy,Mass Affluent,1,96684.82,18483.92,746.0,18,0,30,30.0,Medium
C00532,Naveen Singh,Sme Owner,1,2106138.7,672244.16,631.0,9,0,35,35.0,Medium
C00534,Meena Singh,Student,1,334098.96,126203.4,742.0,15,0,25,25.0,Medium
C00536,Sneha Iyer,Senior Citizen,1,148527.83,132157.03,671.0,74,1,70,70.0,Critical
C00537,Sanjay Reddy,Retail,1,478270.14,162847.55,560.0,70,1,85,85.0,Critical
C00538,Meena Sharma,Sme Owner,1,1480790.46,985429.88,661.0,4,0,35,35.0,Medium
C00541,Sneha Sharma,Premium,1,560408.24,524777.11,756.0,1,0,25,25.0,Medium
C00544,Vijay Sharma,Retail,1,265795.24,46251.11,758.0,19,0,25,25.0,Medium
C00545,Karthik Patel,Sme Owner,1,1249091.23,479495.66,779.0,93,1,70,70.0,Critical
C00546,Vishal Patel,Retail,1,164524.61,112843.04,786.0,11,0,30,30.0,Medium
C00547,Priya Gupta,Mass Affluent,1,2053035.75,0.0,692.0,1,0,35,35.0,Medium
C00548,Divya Patel,Retail,1,431346.41,136889.63,581.0,109,1,80,80.0,Critical
C00549,Deepa Sharma,Mass Affluent,1,1617736.53,787496.54,669.0,4,0,40,40.0,Medium
C00551,Meena Gupta,Mass Affluent,1,276640.04,232275.33,721.0,4,0,25,25.0,Medium
C00552,Meena Iyer,Mass Affluent,1,1602868.34,1477665.78,623.0,10,0,40,40.0,Medium
C00553,Kavya Verma,Retail,1,227748.23,214459.4,599.0,43,1,75,75.0,Critical
C00555,Sanjay Reddy,Retail,1,230303.71,0.0,687.0,5,0,40,40.0,Medium
C00559,Sanjay Iyer,Retail,1,205557.59,0.0,750.0,20,0,30,30.0,Medium
C00561,Anitha Patel,Sme Owner,1,113621.34,76767.86,687.0,3,0,40,40.0,Medium
C00562,Vijay Rao,Sme Owner,1,94766.14,67360.44,743.0,12,0,15,15.0,Low
C00564,Geetha Singh,Retail,1,337223.15,0.0,718.0,7,0,40,40.0,Medium
C00565,Meena Sharma,Mass Affluent,1,622814.56,321604.09,671.0,18,0,25,25.0,Medium
C00566,Lakshmi Reddy,Retail,1,91336.74,26824.89,761.0,13,0,30,30.0,Medium
C00568,Arun Gupta,Retail,1,1248690.11,500987.88,673.0,83,1,70,70.0,Critical
C00572,Pooja Iyer,Sme Owner,1,129645.8,34401.43,652.0,3,0,40,40.0,Medium
C00573,Divya Gupta,Sme Owner,1,897667.32,306000.81,846.0,3,0,30,30.0,Medium
C00575,Kavya Singh,Retail,1,154240.08,0.0,819.0,0,0,25,25.0,Medium
C00576,Anitha Nair,Mass Affluent,1,83291.64,51740.0,661.0,20,0,40,40.0,Medium
C00580,Vishal Patel,Retail,1,856818.49,0.0,700.0,14,0,40,40.0,Medium
C00582,Kavya Sharma,Retail,1,611420.2,316102.97,596.0,7,0,60,60.0,High
C00584,Vishal Reddy,Retail,1,409410.0,0.0,768.0,7,0,30,30.0,Medium
C00585,Meena Iyer,Student,1,836301.5,644348.98,634.0,78,1,70,70.0,Critical
C00589,Geetha Sharma,Senior Citizen,1,462713.46,122852.14,713.0,18,0,40,40.0,Medium
C00590,Pooja Iyer,Mass Affluent,1,163547.58,0.0,559.0,8,0,70,70.0,Critical
C00592,Vishal Gupta,Retail,1,1740185.4,320741.1,812.0,7,0,30,30.0,Medium
C00593,Suresh Reddy,Premium,1,1237370.85,234616.44,631.0,0,0,35,35.0,Medium
C00595,Meena Gupta,Retail,1,175745.48,60816.51,655.0,7,0,40,40.0,Medium
C00596,Geetha Verma,Senior Citizen,1,771070.43,317898.47,696.0,109,1,70,70.0,Critical
C00598,Naveen Verma,Retail,1,1160512.2,472511.76,795.0,0,0,25,25.0,Medium
C00601,Anitha Nair,Mass Affluent,1,81526.41,70939.75,614.0,20,0,45,45.0,Medium
C00602,Ajay Gupta,Senior Citizen,1,910892.66,246792.44,726.0,4,0,25,25.0,Medium
C00603,Sanjay Sharma,Retail,1,177073.05,101583.15,753.0,8,0,30,30.0,Medium
C00605,Sneha Kumar,Retail,1,1142549.97,826878.42,752.0,62,1,70,70.0,Critical
C00606,Geetha Verma,Senior Citizen,1,1135374.92,910190.75,573.0,2,0,65,65.0,High
C00607,Anitha Patel,Mass Affluent,1,181098.96,112920.44,735.0,12,0,25,25.0,Medium
C00609,Vishal Gupta,Retail,1,524446.76,123477.52,659.0,16,0,35,35.0,Medium
C00611,Vishal Reddy,Sme Owner,1,96019.35,42942.21,744.0,9,0,30,30.0,Medium
C00613,Ajay Nair,Retail,1,1581362.35,244419.38,767.0,43,1,70,70.0,Critical
C00614,Karthik Rao,Mass Affluent,1,357119.73,161607.81,757.0,14,0,25,25.0,Medium
C00615,Meena Kumar,Retail,1,346022.36,0.0,844.0,2,0,25,25.0,Medium
C00616,Rahul Nair,Mass Affluent,1,533954.95,491589.11,630.0,10,0,40,40.0,Medium
C00617,Ajay Rao,Retail,1,1026714.22,342010.67,678.0,11,0,35,35.0,Medium
C00620,Naveen Sharma,Sme Owner,1,167177.38,134599.87,704.0,73,1,70,70.0,Critical
C00622,Anitha Reddy,Senior Citizen,1,285593.1,59526.63,640.0,73,1,70,70.0,Critical
C00625,Meena Rao,Sme Owner,1,1171885.69,540174.77,756.0,5,0,25,25.0,Medium
C00626,Arun Singh,Retail,1,1717127.4,515423.83,715.0,9,0,40,40.0,Medium
C00630,Vijay Kumar,Mass Affluent,1,115057.97,0.0,720.0,11,0,25,25.0,Medium
C00632,Lakshmi Rao,Mass Affluent,1,144816.32,114624.03,774.0,2,0,25,25.0,Medium
C00633,Geetha Reddy,Sme Owner,1,1549842.57,0.0,829.0,7,0,25,25.0,Medium
C00634,Meena Sharma,Sme Owner,1,117661.94,0.0,616.0,12,0,50,50.0,High
C00635,Naveen Reddy,Retail,1,80276.29,0.0,674.0,6,0,20,20.0,Low
C00636,Kavya Kumar,Premium,1,189594.98,157595.27,688.0,18,0,25,25.0,Medium
C00637,Karthik Rao,Premium,1,761631.67,656855.69,728.0,11,0,25,25.0,Medium
C00638,Naveen Iyer,Retail,1,635742.76,280576.22,629.0,5,0,45,45.0,Medium
C00639,Lakshmi Nair,Retail,1,162646.37,0.0,798.0,15,0,30,30.0,Medium
C00641,Karthik Sharma,Senior Citizen,1,233325.12,210578.56,663.0,8,0,40,40.0,Medium
C00644,Lakshmi Nair,Retail,1,674069.11,532429.15,659.0,14,0,35,35.0,Medium
C00646,Meena Patel,Retail,1,140074.79,44701.08,714.0,92,1,70,70.0,Critical
C00647,Naveen Kumar,Premium,1,2124167.12,908582.06,612.0,7,0,40,40.0,Medium
C00648,Ajay Patel,Sme Owner,1,542479.67,228537.19,726.0,7,0,25,25.0,Medium
C00649,Sanjay Singh,Premium,1,169730.92,46118.85,590.0,19,0,60,60.0,High
C00650,Pooja Patel,Mass Affluent,1,168068.74,0.0,735.0,8,0,25,25.0,Medium
C00651,Deepa Sharma,Retail,1,149224.84,123640.08,685.0,14,0,40,40.0,Medium
C00652,Sneha Nair,Senior Citizen,1,537566.6,303420.0,812.0,16,0,30,30.0,Medium
C00654,Geetha Nair,Student,1,1072676.86,767701.01,713.0,1,0,25,25.0,Medium
C00655,Arun Singh,Mass Affluent,1,170805.05,128295.98,739.0,2,0,30,30.0,Medium
C00656,Sanjay Reddy,Sme Owner,1,2071461.27,719226.56,763.0,13,0,40,40.0,Medium
C00657,Rohit Gupta,Retail,1,80308.15,39432.33,735.0,0,0,35,35.0,Medium
C00658,Karthik Singh,Senior Citizen,1,214321.22,46736.84,692.0,78,1,70,70.0,Critical
C00660,Karthik Patel,Retail,1,2192467.43,598751.99,702.0,6,0,25,25.0,Medium
C00662,Sanjay Patel,Mass Affluent,1,563407.17,493049.81,669.0,20,0,40,40.0,Medium
C00663,Karthik Reddy,Retail,1,1237876.94,1121054.99,713.0,9,0,40,40.0,Medium
C00664,Sneha Patel,Mass Affluent,1,2061246.55,1214949.26,861.0,13,0,40,40.0,Medium
C00667,Vishal Sharma,Retail,1,89149.52,68188.93,687.0,13,0,30,30.0,Medium
C00671,Sanjay Gupta,Mass Affluent,1,1222164.57,705442.61,649.0,19,0,40,40.0,Medium
C00672,Meena Rao,Senior Citizen,1,160036.41,32631.43,754.0,16,0,30,30.0,Medium
C00674,Karthik Gupta,Retail,1,276217.13,56615.6,760.0,10,0,25,25.0,Medium
C00675,Sanjay Rao,Retail,1,965833.2,866717.17,622.0,60,1,70,70.0,Critical
C00676,Kavya Patel,Retail,1,169541.49,0.0,653.0,1,0,40,40.0,Medium
C00677,Lakshmi Sharma,Student,1,475713.08,443822.22,726.0,13,0,25,25.0,Medium
C00678,Divya Reddy,Retail,1,550802.48,353523.42,745.0,9,0,30,30.0,Medium
C00679,Karthik Singh,Mass Affluent,1,83477.97,49718.94,666.0,0,0,35,35.0,Medium
C00680,Rahul Gupta,Mass Affluent,1,149036.35,133475.29,697.0,15,0,40,40.0,Medium
C00681,Naveen Singh,Premium,1,970548.62,236746.2,794.0,10,0,25,25.0,Medium
C00683,Anitha Patel,Retail,1,161508.9,115966.65,793.0,75,1,70,70.0,Critical
C00684,Sanjay Singh,Senior Citizen,1,620757.19,258835.59,690.0,19,0,35,35.0,Medium
C00685,Deepa Nair,Sme Owner,1,244739.07,103692.32,683.0,13,0,30,30.0,Medium
C00688,Divya Iyer,Retail,1,161793.76,92508.5,661.0,93,1,70,70.0,Critical
C00690,Sneha Patel,Retail,1,423903.6,280552.12,659.0,4,0,35,35.0,Medium
C00693,Arun Singh,Retail,1,132225.16,72876.49,701.0,1,0,25,25.0,Medium
C00695,Kavya Singh,Retail,1,674796.41,207019.01,731.0,8,0,40,40.0,Medium
C00696,Ajay Gupta,Student,1,509428.33,104013.97,826.0,4,0,25,25.0,Medium
C00698,Vishal Iyer,Sme Owner,1,1559562.59,880570.42,659.0,17,0,35,35.0,Medium
C00699,Priya Singh,Retail,1,827588.28,400470.08,614.0,36,1,70,70.0,Critical
C00702,Ajay Gupta,Sme Owner,1,1352877.15,1090346.1,623.0,115,1,70,70.0,Critical
C00704,Rohit Reddy,Sme Owner,1,738708.11,612768.49,541.0,14,0,70,70.0,Critical
C00705,Pooja Reddy,Retail,1,940556.01,869466.38,809.0,10,0,25,25.0,Medium
C00706,Suresh Nair,Retail,1,571172.2,0.0,770.0,12,0,30,30.0,Medium
C00707,Divya Singh,Retail,1,342617.4,261619.75,763.0,5,0,30,30.0,Medium
C00709,Pooja Iyer,Sme Owner,1,2188620.67,1414889.34,668.0,2,0,40,40.0,Medium
C00712,Pooja Patel,Student,1,106532.94,62124.45,801.0,18,0,35,35.0,Medium
C00713,Kavya Singh,Sme Owner,1,132640.07,0.0,742.0,7,0,30,30.0,Medium
C00714,Sanjay Sharma,Retail,1,1058991.82,539745.38,711.0,20,0,40,40.0,Medium
C00715,Meena Sharma,Retail,1,889863.2,365828.8,805.0,9,0,25,25.0,Medium
C00716,Rahul Gupta,Premium,1,175690.84,134301.36,663.0,18,0,35,35.0,Medium
C00718,Priya Verma,Senior Citizen,1,233392.11,0.0,574.0,5,0,55,55.0,High
C00719,Ajay Kumar,Retail,1,1724527.1,0.0,730.0,17,0,30,30.0,Medium
C00721,Rahul Sharma,Senior Citizen,1,232734.21,74281.19,648.0,97,1,70,70.0,Critical
C00723,Sanjay Rao,Retail,1,109063.4,0.0,725.0,13,0,25,25.0,Medium
C00724,Kavya Reddy,Retail,1,1432477.74,1336208.4,659.0,8,0,35,35.0,Medium
C00725,Rohit Gupta,Sme Owner,1,2042137.4,0.0,803.0,14,0,25,25.0,Medium
C00726,Pooja Sharma,Retail,1,2179546.52,1421530.45,641.0,8,0,35,35.0,Medium
C00727,Karthik Patel,Retail,1,876127.84,496637.37,677.0,16,0,35,35.0,Medium
C00729,Suresh Sharma,Retail,1,93589.7,81630.43,615.0,86,1,70,70.0,Critical
C00730,Sanjay Singh,Student,1,322985.23,70418.24,755.0,79,1,70,70.0,Critical
C00733,Meena Kumar,Retail,1,103613.74,0.0,694.0,17,0,35,35.0,Medium
C00734,Rohit Verma,Mass Affluent,1,2389091.14,1945009.44,674.0,11,0,35,35.0,Medium
C00735,Pooja Sharma,Retail,1,1663963.78,343810.22,663.0,2,0,40,40.0,Medium
C00739,Vijay Verma,Retail,1,439562.09,0.0,863.0,10,0,25,25.0,Medium
C00740,Suresh Sharma,Student,1,836322.15,350334.2,601.0,9,0,35,35.0,Medium
C00741,Sneha Nair,Mass Affluent,1,91578.73,18943.7,503.0,8,0,50,50.0,High
C00742,Karthik Reddy,Senior Citizen,1,472918.8,301570.45,827.0,3,0,30,30.0,Medium
C00743,Kavya Rao,Student,1,119852.46,0.0,625.0,10,0,35,35.0,Medium
C00746,Anitha Rao,Sme Owner,1,177864.23,167085.83,744.0,7,0,30,30.0,Medium
C00747,Divya Gupta,Retail,1,334299.63,0.0,714.0,13,0,25,25.0,Medium
C00748,Rohit Reddy,Mass Affluent,1,1945035.02,680078.07,743.0,40,1,70,70.0,Critical
C00750,Ajay Gupta,Sme Owner,1,177264.57,0.0,734.0,16,0,25,25.0,Medium
C00752,Rahul Gupta,Mass Affluent,1,166673.6,27939.88,596.0,4,0,70,70.0,Critical
C00753,Vijay Singh,Sme Owner,1,625015.42,208529.11,768.0,9,0,30,30.0,Medium
C00754,Vishal Verma,Sme Owner,1,171526.88,128747.97,665.0,7,0,40,40.0,Medium
C00755,Rohit Gupta,Retail,1,700908.35,347462.5,660.0,13,0,35,35.0,Medium
C00756,Pooja Patel,Mass Affluent,1,1994794.63,381897.83,659.0,17,0,40,40.0,Medium
C00759,Vijay Nair,Retail,1,570302.88,172917.6,579.0,54,1,75,75.0,Critical
C00760,Karthik Rao,Retail,1,116217.84,42518.3,636.0,6,0,35,35.0,Medium
C00763,Ajay Gupta,Retail,1,134837.58,53899.56,693.0,8,0,25,25.0,Medium
C00765,Rohit Reddy,Sme Owner,1,135665.43,72456.95,781.0,18,0,25,25.0,Medium
C00766,Geetha Iyer,Sme Owner,1,415160.55,234248.81,739.0,84,1,70,70.0,Critical
C00768,Vijay Verma,Senior Citizen,1,1574888.55,808880.48,732.0,1,0,30,30.0,Medium
C00769,Pooja Iyer,Retail,1,2169304.44,1518106.86,464.0,16,0,55,55.0,High
C00770,Anitha Kumar,Sme Owner,1,512379.79,264600.46,675.0,13,0,30,30.0,Medium
C00771,Ajay Singh,Retail,1,920450.34,403486.3,723.0,2,0,35,35.0,Medium
C00772,Lakshmi Singh,Sme Owner,1,129254.06,88808.37,779.0,13,0,30,30.0,Medium
C00773,Suresh Patel,Retail,1,741924.11,622139.67,678.0,120,1,70,70.0,Critical
C00775,Ajay Singh,Sme Owner,1,813028.46,516625.42,609.0,54,1,70,70.0,Critical
C00777,Meena Reddy,Premium,1,728794.38,578730.86,737.0,16,0,30,30.0,Medium
C00781,Suresh Nair,Retail,1,93188.02,15176.89,717.0,57,1,70,70.0,Critical
C00782,Rohit Reddy,Senior Citizen,1,94555.07,65198.22,659.0,111,1,70,70.0,Critical
C00783,Arun Gupta,Student,1,1109159.41,1016951.33,609.0,8,0,35,35.0,Medium
C00784,Karthik Nair,Mass Affluent,1,263936.07,0.0,621.0,17,0,45,45.0,Medium
C00785,Pooja Iyer,Retail,1,1726060.16,1216809.86,823.0,3,0,30,30.0,Medium
C00786,Naveen Rao,Sme Owner,1,99298.91,44547.07,704.0,18,0,35,35.0,Medium
C00787,Sanjay Gupta,Retail,1,260785.39,182231.08,774.0,7,0,35,35.0,Medium
C00788,Ajay Sharma,Premium,1,1622127.44,0.0,693.0,2,0,25,25.0,Medium
C00790,Vijay Singh,Retail,1,168569.84,0.0,628.0,7,0,35,35.0,Medium
C00791,Vishal Nair,Student,1,1214666.1,1063851.89,837.0,31,1,70,70.0,Critical
C00792,Suresh Gupta,Sme Owner,1,164413.59,113283.55,741.0,8,0,40,40.0,Medium
C00793,Lakshmi Nair,Senior Citizen,1,319955.36,264391.68,731.0,14,0,25,25.0,Medium
C00794,Pooja Kumar,Retail,1,621887.79,465546.48,810.0,5,0,30,30.0,Medium
C00798,Lakshmi Rao,Senior Citizen,1,324640.69,240042.82,744.0,16,0,25,25.0,Medium
C00799,Karthik Iyer,Premium,1,175350.78,0.0,536.0,15,0,60,60.0,High
C00801,Rohit Nair,Retail,1,108287.85,79986.89,697.0,15,0,35,35.0,Medium
C00806,Kavya Iyer,Retail,1,95430.3,58694.09,745.0,3,0,25,25.0,Medium
C00808,Sneha Kumar,Mass Affluent,1,2398673.89,1204893.94,765.0,9,0,30,30.0,Medium
C00810,Anitha Gupta,Student,1,724365.27,575863.52,678.0,61,1,70,70.0,Critical
C00811,Naveen Rao,Premium,1,1350361.48,1239937.36,559.0,67,1,85,85.0,Critical
C00812,Sneha Patel,Retail,1,294312.91,203764.09,707.0,16,0,35,35.0,Medium
C00813,Lakshmi Kumar,Retail,1,174023.51,32243.07,630.0,62,1,70,70.0,Critical
C00816,Vijay Rao,Retail,1,751273.96,0.0,769.0,2,0,25,25.0,Medium
C00817,Ajay Kumar,Sme Owner,1,82468.14,25708.24,584.0,1,0,55,55.0,High
C00818,Deepa Nair,Senior Citizen,1,718686.48,586258.3,577.0,10,0,55,55.0,High
C00822,Rohit Reddy,Retail,1,285664.21,244428.11,693.0,8,0,50,50.0,High
C00823,Vishal Gupta,Retail,1,331239.92,152817.91,634.0,13,0,40,40.0,Medium
C00824,Sanjay Patel,Mass Affluent,1,2305721.95,458663.97,648.0,10,0,50,50.0,High
C00825,Sneha Iyer,Mass Affluent,1,545582.87,433130.74,638.0,16,0,45,45.0,Medium
C00827,Arun Iyer,Student,1,140851.57,97451.6,723.0,2,0,40,40.0,Medium
C00828,Sanjay Rao,Mass Affluent,1,356173.82,126188.13,723.0,13,0,35,35.0,Medium
C00829,Pooja Iyer,Retail,1,1430919.09,0.0,673.0,18,0,35,35.0,Medium
C00831,Ajay Kumar,Sme Owner,1,1335861.05,0.0,589.0,13,0,60,60.0,High
C00832,Sneha Gupta,Senior Citizen,1,766548.14,0.0,691.0,20,0,40,40.0,Medium
C00833,Geetha Singh,Retail,1,1979441.08,1812877.87,770.0,19,0,30,30.0,Medium
C00835,Suresh Patel,Retail,1,346488.13,0.0,633.0,5,0,50,50.0,High
C00837,Sanjay Singh,Retail,1,120093.83,0.0,718.0,15,0,25,25.0,Medium
C00838,Suresh Rao,Senior Citizen,1,1266395.67,0.0,726.0,12,0,25,25.0,Medium
C00839,Ajay Patel,Mass Affluent,1,500755.43,280715.24,660.0,76,1,70,70.0,Critical
C00840,Naveen Singh,Retail,1,2142704.59,1647679.63,752.0,3,0,25,25.0,Medium
C00843,Lakshmi Singh,Retail,1,636241.18,140865.65,590.0,81,1,75,75.0,Critical
C00844,Ajay Singh,Mass Affluent,1,85753.46,52279.0,651.0,10,0,40,40.0,Medium
C00850,Pooja Nair,Retail,1,478391.52,0.0,632.0,5,0,40,40.0,Medium
C00851,Ajay Singh,Sme Owner,1,127276.86,80832.41,702.0,58,1,70,70.0,Critical
C00852,Sanjay Kumar,Student,1,1168724.77,855652.0,819.0,8,0,25,25.0,Medium
C00853,Rohit Patel,Mass Affluent,1,160462.92,124986.29,729.0,53,1,70,70.0,Critical
C00854,Naveen Kumar,Senior Citizen,1,1745649.37,1044156.59,606.0,47,1,70,70.0,Critical
C00855,Vijay Sharma,Senior Citizen,1,448802.32,266399.09,733.0,8,0,30,30.0,Medium
C00857,Vijay Reddy,Retail,1,154298.95,69319.26,828.0,3,0,30,30.0,Medium
C00858,Rohit Gupta,Retail,1,229304.41,53456.15,627.0,63,1,70,70.0,Critical
C00859,Rahul Rao,Mass Affluent,1,1871535.27,414996.09,679.0,103,1,70,70.0,Critical
C00860,Pooja Singh,Premium,1,537132.02,378236.86,737.0,15,0,40,40.0,Medium
C00861,Ajay Sharma,Mass Affluent,1,464856.37,163069.41,767.0,68,1,70,70.0,Critical
C00862,Geetha Singh,Mass Affluent,1,842765.07,0.0,823.0,3,0,25,25.0,Medium
C00863,Sanjay Rao,Student,1,869662.15,137425.86,708.0,4,0,30,30.0,Medium
C00864,Kavya Verma,Retail,1,116556.56,0.0,746.0,12,0,25,25.0,Medium
C00865,Priya Singh,Mass Affluent,1,775837.01,503713.9,733.0,0,0,30,30.0,Medium
C00867,Anitha Singh,Retail,1,1739871.18,0.0,524.0,19,0,55,55.0,High
C00868,Arun Reddy,Mass Affluent,1,103866.01,34639.6,575.0,11,0,65,65.0,High
C00869,Rohit Patel,Retail,1,227392.58,207327.3,686.0,11,0,40,40.0,Medium
C00870,Karthik Sharma,Retail,1,94137.52,17750.36,748.0,78,1,70,70.0,Critical
C00871,Karthik Patel,Premium,1,266855.77,0.0,860.0,8,0,30,30.0,Medium
C00872,Suresh Iyer,Senior Citizen,1,1836285.43,0.0,625.0,19,0,45,45.0,Medium
C00873,Ajay Gupta,Premium,1,1144531.09,629614.74,711.0,10,0,30,30.0,Medium
C00875,Vishal Nair,Retail,1,306069.67,0.0,679.0,19,0,40,40.0,Medium
C00876,Sanjay Verma,Mass Affluent,1,178256.06,0.0,798.0,14,0,25,25.0,Medium
C00877,Suresh Singh,Retail,1,212905.31,143644.87,626.0,5,0,35,35.0,Medium
C00878,Vijay Gupta,Retail,1,811090.69,148770.27,743.0,20,0,25,25.0,Medium
C00879,Meena Verma,Premium,1,1779917.46,760174.57,751.0,2,0,30,30.0,Medium
C00880,Rahul Kumar,Retail,1,1763331.56,1334870.77,599.0,10,0,70,70.0,Critical
C00883,Pooja Rao,Mass Affluent,1,351767.49,296189.44,805.0,0,0,25,25.0,Medium
C00885,Lakshmi Kumar,Retail,1,100613.69,0.0,620.0,15,0,40,40.0,Medium
C00887,Naveen Reddy,Retail,1,659775.49,574809.42,712.0,8,0,40,40.0,Medium
C00888,Geetha Patel,Retail,1,328500.15,0.0,581.0,18,0,60,60.0,High
C00889,Rohit Kumar,Premium,1,106978.09,78010.41,728.0,44,1,70,70.0,Critical
C00891,Priya Reddy,Senior Citizen,1,1065717.81,0.0,649.0,12,0,30,30.0,Medium
C00892,Geetha Gupta,Senior Citizen,1,101804.93,25195.48,776.0,19,0,10,10.0,Low
C00893,Naveen Gupta,Senior Citizen,1,2310191.16,695186.72,646.0,88,1,70,70.0,Critical
C00894,Vijay Singh,Retail,1,935351.12,0.0,561.0,8,0,55,55.0,High
C00895,Anitha Verma,Senior Citizen,1,290117.48,245883.53,769.0,51,1,70,70.0,Critical
C00896,Deepa Nair,Mass Affluent,1,697353.93,253012.54,651.0,3,0,35,35.0,Medium
C00897,Vijay Reddy,Retail,1,645528.82,0.0,707.0,11,0,35,35.0,Medium
C00898,Rahul Kumar,Retail,1,352851.72,53616.23,701.0,115,1,70,70.0,Critical
C00899,Vishal Patel,Retail,1,163774.31,35368.46,739.0,20,0,25,25.0,Medium
C00900,Rohit Kumar,Senior Citizen,1,839763.79,321119.29,566.0,48,1,80,80.0,Critical
C00902,Karthik Singh,Mass Affluent,1,281585.42,0.0,840.0,0,0,30,30.0,Medium
C00903,Kavya Rao,Retail,1,1469575.29,1265702.03,828.0,8,0,30,30.0,Medium
C00905,Lakshmi Patel,Retail,1,284857.91,91988.63,698.0,7,0,35,35.0,Medium
C00906,Vijay Reddy,Retail,1,308376.06,0.0,712.0,11,0,40,40.0,Medium
C00907,Meena Gupta,Student,1,1741946.52,1090185.82,754.0,84,1,70,70.0,Critical
C00909,Rahul Verma,Retail,1,838609.66,402774.45,822.0,15,0,30,30.0,Medium
C00910,Kavya Sharma,Student,1,110975.75,65813.35,695.0,20,0,40,40.0,Medium
C00911,Vishal Verma,Retail,1,107469.29,0.0,619.0,13,0,60,60.0,High
C00912,Rahul Gupta,Sme Owner,1,336491.8,80112.42,689.0,16,0,40,40.0,Medium
C00913,Geetha Iyer,Retail,1,205032.54,0.0,756.0,5,0,25,25.0,Medium
C00914,Meena Nair,Retail,1,1024255.48,538660.36,739.0,2,0,40,40.0,Medium
C00916,Naveen Reddy,Student,1,2188186.16,0.0,690.0,1,0,40,40.0,Medium
C00920,Karthik Rao,Retail,1,785944.93,533923.75,786.0,4,0,15,15.0,Low
C00922,Meena Nair,Mass Affluent,1,114914.34,0.0,792.0,14,0,25,25.0,Medium
C00924,Pooja Kumar,Retail,1,119695.32,96014.98,677.0,67,1,70,70.0,Critical
C00925,Kavya Nair,Retail,1,168736.84,0.0,666.0,20,0,35,35.0,Medium
C00926,Deepa Kumar,Senior Citizen,1,261700.85,58724.02,589.0,8,0,65,65.0,High
C00927,Priya Rao,Mass Affluent,1,167791.53,131774.82,741.0,52,1,70,70.0,Critical
C00928,Rahul Gupta,Student,1,1701460.51,1438657.39,632.0,87,1,70,70.0,Critical
C00929,Lakshmi Kumar,Senior Citizen,1,878720.01,730137.01,711.0,1,0,30,30.0,Medium
C00931,Geetha Reddy,Mass Affluent,1,329134.37,0.0,777.0,1,0,25,25.0,Medium
C00932,Anitha Gupta,Sme Owner,1,1699609.56,1056881.04,668.0,52,1,70,70.0,Critical
C00933,Kavya Gupta,Student,1,817663.99,567218.91,585.0,3,0,55,55.0,High
C00935,Kavya Reddy,Student,1,1424346.63,368337.69,725.0,8,0,30,30.0,Medium
C00936,Kavya Iyer,Retail,1,1061345.38,221332.79,591.0,7,0,60,60.0,High
C00937,Karthik Gupta,Retail,1,284761.41,170399.11,579.0,19,0,55,55.0,High
C00939,Rahul Verma,Mass Affluent,1,100458.0,75139.14,680.0,1,0,40,40.0,Medium
C00940,Geetha Reddy,Retail,1,145476.71,54588.55,731.0,19,0,30,30.0,Medium
C00945,Geetha Patel,Retail,1,672098.81,452168.4,788.0,74,1,70,70.0,Critical
C00947,Ajay Patel,Senior Citizen,1,87852.76,59692.89,720.0,9,0,25,25.0,Medium
C00948,Rohit Gupta,Mass Affluent,1,1759096.34,938561.21,717.0,17,0,35,35.0,Medium
C00949,Naveen Iyer,Retail,1,566101.3,365126.33,730.0,17,0,25,25.0,Medium
C00950,Sanjay Kumar,Retail,1,895527.31,0.0,718.0,14,0,40,40.0,Medium
C00953,Meena Rao,Premium,1,105960.38,67477.26,794.0,55,1,70,70.0,Critical
C00954,Arun Gupta,Retail,1,432790.04,347548.46,747.0,17,0,25,25.0,Medium
C00955,Vishal Gupta,Retail,1,93644.81,24279.87,652.0,120,1,70,70.0,Critical
C00956,Meena Singh,Retail,1,1372500.43,468524.18,644.0,4,0,35,35.0,Medium
C00957,Karthik Nair,Student,1,1411031.04,518326.91,613.0,34,1,70,70.0,Critical
C00959,Vishal Patel,Retail,1,1220380.37,566227.28,500.0,106,1,75,75.0,Critical
C00960,Rahul Rao,Retail,1,221308.09,0.0,675.0,1,0,35,35.0,Medium
C00962,Divya Gupta,Retail,1,312949.35,76908.85,703.0,0,0,35,35.0,Medium
C00965,Vishal Sharma,Sme Owner,1,592785.4,0.0,647.0,6,0,40,40.0,Medium
C00966,Rohit Iyer,Retail,1,132847.67,42260.14,824.0,9,0,40,40.0,Medium
C00967,Sanjay Gupta,Retail,1,2205766.4,566234.53,790.0,3,0,25,25.0,Medium
C00968,Ajay Nair,Premium,1,260081.99,129302.11,685.0,30,1,70,70.0,Critical
C00972,Vijay Gupta,Mass Affluent,1,526943.99,0.0,508.0,3,0,60,60.0,High
C00974,Priya Reddy,Student,1,818108.14,648264.89,645.0,105,1,70,70.0,Critical
C00975,Rahul Rao,Senior Citizen,1,705937.97,235699.81,579.0,12,0,65,65.0,High
C00977,Sneha Kumar,Student,1,587728.27,554987.48,717.0,8,0,25,25.0,Medium
C00978,Pooja Kumar,Retail,1,1996821.02,0.0,705.0,6,0,25,25.0,Medium
C00980,Vishal Verma,Retail,1,270674.27,232410.66,676.0,106,1,70,70.0,Critical
C00981,Anitha Gupta,Retail,1,165737.16,147581.22,671.0,0,0,25,25.0,Medium
C00982,Vijay Reddy,Mass Affluent,1,232100.55,67862.75,670.0,84,1,70,70.0,Critical
C00983,Divya Reddy,Premium,1,206889.24,78620.91,700.0,19,0,30,30.0,Medium
C00984,Rohit Reddy,Premium,1,95811.67,87159.3,756.0,16,0,30,30.0,Medium
C00987,Suresh Singh,Mass Affluent,1,639261.23,303143.39,726.0,4,0,25,25.0,Medium
C00988,Rohit Verma,Premium,1,841148.13,286479.64,666.0,0,0,35,35.0,Medium
C00990,Pooja Iyer,Mass Affluent,1,269017.73,0.0,651.0,8,0,25,25.0,Medium
C00992,Anitha Kumar,Senior Citizen,1,282987.38,0.0,798.0,6,0,25,25.0,Medium
C00993,Lakshmi Sharma,Mass Affluent,1,1312378.65,299414.68,673.0,14,0,40,40.0,Medium
C00995,Kavya Nair,Retail,1,169025.61,0.0,787.0,19,0,30,30.0,Medium
C00996,Divya Patel,Senior Citizen,1,1816312.18,426536.26,661.0,12,0,40,40.0,Medium
C00999,Meena Singh,Student,1,819302.9,221542.36,720.0,3,0,30,30.0,Medium
