customer_id,total_transactions,total_transaction_value,suspicious_transactions,max_fraud_risk_score,average_fraud_risk_score,confirmed_fraud_transactions,customer_name,customer_segment,city,annual_income,declared_risk_segment,customer_fraud_risk_level
C00001,19,97878.16,0,0,0.0,0,Sanjay Verma,Retail,Pune,17373.0,Low,Low
C00002,32,246537.94,0,30,3.4375,0,Deepa Rao,Mass Affluent,Kochi,48703.0,Low,Medium
C00003,30,254059.78,0,30,2.6666666666666665,0,Rohit Sharma,Premium,Kolkata,142189.0,Medium,Medium
C00004,41,280049.4,0,35,6.7073170731707314,0,Rahul Singh,Retail,Kolkata,35173.0,Medium,Medium
C00005,26,156373.11,0,30,1.1538461538461537,0,Vishal Verma,Retail,Mumbai,65051.0,Low,Medium
C00006,47,369184.77,0,30,11.27659574468085,0,Meena Iyer,Retail,Hyderabad,25706.0,Low,Medium
C00007,45,414626.18,0,20,3.111111111111111,0,Kavya Rao,Mass Affluent,Hyderabad,50165.0,Medium,Medium
C00008,24,98068.27,0,5,5.0,0,Anitha Gupta,Mass Affluent,Pune,51752.0,Low,Low
C00009,17,97727.59,0,0,0.0,0,Lakshmi Kumar,Retail,Chennai,26063.0,Low,Low
C00010,26,192137.11000000002,0,20,1.5384615384615385,0,Kavya Gupta,Retail,Bengaluru,43548.0,Medium,Medium
C00011,18,100441.4,0,30,1.6666666666666667,0,Ajay Iyer,Retail,Bengaluru,57234.0,Low,Medium
C00012,20,305992.53,4,70,23.0,4,Deepa Singh,Senior Citizen,Coimbatore,29821.0,Medium,Critical
C00013,18,306866.47000000003,5,70,26.666666666666668,2,Arun Gupta,Retail,Madurai,66300.0,Low,Critical
C00014,34,304260.45,0,30,11.176470588235293,0,Deepa Kumar,Retail,Pune,41915.0,Low,Medium
C00015,22,449022.36,6,70,22.727272727272727,6,Karthik Verma,Mass Affluent,Delhi,30471.0,Low,Critical
C00016,21,135607.69,0,25,6.904761904761905,0,Sanjay Iyer,Mass Affluent,Hyderabad,70828.0,Low,Medium
C00017,17,93788.05,0,25,6.176470588235294,0,Deepa Nair,Retail,Hyderabad,47520.0,Low,Medium
C00018,20,122363.27,0,35,16.0,0,Deepa Reddy,Sme Owner,Bengaluru,72107.0,Low,Medium
C00019,28,179375.59,0,30,1.7857142857142858,0,Vijay Rao,Sme Owner,Hyderabad,28218.0,Low,Medium
C00020,35,255171.62,0,20,1.1428571428571428,0,Vijay Sharma,Mass Affluent,Madurai,58676.0,Low,Medium
C00021,29,554883.7,3,70,10.689655172413794,3,Deepa Sharma,Retail,Mumbai,38199.0,Medium,Critical
C00022,30,242151.46,0,10,10.0,0,Rohit Nair,Sme Owner,Mumbai,76828.0,Medium,Low
C00023,19,191124.32,0,30,3.6842105263157894,0,Divya Singh,Senior Citizen,Chennai,24950.0,Low,Medium
C00024,18,139076.48,0,20,2.2222222222222223,0,Rahul Reddy,Sme Owner,Bengaluru,41307.0,Low,Medium
C00025,46,495487.41000000003,2,40,13.804347826086957,0,Vijay Sharma,Retail,Hyderabad,43811.0,Low,High
C00026,17,271694.2,3,70,13.529411764705882,3,Suresh Nair,Student,Chennai,60610.0,High,Critical
C00027,61,504726.91000000003,0,25,6.311475409836065,0,Pooja Singh,Premium,Pune,177512.0,Low,Medium
C00028,15,142036.03,0,30,3.3333333333333335,0,Ajay Reddy,Retail,Mumbai,147795.0,Low,Medium
C00029,37,479274.33999999997,0,35,16.62162162162162,0,Anitha Nair,Premium,Kochi,51837.0,Low,Medium
C00030,19,155538.77,0,30,2.6315789473684212,0,Karthik Reddy,Retail,Kochi,67871.0,Low,Medium
C00031,47,330168.46,0,20,1.702127659574468,0,Geetha Singh,Sme Owner,Kolkata,21281.0,Low,Medium
C00032,18,163624.56,0,30,3.3333333333333335,0,Meena Gupta,Senior Citizen,Mumbai,55989.0,Low,Medium
C00033,21,294331.08,5,70,25.0,2,Vishal Rao,Sme Owner,Pune,80315.0,Medium,Critical
C00034,40,489196.25,0,35,9.75,0,Kavya Patel,Senior Citizen,Delhi,92875.0,Low,Medium
C00035,14,92913.76,0,20,1.4285714285714286,0,Anitha Nair,Retail,Pune,48282.0,Low,Medium
C00036,27,400119.9,0,35,17.962962962962962,0,Naveen Gupta,Senior Citizen,Delhi,137790.0,Medium,Medium
C00037,18,134675.25,0,30,1.6666666666666667,0,Arun Iyer,Senior Citizen,Kolkata,63006.0,Low,Medium
C00038,34,252377.15,0,20,1.1764705882352942,0,Kavya Kumar,Premium,Pune,207172.0,Low,Medium
C00039,17,105487.81999999999,0,35,7.9411764705882355,0,Suresh Kumar,Retail,Kolkata,36650.0,Low,Medium
C00040,34,272993.36,1,40,12.647058823529411,0,Ajay Reddy,Retail,Kolkata,49190.0,Low,High
C00041,38,331106.64,0,25,7.105263157894737,0,Priya Kumar,Senior Citizen,Delhi,37786.0,Low,Medium
C00042,33,310750.95999999996,0,35,8.030303030303031,0,Vijay Iyer,Premium,Kochi,139006.0,Low,Medium
C00043,55,468605.99,0,35,16.818181818181817,0,Suresh Gupta,Retail,Delhi,83036.0,Low,Medium
C00044,62,496436.3,0,35,15.96774193548387,0,Suresh Kumar,Mass Affluent,Coimbatore,24889.0,Low,Medium
C00045,44,500586.76,3,70,11.704545454545455,3,Naveen Sharma,Student,Mumbai,17748.0,Low,Critical
C00046,25,139656.19,0,20,0.8,0,Suresh Reddy,Senior Citizen,Delhi,37619.0,Low,Medium
C00047,35,231903.41,0,25,6.571428571428571,0,Arun Patel,Retail,Pune,45724.0,Medium,Medium
C00048,54,533512.75,0,30,12.962962962962964,0,Arun Rao,Retail,Bengaluru,52602.0,Low,Medium
C00049,37,204194.47,0,25,6.081081081081081,0,Arun Singh,Mass Affluent,Delhi,35529.0,Low,Medium
C00050,34,277474.97,0,30,2.0588235294117645,0,Deepa Iyer,Retail,Madurai,22089.0,Medium,Medium
C00051,17,131683.02000000002,0,35,7.9411764705882355,0,Sanjay Patel,Sme Owner,Kochi,85909.0,Low,Medium
C00052,62,409046.92,0,35,16.612903225806452,0,Priya Kumar,Student,Hyderabad,93088.0,Low,Medium
C00053,44,318867.4,0,20,0.9090909090909091,0,Naveen Iyer,Retail,Chennai,53996.0,Low,Medium
C00054,56,515688.6,0,30,12.5,0,Lakshmi Singh,Premium,Kolkata,31983.0,Low,Medium
C00055,32,243670.37,0,35,7.8125,0,Suresh Verma,Sme Owner,Kochi,24640.0,Low,Medium
C00056,31,219910.64,0,25,6.935483870967742,0,Arun Gupta,Mass Affluent,Kochi,23167.0,Low,Medium
C00057,13,81908.38,0,35,7.3076923076923075,0,Suresh Nair,Mass Affluent,Bengaluru,35034.0,Low,Medium
C00058,15,82705.42,0,20,2.6666666666666665,0,Suresh Reddy,Mass Affluent,Bengaluru,55048.0,Low,Medium
C00059,19,103287.03,0,0,0.0,0,Rahul Verma,Retail,Chennai,115994.0,Medium,Low
C00060,34,299892.47000000003,1,40,13.235294117647058,0,Priya Sharma,Premium,Coimbatore,26644.0,High,High
C00061,34,223910.13999999998,0,35,16.176470588235293,0,Pooja Iyer,Senior Citizen,Bengaluru,46623.0,Medium,Medium
C00062,15,80621.62,0,15,15.0,0,Karthik Iyer,Retail,Pune,52952.0,Low,Low
C00063,48,605623.9299999999,0,30,12.5,0,Naveen Kumar,Mass Affluent,Hyderabad,45323.0,High,Medium
C00064,34,186832.66999999998,1,40,20.58823529411765,0,Divya Reddy,Mass Affluent,Chennai,64849.0,Low,High
C00065,36,303575.99,0,20,1.6666666666666667,0,Kavya Patel,Mass Affluent,Madurai,26540.0,Medium,Medium
C00066,40,288567.86,0,20,0.5,0,Pooja Iyer,Retail,Coimbatore,41067.0,High,Medium
C00067,17,214343.82,0,30,2.9411764705882355,0,Naveen Rao,Retail,Pune,12000.0,Low,Medium
C00068,51,364664.14,0,30,10.392156862745098,0,Pooja Kumar,Student,Madurai,39953.0,Low,Medium
C00069,21,193759.32,0,35,8.80952380952381,0,Vishal Verma,Sme Owner,Bengaluru,30533.0,Low,Medium
C00070,32,236363.73,0,25,6.875,0,Deepa Gupta,Sme Owner,Madurai,63571.0,High,Medium
C00071,18,226841.65,0,25,7.222222222222222,0,Meena Singh,Student,Mumbai,40264.0,Low,Medium
C00072,11,63008.75,0,5,5.0,0,Divya Singh,Premium,Kolkata,54710.0,Low,Low
C00073,12,61278.57,0,30,2.5,0,Arun Patel,Premium,Hyderabad,51882.0,Low,Medium
C00074,18,162376.57,0,30,4.444444444444445,0,Sneha Verma,Retail,Hyderabad,49810.0,Medium,Medium
C00075,21,146741.45,0,20,1.9047619047619047,0,Kavya Reddy,Premium,Delhi,39644.0,Medium,Medium
C00076,17,63340.43,0,10,10.0,0,Meena Kumar,Retail,Madurai,69985.0,Medium,Low
C00077,38,262945.21,0,35,6.315789473684211,0,Rohit Rao,Mass Affluent,Pune,83678.0,Medium,Medium
C00078,16,113036.86,0,20,1.25,0,Meena Patel,Student,Mumbai,188573.0,Low,Medium
C00079,15,224343.99,2,40,15.333333333333334,0,Vijay Rao,Retail,Madurai,81349.0,Low,High
C00080,15,173971.22,0,25,6.333333333333333,0,Arun Verma,Retail,Coimbatore,41541.0,Low,Medium
C00081,26,232792.24,0,25,7.3076923076923075,0,Rohit Kumar,Sme Owner,Hyderabad,29316.0,Medium,Medium
C00082,12,62464.45,0,0,0.0,0,Rohit Gupta,Senior Citizen,Bengaluru,12000.0,Low,Low
C00083,28,579057.94,6,70,32.857142857142854,4,Lakshmi Iyer,Mass Affluent,Pune,44069.0,High,Critical
C00084,35,226349.09,0,25,6.142857142857143,0,Sanjay Verma,Senior Citizen,Chennai,62239.0,Medium,Medium
C00085,17,278554.65,3,70,16.470588235294116,3,Rohit Sharma,Senior Citizen,Hyderabad,64284.0,Medium,Critical
C00086,31,188022.44,0,20,1.2903225806451613,0,Rahul Kumar,Retail,Hyderabad,50561.0,Low,Medium
C00087,16,83385.26,0,35,6.875,0,Suresh Singh,Retail,Coimbatore,113397.0,High,Medium
C00088,17,139568.49,0,35,8.529411764705882,0,Ajay Gupta,Mass Affluent,Bengaluru,61356.0,Low,Medium
C00089,24,928778.18,1,70,10.625,1,Geetha Rao,Mass Affluent,Madurai,142722.0,Medium,Critical
C00090,35,271211.71,0,25,6.714285714285714,0,Lakshmi Gupta,Mass Affluent,Madurai,28243.0,Low,Medium
C00091,24,154893.39,0,0,0.0,0,Kavya Singh,Retail,Bengaluru,79455.0,Low,Low
C00092,9,36827.869999999995,0,5,5.0,0,Meena Gupta,Sme Owner,Kolkata,30362.0,Low,Low
C00093,14,76546.65,0,0,0.0,0,Kavya Nair,Retail,Bengaluru,32490.0,Medium,Low
C00094,36,305992.77999999997,0,30,3.0555555555555554,0,Vijay Kumar,Student,Hyderabad,101514.0,Low,Medium
C00095,20,129043.89,0,0,0.0,0,Rohit Kumar,Retail,Coimbatore,52217.0,Low,Low
C00096,43,368277.39,0,35,6.627906976744186,0,Rohit Sharma,Retail,Kochi,29115.0,Low,Medium
C00097,31,294716.04,0,25,8.225806451612904,0,Vishal Singh,Retail,Kolkata,76354.0,Low,Medium
C00098,51,330004.42,0,20,1.1764705882352942,0,Priya Kumar,Sme Owner,Hyderabad,78109.0,Low,Medium
C00099,25,163403.15,0,25,6.6,0,Rohit Gupta,Mass Affluent,Delhi,123062.0,Medium,Medium
C00100,15,64624.22,0,0,0.0,0,Meena Gupta,Retail,Pune,48717.0,Low,Low
C00101,31,186508.94999999998,0,25,5.645161290322581,0,Pooja Verma,Retail,Coimbatore,74089.0,Low,Medium
C00102,10,59709.68,0,35,8.0,0,Vishal Nair,Retail,Pune,81169.0,Low,Medium
C00103,57,524845.8,0,20,1.7543859649122806,0,Karthik Sharma,Mass Affluent,Madurai,85821.0,Low,Medium
C00104,20,91200.9,0,0,0.0,0,Rahul Sharma,Mass Affluent,Bengaluru,42556.0,Low,Low
C00105,20,133324.99,0,30,1.5,0,Naveen Kumar,Senior Citizen,Pune,21221.0,Low,Medium
C00106,25,108567.06,0,5,5.0,0,Suresh Nair,Mass Affluent,Kochi,120700.0,Low,Low
C00107,14,203480.91,0,30,5.714285714285714,0,Lakshmi Patel,Mass Affluent,Coimbatore,12000.0,Medium,Medium
C00108,19,174428.09,0,25,8.157894736842104,0,Rahul Singh,Mass Affluent,Bengaluru,26314.0,Medium,Medium
C00109,37,259109.63999999998,0,30,11.08108108108108,0,Suresh Sharma,Retail,Pune,74838.0,High,Medium
C00110,30,284523.85000000003,0,30,3.3333333333333335,0,Ajay Iyer,Premium,Mumbai,55450.0,High,Medium
C00111,17,128921.4,0,5,5.0,0,Kavya Nair,Retail,Mumbai,28453.0,Low,Low
C00112,15,133281.5,0,35,8.333333333333334,0,Geetha Sharma,Retail,Madurai,68414.0,Low,Medium
C00113,20,93477.93,0,5,5.0,0,Deepa Nair,Sme Owner,Madurai,128565.0,Low,Low
C00114,34,289734.12,0,35,17.352941176470587,0,Sanjay Verma,Retail,Hyderabad,121481.0,Medium,Medium
C00115,14,118057.48999999999,0,25,6.428571428571429,0,Karthik Sharma,Sme Owner,Madurai,48148.0,Low,Medium
C00116,28,176578.15,0,20,0.7142857142857143,0,Lakshmi Kumar,Senior Citizen,Bengaluru,45848.0,Medium,Medium
C00117,48,422661.68,0,20,1.6666666666666667,0,Rohit Patel,Retail,Kochi,65723.0,Low,Medium
C00118,16,88787.64,0,5,5.0,0,Pooja Verma,Retail,Bengaluru,60348.0,Low,Low
C00119,20,270644.82,0,20,3.0,0,Pooja Kumar,Retail,Pune,22603.0,Low,Medium
C00120,14,82255.42,0,5,5.0,0,Kavya Kumar,Sme Owner,Kolkata,79067.0,Low,Low
C00121,51,531007.6,8,70,25.49019607843137,4,Suresh Iyer,Retail,Chennai,78722.0,High,Critical
C00122,16,159957.22,0,35,10.0,0,Divya Sharma,Retail,Madurai,208881.0,Low,Medium
C00123,21,163954.96,0,35,7.857142857142857,0,Sneha Kumar,Retail,Pune,49808.0,Low,Medium
C00124,16,125462.51,0,35,8.125,0,Kavya Iyer,Retail,Coimbatore,69404.0,Low,Medium
C00125,16,120410.63,0,20,1.25,0,Karthik Iyer,Retail,Hyderabad,70370.0,Low,Medium
C00126,15,70374.45,0,0,0.0,0,Pooja Reddy,Retail,Chennai,45859.0,Low,Low
C00127,31,293750.85,0,30,2.903225806451613,0,Geetha Patel,Retail,Mumbai,44833.0,Low,Medium
C00128,17,166070.24,0,35,9.705882352941176,0,Sneha Patel,Mass Affluent,Bengaluru,45797.0,High,Medium
C00129,36,329591.75,0,35,17.22222222222222,0,Divya Patel,Sme Owner,Kolkata,40587.0,High,Medium
C00130,19,225252.30000000002,0,30,2.6315789473684212,0,Kavya Nair,Senior Citizen,Mumbai,18723.0,High,Medium
C00131,10,103357.63,0,25,9.0,0,Sneha Singh,Retail,Coimbatore,173763.0,Low,Medium
C00132,21,210235.77,0,25,7.857142857142857,0,Lakshmi Singh,Retail,Mumbai,29293.0,Low,Medium
C00133,52,315481.97000000003,0,25,6.153846153846154,0,Anitha Gupta,Mass Affluent,Madurai,47454.0,Medium,Medium
C00134,33,285667.13,0,35,8.636363636363637,0,Rohit Gupta,Senior Citizen,Chennai,37166.0,Low,Medium
C00135,21,163259.39,0,25,6.904761904761905,0,Vijay Nair,Retail,Coimbatore,36912.0,Low,Medium
C00136,20,149674.3,0,35,17.0,0,Geetha Verma,Retail,Kochi,77873.0,Low,Medium
C00137,16,173844.29,0,20,2.5,0,Deepa Reddy,Mass Affluent,Hyderabad,46767.0,Low,Medium
C00138,35,313959.53,0,30,3.142857142857143,0,Naveen Nair,Retail,Kochi,43150.0,Low,Medium
C00139,17,153578.52,0,30,1.7647058823529411,0,Naveen Singh,Retail,Madurai,99271.0,High,Medium
C00140,24,229309.73,1,40,12.916666666666666,0,Divya Patel,Mass Affluent,Madurai,54850.0,Low,High
C00141,21,310644.94,3,70,10.0,3,Suresh Iyer,Retail,Chennai,156140.0,Low,Critical
C00142,21,131638.33,0,0,0.0,0,Rohit Reddy,Senior Citizen,Pune,60269.0,Low,Low
C00143,16,130759.78,0,20,1.25,0,Deepa Reddy,Student,Kochi,59940.0,Low,Medium
C00144,14,116937.45,0,20,1.4285714285714286,0,Priya Kumar,Student,Mumbai,56191.0,Low,Medium
C00145,10,53756.5,0,5,5.0,0,Ajay Verma,Premium,Hyderabad,106663.0,Low,Low
C00146,38,317253.49,1,45,17.894736842105264,0,Rahul Singh,Retail,Kochi,141788.0,Low,High
C00147,18,184423.43,1,40,13.88888888888889,0,Priya Verma,Mass Affluent,Mumbai,112013.0,Low,High
C00148,42,458801.95,0,35,8.571428571428571,0,Arun Patel,Retail,Kolkata,31390.0,Medium,Medium
C00149,65,422687.79,0,35,15.923076923076923,0,Rohit Rao,Retail,Coimbatore,53228.0,Medium,Medium
C00150,35,225541.58,0,30,1.8571428571428572,0,Sneha Reddy,Retail,Madurai,40857.0,Low,Medium
C00151,22,160237.85,0,25,5.909090909090909,0,Kavya Iyer,Mass Affluent,Pune,43116.0,Low,Medium
C00152,19,209256.22,0,35,7.631578947368421,0,Sneha Sharma,Retail,Chennai,98474.0,Medium,Medium
C00153,20,202556.12999999998,0,30,3.0,0,Vijay Sharma,Student,Kochi,26346.0,Low,Medium
C00154,13,75504.45999999999,0,5,5.0,0,Pooja Iyer,Retail,Madurai,108851.0,Medium,Low
C00155,15,85517.88,0,0,0.0,0,Anitha Kumar,Premium,Bengaluru,61999.0,Low,Low
C00156,44,349947.79,0,35,7.5,0,Ajay Patel,Sme Owner,Hyderabad,34070.0,Low,Medium
C00157,21,188360.35,0,35,7.380952380952381,0,Vishal Patel,Senior Citizen,Delhi,30532.0,Low,Medium
C00158,16,195801.1,0,25,6.25,0,Anitha Verma,Retail,Delhi,55875.0,Low,Medium
C00159,23,387978.27,5,70,33.69565217391305,4,Rahul Nair,Mass Affluent,Hyderabad,28022.0,Medium,Critical
C00160,16,109145.81,0,30,3.125,0,Meena Patel,Mass Affluent,Mumbai,125137.0,Low,Medium
C00161,35,149725.95,0,5,5.0,0,Rohit Patel,Student,Madurai,36865.0,Low,Low
C00162,17,132619.81,0,35,16.176470588235293,0,Lakshmi Verma,Mass Affluent,Bengaluru,67753.0,Low,Medium
C00163,11,83432.2,0,30,2.727272727272727,0,Deepa Sharma,Senior Citizen,Pune,34870.0,Low,Medium
C00164,41,646583.9,3,70,11.707317073170731,3,Priya Patel,Mass Affluent,Coimbatore,25308.0,Low,Critical
C00165,17,106121.14,0,20,1.1764705882352942,0,Arun Nair,Retail,Bengaluru,83046.0,High,Medium
C00166,19,169964.93,0,20,3.1578947368421053,0,Anitha Gupta,Senior Citizen,Mumbai,69741.0,Medium,Medium
C00167,32,322805.83,1,45,17.1875,0,Karthik Rao,Retail,Pune,48994.0,Medium,High
C00168,16,126730.59000000001,0,25,6.25,0,Deepa Gupta,Senior Citizen,Kolkata,52633.0,Medium,Medium
C00169,58,457217.32,0,35,7.586206896551724,0,Pooja Verma,Retail,Chennai,75059.0,Medium,Medium
C00170,23,104593.77,0,0,0.0,0,Lakshmi Rao,Retail,Chennai,65189.0,Low,Low
C00171,18,58533.24,0,5,5.0,0,Vishal Nair,Retail,Hyderabad,155346.0,Low,Low
C00172,15,159115.92,0,30,2.0,0,Ajay Rao,Mass Affluent,Kolkata,34215.0,Medium,Medium
C00173,12,67406.97,0,5,5.0,0,Rohit Patel,Mass Affluent,Chennai,58542.0,Low,Low
C00174,32,355667.2,0,25,6.875,0,Sneha Singh,Retail,Delhi,83097.0,Medium,Medium
C00175,14,134432.76,0,35,10.0,0,Sanjay Iyer,Retail,Chennai,29766.0,Medium,Medium
C00176,36,325389.95,0,30,2.5,0,Anitha Gupta,Premium,Coimbatore,34658.0,Low,Medium
C00177,21,164382.63999999998,0,20,1.9047619047619047,0,Rahul Nair,Mass Affluent,Pune,73004.0,Low,Medium
C00178,35,262419.3,1,45,16.428571428571427,0,Suresh Nair,Premium,Coimbatore,28779.0,Low,High
C00179,13,66052.91,0,0,0.0,0,Divya Iyer,Student,Mumbai,63289.0,Low,Low
C00180,25,426662.48,5,70,20.8,4,Rohit Nair,Retail,Mumbai,52623.0,High,Critical
C00181,19,244098.88,0,20,3.1578947368421053,0,Kavya Kumar,Mass Affluent,Coimbatore,57662.0,Medium,Medium
C00182,12,66109.78,0,5,5.0,0,Meena Rao,Retail,Delhi,38300.0,Low,Low
C00183,19,129609.31999999999,0,25,6.052631578947368,0,Suresh Nair,Retail,Delhi,152999.0,Low,Medium
C00184,24,162373.27,0,35,6.25,0,Kavya Kumar,Student,Chennai,54987.0,High,Medium
C00185,17,135357.31,0,35,6.764705882352941,0,Priya Nair,Mass Affluent,Kochi,34947.0,Low,Medium
C00186,35,174422.35,1,40,11.428571428571429,0,Sanjay Verma,Sme Owner,Kolkata,36161.0,Medium,High
C00187,26,171896.72,0,25,5.769230769230769,0,Rohit Singh,Retail,Pune,41838.0,Low,Medium
C00188,28,206027.79,0,30,2.5,0,Rahul Kumar,Senior Citizen,Hyderabad,54248.0,Low,Medium
C00189,16,949083.15,1,70,9.0625,1,Geetha Reddy,Student,Delhi,38637.0,Medium,Critical
C00190,22,471150.54,3,70,24.318181818181817,3,Meena Singh,Mass Affluent,Hyderabad,47481.0,Low,Critical
C00191,31,252951.23,0,35,8.870967741935484,0,Deepa Singh,Senior Citizen,Kochi,25087.0,Medium,Medium
C00192,37,459104.56,0,35,7.4324324324324325,0,Vishal Sharma,Retail,Kolkata,37983.0,Low,Medium
C00193,23,144205.41,0,35,6.304347826086956,0,Kavya Singh,Sme Owner,Hyderabad,73535.0,Low,Medium
C00194,25,165411.18,0,20,1.6,0,Ajay Iyer,Retail,Kochi,49812.0,Low,Medium
C00195,22,158473.04,0,35,6.363636363636363,0,Sanjay Patel,Sme Owner,Mumbai,28854.0,Medium,Medium
C00196,8,86484.69,0,35,8.75,0,Vijay Gupta,Sme Owner,Bengaluru,66609.0,Low,Medium
C00197,38,298997.56,0,35,16.05263157894737,0,Sanjay Patel,Senior Citizen,Hyderabad,46345.0,Low,Medium
C00198,47,515598.51,0,20,2.5531914893617023,0,Pooja Gupta,Sme Owner,Madurai,64974.0,Low,Medium
C00199,18,89904.46,0,25,6.111111111111111,0,Deepa Verma,Retail,Bengaluru,69261.0,Low,Medium
C00200,43,363454.31,0,30,2.0930232558139537,0,Rahul Gupta,Retail,Chennai,56163.0,Low,Medium
C00201,48,632623.51,3,70,11.770833333333334,3,Ajay Patel,Student,Kochi,47340.0,Low,Critical
C00202,9,57196.78,0,35,8.333333333333334,0,Rohit Iyer,Mass Affluent,Pune,56707.0,Medium,Medium
C00203,18,208766.86,0,30,2.7777777777777777,0,Karthik Reddy,Retail,Bengaluru,84755.0,Low,Medium
C00204,25,220926.83,0,25,5.8,0,Divya Iyer,Sme Owner,Kolkata,117466.0,Medium,Medium
C00205,50,416752.55,0,35,17.4,0,Geetha Nair,Mass Affluent,Kochi,70144.0,Medium,Medium
C00206,17,140049.89,0,30,2.9411764705882355,0,Meena Rao,Retail,Pune,18195.0,High,Medium
C00207,16,104740.95,0,0,0.0,0,Ajay Verma,Retail,Kochi,128939.0,Medium,Low
C00208,18,132201.05,0,35,16.11111111111111,0,Rohit Iyer,Retail,Delhi,47851.0,Low,Medium
C00209,32,261835.49000000002,0,35,6.875,0,Divya Patel,Student,Coimbatore,35351.0,Medium,Medium
C00210,20,83849.03,0,0,0.0,0,Arun Patel,Senior Citizen,Delhi,55561.0,Low,Low
C00211,30,230317.03,0,25,6.333333333333333,0,Divya Singh,Senior Citizen,Chennai,41963.0,Low,Medium
C00212,22,188886.98,0,30,2.272727272727273,0,Kavya Rao,Mass Affluent,Bengaluru,27090.0,Medium,Medium
C00213,16,76439.64,0,5,5.0,0,Meena Nair,Mass Affluent,Chennai,79820.0,Medium,Low
C00214,23,471218.74,4,70,21.304347826086957,4,Geetha Sharma,Senior Citizen,Delhi,63351.0,Low,Critical
C00215,18,99272.83,0,0,0.0,0,Suresh Reddy,Sme Owner,Coimbatore,77584.0,Medium,Low
C00216,14,57484.39,0,0,0.0,0,Rohit Sharma,Student,Mumbai,117841.0,Low,Low
C00217,31,219512.46,0,25,6.290322580645161,0,Pooja Gupta,Premium,Bengaluru,38128.0,Low,Medium
C00218,42,275957.99,0,30,1.4285714285714286,0,Suresh Kumar,Student,Bengaluru,83732.0,Low,Medium
C00219,36,433106.24,0,30,3.611111111111111,0,Sanjay Patel,Senior Citizen,Pune,57897.0,Medium,Medium
C00220,14,191386.15,0,20,1.4285714285714286,0,Meena Patel,Sme Owner,Bengaluru,67512.0,Low,Medium
C00221,40,373892.62,0,35,7.75,0,Sneha Reddy,Premium,Pune,32607.0,Medium,Medium
C00222,40,269185.54,0,35,5.75,0,Karthik Singh,Mass Affluent,Delhi,66106.0,Low,Medium
C00223,18,82304.03,0,30,1.6666666666666667,0,Meena Gupta,Mass Affluent,Mumbai,36508.0,Low,Medium
C00224,52,522745.24000000005,1,40,13.173076923076923,0,Ajay Sharma,Retail,Mumbai,44867.0,Low,High
C00225,21,132174.13,0,5,5.0,0,Naveen Nair,Retail,Bengaluru,63088.0,Medium,Low
C00226,61,397316.85000000003,0,30,10.327868852459016,0,Karthik Nair,Premium,Kochi,85938.0,Low,Medium
C00227,30,240233.35,0,35,7.333333333333333,0,Priya Nair,Retail,Kolkata,63280.0,High,Medium
C00228,14,60128.58,0,0,0.0,0,Suresh Gupta,Student,Coimbatore,55931.0,Low,Low
C00229,17,188480.02000000002,0,30,2.9411764705882355,0,Deepa Rao,Retail,Mumbai,37042.0,Low,Medium
C00230,11,75565.62999999999,0,0,0.0,0,Pooja Nair,Retail,Delhi,21601.0,Medium,Low
C00231,14,96988.99,0,5,5.0,0,Arun Sharma,Retail,Chennai,60785.0,Low,Low
C00232,14,81067.93,0,0,0.0,0,Vijay Singh,Retail,Chennai,43707.0,Low,Low
C00233,23,165574.06,0,30,2.1739130434782608,0,Vishal Iyer,Senior Citizen,Madurai,46513.0,Medium,Medium
C00234,16,129191.51,0,20,1.25,0,Vishal Kumar,Retail,Chennai,12000.0,Low,Medium
C00235,20,172414.0,0,25,8.0,0,Rahul Nair,Retail,Pune,59381.0,Low,Medium
C00236,23,135736.22,0,35,6.304347826086956,0,Karthik Patel,Senior Citizen,Hyderabad,38195.0,Low,Medium
C00237,35,320837.04,0,30,2.857142857142857,0,Geetha Nair,Premium,Pune,89215.0,Low,Medium
C00238,47,311503.19,0,30,11.27659574468085,0,Lakshmi Rao,Sme Owner,Chennai,81371.0,Low,Medium
C00239,17,181905.5,0,35,8.529411764705882,0,Lakshmi Gupta,Sme Owner,Chennai,68546.0,Low,Medium
C00240,17,139565.92,0,35,7.9411764705882355,0,Karthik Verma,Retail,Coimbatore,21738.0,High,Medium
C00241,20,197329.77,0,35,10.5,0,Vijay Iyer,Student,Kolkata,40762.0,High,Medium
C00242,41,325481.28,0,35,7.682926829268292,0,Suresh Singh,Retail,Bengaluru,45049.0,Low,Medium
C00243,22,212065.96,0,35,7.7272727272727275,0,Vijay Singh,Senior Citizen,Mumbai,151910.0,Medium,Medium
C00244,51,449441.1,0,30,12.745098039215685,0,Karthik Nair,Mass Affluent,Kolkata,19150.0,High,Medium
C00245,17,143784.97,0,30,2.9411764705882355,0,Deepa Nair,Retail,Madurai,77339.0,Low,Medium
C00246,17,139584.91,0,25,6.176470588235294,0,Suresh Reddy,Retail,Bengaluru,24575.0,Medium,Medium
C00247,37,235490.75,0,20,0.5405405405405406,0,Priya Patel,Sme Owner,Mumbai,90833.0,Medium,Medium
C00248,21,165221.83000000002,0,35,8.333333333333334,0,Sanjay Sharma,Mass Affluent,Hyderabad,39136.0,Low,Medium
C00249,16,116852.06,0,30,1.875,0,Ajay Sharma,Premium,Delhi,57359.0,Low,Medium
C00250,14,123324.15,0,25,6.428571428571429,0,Suresh Rao,Retail,Kolkata,44190.0,Medium,Medium
C00251,16,298203.13,5,70,36.25,2,Sneha Verma,Retail,Mumbai,32576.0,Medium,Critical
C00252,24,196554.15,0,30,2.0833333333333335,0,Ajay Iyer,Retail,Mumbai,28549.0,Low,Medium
C00253,24,148582.18,0,30,10.833333333333334,0,Suresh Sharma,Senior Citizen,Delhi,57716.0,Low,Medium
C00254,53,320924.88,0,25,5.754716981132075,0,Vishal Patel,Sme Owner,Pune,85279.0,Low,Medium
C00255,17,408135.32,3,70,19.41176470588235,3,Rohit Singh,Sme Owner,Coimbatore,49291.0,Low,Critical
C00256,23,181371.57,0,35,8.043478260869565,0,Pooja Patel,Retail,Pune,77940.0,Low,Medium
C00257,17,83107.23,0,30,1.7647058823529411,0,Divya Kumar,Mass Affluent,Kochi,29999.0,Low,Medium
C00258,21,197597.41,0,35,9.285714285714286,0,Sneha Iyer,Senior Citizen,Bengaluru,175086.0,Low,Medium
C00259,24,218539.98,0,30,2.9166666666666665,0,Karthik Iyer,Student,Bengaluru,36777.0,Low,Medium
C00260,18,213657.61,0,35,10.555555555555555,0,Deepa Gupta,Senior Citizen,Madurai,86718.0,Low,Medium
C00261,34,199639.55,0,30,0.8823529411764706,0,Arun Iyer,Retail,Bengaluru,85076.0,High,Medium
C00262,19,137508.22,0,20,1.0526315789473684,0,Geetha Verma,Student,Madurai,85082.0,Low,Medium
C00263,13,56069.47,0,0,0.0,0,Deepa Rao,Retail,Hyderabad,20389.0,Low,Low
C00264,40,381497.45,0,30,3.0,0,Karthik Reddy,Mass Affluent,Kochi,44405.0,Medium,Medium
C00265,13,86105.36,0,25,6.538461538461538,0,Vijay Singh,Mass Affluent,Coimbatore,97918.0,Low,Medium
C00266,21,188431.95,0,30,2.857142857142857,0,Lakshmi Reddy,Retail,Chennai,65376.0,Low,Medium
C00267,34,387967.25,1,40,13.823529411764707,0,Priya Gupta,Mass Affluent,Coimbatore,60165.0,Low,High
C00268,18,88248.92,0,5,5.0,0,Suresh Rao,Premium,Kochi,21399.0,Medium,Low
C00269,35,156328.87,0,0,0.0,0,Pooja Singh,Retail,Kolkata,24212.0,Medium,Low
C00270,42,353520.09,0,35,6.190476190476191,0,Ajay Rao,Retail,Coimbatore,68826.0,Low,Medium
C00271,36,328048.70999999996,0,25,5.555555555555555,0,Pooja Sharma,Premium,Kochi,137571.0,Medium,Medium
C00272,14,155135.73,0,35,8.571428571428571,0,Vijay Gupta,Mass Affluent,Madurai,30115.0,Low,Medium
C00273,39,299300.56,0,35,6.282051282051282,0,Ajay Iyer,Retail,Delhi,42483.0,Medium,Medium
C00274,25,229159.22,0,20,3.2,0,Anitha Patel,Retail,Pune,61319.0,Medium,Medium
C00275,22,112684.9,0,0,0.0,0,Kavya Rao,Senior Citizen,Pune,76612.0,Low,Low
C00276,12,72312.54000000001,0,5,5.0,0,Sanjay Kumar,Mass Affluent,Chennai,71756.0,Low,Low
C00277,15,120908.15,0,30,2.0,0,Arun Nair,Premium,Madurai,125754.0,Low,Medium
C00278,18,202497.86000000002,0,35,8.333333333333334,0,Karthik Reddy,Retail,Kolkata,76967.0,Low,Medium
C00279,22,140512.8,0,35,7.7272727272727275,0,Pooja Rao,Mass Affluent,Chennai,77941.0,Low,Medium
C00280,33,247924.82,0,25,5.606060606060606,0,Vijay Gupta,Senior Citizen,Kolkata,35465.0,Medium,Medium
C00281,21,144846.49,0,5,5.0,0,Meena Kumar,Mass Affluent,Pune,63688.0,Low,Low
C00282,61,359608.49,0,35,15.98360655737705,0,Rahul Reddy,Retail,Hyderabad,72629.0,Medium,Medium
C00283,12,113496.71,1,40,14.166666666666666,0,Vijay Gupta,Student,Kolkata,87014.0,Medium,High
C00284,16,108177.12,0,30,3.125,0,Deepa Patel,Mass Affluent,Pune,39406.0,Low,Medium
C00285,23,174518.41,0,20,1.7391304347826086,0,Rahul Singh,Retail,Pune,28338.0,Low,Medium
C00286,31,225145.75,2,40,21.29032258064516,0,Kavya Kumar,Premium,Kochi,55187.0,Low,High
C00287,17,417502.27,4,70,29.11764705882353,2,Rohit Nair,Sme Owner,Kolkata,45624.0,Low,Critical
C00288,11,68972.1,0,30,2.727272727272727,0,Divya Patel,Retail,Bengaluru,67927.0,Low,Medium
C00289,68,480363.47,0,20,2.0588235294117645,0,Sneha Kumar,Student,Pune,22290.0,Low,Medium
C00290,14,93485.07,0,35,7.142857142857143,0,Rohit Singh,Premium,Coimbatore,119709.0,Low,Medium
C00291,22,141680.94,0,25,5.909090909090909,0,Rohit Iyer,Retail,Madurai,55274.0,Medium,Medium
C00292,43,267735.04,0,25,5.465116279069767,0,Vijay Rao,Premium,Chennai,85496.0,Medium,Medium
C00293,23,188763.94,0,30,3.4782608695652173,0,Ajay Singh,Mass Affluent,Hyderabad,22716.0,Low,Medium
C00294,36,319908.98,0,25,7.222222222222222,0,Vishal Reddy,Student,Kochi,77935.0,Low,Medium
C00295,51,374526.67,0,35,7.352941176470588,0,Meena Patel,Retail,Kochi,43825.0,Low,Medium
C00296,36,366497.54,0,35,7.5,0,Kavya Iyer,Retail,Chennai,66338.0,Low,Medium
C00297,23,163518.1,0,20,1.7391304347826086,0,Lakshmi Patel,Mass Affluent,Hyderabad,92464.0,Low,Medium
C00298,18,83939.16,0,15,15.0,0,Priya Kumar,Premium,Mumbai,12000.0,Medium,Low
C00299,19,110587.16,0,20,1.0526315789473684,0,Rahul Sharma,Mass Affluent,Kolkata,38739.0,Low,Medium
C00300,18,193432.66,0,30,3.888888888888889,0,,,,,,Medium
C00301,12,82646.99,0,35,7.5,0,Arun Sharma,Retail,Madurai,51810.0,Low,Medium
C00302,18,123967.68,0,5,5.0,0,Rahul Rao,Retail,Kochi,83106.0,Low,Low
C00303,10,104297.12,0,35,10.0,0,Deepa Verma,Premium,Chennai,55547.0,Low,Medium
C00304,36,204880.93,0,0,0.0,0,Lakshmi Iyer,Mass Affluent,Chennai,68988.0,Low,Low
C00305,15,100859.84,0,35,7.0,0,Kavya Patel,Sme Owner,Bengaluru,64624.0,Low,Medium
C00306,36,269577.81,0,30,2.5,0,Karthik Verma,Sme Owner,Hyderabad,23698.0,Medium,Medium
C00307,26,200008.38,0,20,0.7692307692307693,0,Rahul Rao,Premium,Kochi,92696.0,Medium,Medium
C00308,39,291216.85,0,30,1.794871794871795,0,Rahul Iyer,Mass Affluent,Hyderabad,67165.0,Low,Medium
C00309,14,54747.340000000004,0,10,10.0,0,Vijay Verma,Retail,Delhi,35387.0,Low,Low
C00310,11,75686.12,0,5,5.0,0,Naveen Patel,Sme Owner,Kochi,90576.0,Low,Low
C00311,37,131524.97,0,15,15.0,0,Suresh Sharma,Retail,Mumbai,123479.0,Low,Low
C00312,30,200419.07,0,30,11.333333333333334,0,Ajay Iyer,Senior Citizen,Madurai,41799.0,Low,Medium
C00313,40,258551.76,0,35,5.75,0,Deepa Nair,Premium,Delhi,16619.0,Low,Medium
C00314,13,96129.09,0,25,6.538461538461538,0,Meena Iyer,Premium,Madurai,101083.0,Medium,Medium
C00315,18,144300.15,0,20,2.2222222222222223,0,Arun Rao,Mass Affluent,Chennai,67229.0,High,Medium
C00316,16,860519.2899999999,1,70,8.125,1,Priya Reddy,Retail,Coimbatore,92635.0,Medium,Critical
C00317,14,60214.65,0,0,0.0,0,Priya Gupta,Sme Owner,Kolkata,37064.0,Low,Low
C00318,17,98063.84,0,5,5.0,0,Lakshmi Iyer,Mass Affluent,Kochi,19418.0,Low,Low
C00319,43,269864.07,0,25,6.395348837209302,0,Divya Rao,Retail,Kolkata,58482.0,Low,Medium
C00320,18,181958.88,0,35,7.777777777777778,0,Rohit Kumar,Premium,Pune,75940.0,Low,Medium
C00321,15,68519.92,0,5,5.0,0,Rahul Rao,Mass Affluent,Mumbai,27219.0,Low,Low
C00322,13,115694.64,0,30,5.384615384615385,0,Rahul Iyer,Retail,Hyderabad,32154.0,Low,Medium
C00323,31,336917.21,0,35,9.193548387096774,0,Rahul Gupta,Mass Affluent,Bengaluru,58949.0,Low,Medium
C00324,57,425647.26,0,30,2.456140350877193,0,Sanjay Iyer,Sme Owner,Bengaluru,59818.0,Low,Medium
C00325,24,173199.32,1,40,11.25,0,Pooja Singh,Senior Citizen,Coimbatore,114666.0,Medium,High
C00326,19,140740.91999999998,0,5,5.0,0,Rahul Kumar,Retail,Bengaluru,62569.0,Low,Low
C00327,14,116329.49,0,30,3.5714285714285716,0,Ajay Gupta,Mass Affluent,Chennai,60279.0,Medium,Medium
C00328,43,292483.1,0,30,2.0930232558139537,0,Karthik Iyer,Retail,Bengaluru,44797.0,Low,Medium
C00329,15,134100.14,1,40,13.333333333333334,0,Divya Rao,Student,Mumbai,32418.0,Medium,High
C00330,29,151010.88,0,25,5.689655172413793,0,Deepa Rao,Retail,Bengaluru,66978.0,Low,Medium
C00331,15,125535.27,0,30,2.0,0,Pooja Rao,Retail,Mumbai,81399.0,Medium,Medium
C00332,17,184124.43,0,25,8.529411764705882,0,Deepa Patel,Retail,Coimbatore,83296.0,Low,Medium
C00333,22,191806.78,0,25,7.7272727272727275,0,Anitha Verma,Retail,Delhi,34184.0,Low,Medium
C00334,40,292235.01,0,30,1.75,0,Rahul Gupta,Retail,Chennai,96042.0,Low,Medium
C00335,20,213983.39,0,35,8.5,0,Naveen Patel,Mass Affluent,Hyderabad,25270.0,Medium,Medium
C00336,37,267195.58,0,35,7.702702702702703,0,Karthik Singh,Senior Citizen,Chennai,44212.0,Low,Medium
C00337,19,129855.55,0,30,1.5789473684210527,0,Rohit Iyer,Sme Owner,Delhi,75016.0,Low,Medium
C00338,28,163800.37,0,20,1.4285714285714286,0,Vishal Kumar,Senior Citizen,Delhi,112507.0,Low,Medium
C00339,22,119099.95,0,5,5.0,0,Kavya Iyer,Senior Citizen,Delhi,28594.0,Low,Low
C00340,31,247262.83000000002,1,40,10.96774193548387,0,Kavya Patel,Retail,Chennai,31407.0,Medium,High
C00341,17,251811.83,0,35,9.705882352941176,0,Deepa Verma,Premium,Kolkata,123990.0,Low,Medium
C00342,18,176580.03999999998,0,30,4.444444444444445,0,Ajay Iyer,Mass Affluent,Pune,104679.0,Low,Medium
C00343,19,245838.38,0,30,3.6842105263157894,0,Rohit Sharma,Premium,Pune,71308.0,Low,Medium
C00344,35,386001.74,0,30,3.7142857142857144,0,Sanjay Verma,Retail,Kolkata,23243.0,Low,Medium
C00345,34,243989.36,0,30,11.764705882352942,0,Divya Reddy,Sme Owner,Coimbatore,27875.0,Low,Medium
C00346,44,440254.06,0,30,4.090909090909091,0,Rohit Verma,Premium,Mumbai,24576.0,Low,Medium
C00347,30,193729.16,0,30,10.666666666666666,0,Ajay Gupta,Retail,Bengaluru,109058.0,Low,Medium
C00348,11,63091.76,0,5,5.0,0,Geetha Verma,Mass Affluent,Coimbatore,17821.0,Medium,Low
C00349,15,87262.6,0,20,1.3333333333333333,0,Pooja Iyer,Student,Chennai,15123.0,Low,Medium
C00350,22,464686.24,1,70,19.318181818181817,1,Rohit Reddy,Sme Owner,Delhi,49454.0,Medium,Critical
C00351,40,260044.16999999998,0,30,11.5,0,Arun Gupta,Student,Delhi,49952.0,Low,Medium
C00352,38,482714.8,8,70,27.894736842105264,4,Pooja Verma,Retail,Kochi,48707.0,Low,Critical
C00353,17,175222.94,0,35,7.9411764705882355,0,Deepa Patel,Mass Affluent,Hyderabad,49196.0,Medium,Medium
C00354,59,492517.02,0,30,11.35593220338983,0,Divya Singh,Mass Affluent,Coimbatore,114753.0,Low,Medium
C00355,17,158194.09,0,20,2.3529411764705883,0,Arun Singh,Mass Affluent,Mumbai,51531.0,Low,Medium
C00356,41,341239.13,1,50,17.317073170731707,0,Ajay Gupta,Retail,Coimbatore,30005.0,Medium,High
C00357,53,361755.06,0,25,6.509433962264151,0,Priya Verma,Student,Coimbatore,82704.0,Low,Medium
C00358,15,110327.81,0,25,6.333333333333333,0,Karthik Singh,Student,Hyderabad,100283.0,Low,Medium
C00359,16,81707.28,0,5,5.0,0,Ajay Verma,Retail,Hyderabad,69297.0,Low,Low
C00360,17,133660.8,0,5,5.0,0,Rahul Patel,Sme Owner,Madurai,53753.0,Medium,Low
C00361,19,258309.26,0,30,3.6842105263157894,0,Lakshmi Iyer,Mass Affluent,Pune,71133.0,Low,Medium
C00362,12,203278.46000000002,0,20,5.0,0,Deepa Sharma,Retail,Pune,54935.0,Medium,Medium
C00363,22,140525.34,0,30,2.727272727272727,0,Sanjay Nair,Retail,Kochi,128379.0,Medium,Medium
C00364,19,91909.08,0,0,0.0,0,Sneha Verma,Sme Owner,Madurai,108925.0,Low,Low
C00365,37,272104.91,0,20,1.0810810810810811,0,Vishal Gupta,Retail,Coimbatore,39949.0,High,Medium
C00366,16,195650.91,0,35,10.625,0,Arun Kumar,Retail,Delhi,35944.0,Low,Medium
C00367,21,155482.28,0,35,8.333333333333334,0,Kavya Verma,Retail,Pune,22081.0,Medium,Medium
C00368,15,100292.02,0,25,7.666666666666667,0,Divya Verma,Student,Kochi,159303.0,Medium,Medium
C00369,20,119372.14,0,20,1.0,0,Rohit Patel,Retail,Chennai,71654.0,Low,Medium
C00370,12,69921.81,0,0,0.0,0,Meena Sharma,Senior Citizen,Delhi,75121.0,Low,Low
C00371,19,101560.75,0,0,0.0,0,Arun Gupta,Sme Owner,Pune,28150.0,Low,Low
C00372,16,108821.70999999999,0,30,1.875,0,Rahul Rao,Sme Owner,Madurai,67176.0,Low,Medium
C00373,15,105327.05,0,25,6.333333333333333,0,Geetha Verma,Retail,Bengaluru,37786.0,Low,Medium
C00374,35,354384.77,1,40,13.714285714285714,0,Naveen Iyer,Mass Affluent,Kochi,49793.0,Medium,High
C00375,28,158519.81,0,35,6.071428571428571,0,Karthik Nair,Retail,Kolkata,120258.0,Medium,Medium
C00376,18,267020.34,0,30,1.6666666666666667,0,Vijay Verma,Premium,Bengaluru,43308.0,Low,Medium
C00377,39,305875.85,0,20,2.051282051282051,0,Divya Kumar,Sme Owner,Pune,104832.0,Low,Medium
C00378,21,210890.68,0,35,7.380952380952381,0,Deepa Sharma,Mass Affluent,Kochi,73796.0,Low,Medium
C00379,36,239930.51,0,25,6.111111111111111,0,Kavya Rao,Mass Affluent,Bengaluru,49859.0,Low,Medium
C00380,14,176612.1,0,30,3.5714285714285716,0,Anitha Patel,Student,Chennai,123197.0,Low,Medium
C00381,59,436508.15,0,20,1.694915254237288,0,Lakshmi Kumar,Retail,Pune,50816.0,Low,Medium
C00382,14,109518.05,0,20,2.857142857142857,0,Vijay Singh,Mass Affluent,Delhi,138045.0,Medium,Medium
C00383,17,79613.78,0,0,0.0,0,Sanjay Singh,Retail,Mumbai,50924.0,Low,Low
C00384,10,69562.33,0,0,0.0,0,Rohit Kumar,Retail,Chennai,43482.0,Low,Low
C00385,52,382338.96,0,20,2.2115384615384617,0,Arun Patel,Mass Affluent,Pune,82921.0,Low,Medium
C00386,22,138441.29,0,0,0.0,0,Deepa Patel,Sme Owner,Delhi,19530.0,Medium,Low
C00387,15,134906.89,0,20,1.3333333333333333,0,Naveen Singh,Mass Affluent,Delhi,16811.0,Low,Medium
C00388,21,89470.48,0,0,0.0,0,Anitha Nair,Sme Owner,Chennai,51638.0,Low,Low
C00389,62,523716.52,0,35,16.93548387096774,0,Priya Verma,Student,Madurai,48137.0,Low,Medium
C00390,16,77750.07,0,0,0.0,0,Priya Kumar,Student,Mumbai,34717.0,Medium,Low
C00391,14,195449.86,0,30,5.0,0,Sanjay Kumar,Retail,Kolkata,85579.0,Low,Medium
C00392,18,116425.39,0,5,5.0,0,Sneha Iyer,Retail,Madurai,132317.0,Low,Low
C00393,16,70228.09,0,5,5.0,0,Vijay Rao,Retail,Madurai,56173.0,Medium,Low
C00394,18,773041.46,1,70,5.0,1,Karthik Rao,Retail,Kolkata,54717.0,Low,Critical
C00395,18,106041.75,0,25,6.111111111111111,0,Meena Rao,Retail,Bengaluru,34767.0,Low,Medium
C00396,16,145828.69,0,35,8.125,0,Kavya Rao,Retail,Kochi,21615.0,Medium,Medium
C00397,34,214762.97,0,10,10.0,0,Priya Iyer,Senior Citizen,Kolkata,60970.0,High,Low
C00398,18,114712.62,0,10,10.0,0,Lakshmi Rao,Retail,Delhi,29213.0,Medium,Low
C00399,53,394784.48,0,35,6.886792452830188,0,Meena Verma,Student,Madurai,84847.0,Low,Medium
C00400,17,157198.27,0,30,2.9411764705882355,0,Divya Rao,Sme Owner,Madurai,95681.0,Medium,Medium
C00401,24,186267.31,0,35,7.083333333333333,0,Lakshmi Verma,Retail,Delhi,94291.0,High,Medium
C00402,20,206000.25,0,20,4.0,0,Priya Reddy,Mass Affluent,Chennai,37135.0,Medium,Medium
C00403,10,73773.19,0,5,5.0,0,Priya Patel,Retail,Mumbai,89784.0,Low,Low
C00404,15,102572.35,0,35,7.0,0,Sanjay Singh,Senior Citizen,Pune,49293.0,Medium,Medium
C00405,22,199115.44999999998,0,30,2.272727272727273,0,Anitha Kumar,Mass Affluent,Kochi,100018.0,High,Medium
C00406,24,291863.25,0,20,3.3333333333333335,0,Lakshmi Verma,Retail,Kolkata,21463.0,Low,Medium
C00407,39,168777.16,0,15,15.0,0,Priya Gupta,Mass Affluent,Kochi,38020.0,Low,Low
C00408,59,336667.41000000003,0,25,6.016949152542373,0,Suresh Kumar,Retail,Kolkata,55419.0,Low,Medium
C00409,10,90249.98999999999,0,30,3.0,0,Ajay Verma,Premium,Coimbatore,56686.0,Low,Medium
C00410,43,401787.64,3,45,18.953488372093023,0,Pooja Gupta,Retail,Pune,60226.0,High,High
C00411,19,169096.7,0,35,7.631578947368421,0,Rohit Patel,Retail,Delhi,16640.0,Medium,Medium
C00412,37,453229.86000000004,0,30,3.5135135135135136,0,Rohit Reddy,Student,Pune,38846.0,Medium,Medium
C00413,22,111217.93,0,10,10.0,0,Deepa Rao,Mass Affluent,Hyderabad,70809.0,Low,Low
C00414,19,129622.87,0,35,7.631578947368421,0,Divya Kumar,Senior Citizen,Delhi,36744.0,Low,Medium
C00415,45,338093.08,1,40,10.666666666666666,0,Sneha Singh,Sme Owner,Hyderabad,56548.0,Medium,High
C00416,19,161789.72999999998,0,25,7.105263157894737,0,Sanjay Rao,Sme Owner,Coimbatore,38339.0,Low,Medium
C00417,23,482736.68,2,40,13.478260869565217,0,Anitha Nair,Senior Citizen,Hyderabad,37873.0,High,High
C00418,22,324379.92,0,35,8.636363636363637,0,Rahul Gupta,Retail,Mumbai,58442.0,Low,Medium
C00419,23,122782.42,0,25,5.869565217391305,0,Rohit Gupta,Retail,Kochi,20238.0,Medium,Medium
C00420,46,295784.71,0,30,1.0869565217391304,0,Anitha Rao,Mass Affluent,Mumbai,77175.0,Low,Medium
C00421,23,175677.74,0,25,5.869565217391305,0,Rahul Sharma,Senior Citizen,Chennai,102716.0,High,Medium
C00422,39,384033.81,0,20,1.5384615384615385,0,Sanjay Singh,Retail,Mumbai,72756.0,Low,Medium
C00423,31,207633.42,1,40,11.612903225806452,0,Arun Iyer,Retail,Madurai,50563.0,Low,High
C00424,20,155511.41999999998,0,35,17.0,0,Sanjay Nair,Senior Citizen,Kolkata,24799.0,Low,Medium
C00425,26,244456.52000000002,0,30,2.6923076923076925,0,Geetha Patel,Sme Owner,Pune,40523.0,Medium,Medium
C00426,34,362167.47,0,20,1.1764705882352942,0,Geetha Verma,Mass Affluent,Coimbatore,96746.0,Medium,Medium
C00427,47,305904.36,0,25,5.425531914893617,0,Vishal Rao,Mass Affluent,Chennai,32628.0,Medium,Medium
C00428,49,279896.94,0,35,16.224489795918366,0,Pooja Reddy,Student,Chennai,49910.0,Low,Medium
C00429,21,110115.74,0,0,0.0,0,Suresh Rao,Mass Affluent,Kolkata,24211.0,Medium,Low
C00430,15,86610.59,0,30,2.0,0,Rahul Sharma,Retail,Bengaluru,51028.0,Low,Medium
C00431,14,150106.35,0,25,7.857142857142857,0,Deepa Gupta,Sme Owner,Mumbai,37888.0,Low,Medium
C00432,38,211576.65,0,15,15.0,0,Naveen Reddy,Retail,Mumbai,54754.0,Medium,Low
C00433,31,193240.51,0,5,5.0,0,Suresh Patel,Mass Affluent,Kolkata,62326.0,Low,Low
C00434,14,87152.92,0,30,2.142857142857143,0,Divya Sharma,Retail,Pune,145483.0,High,Medium
C00435,21,309137.58999999997,0,35,8.80952380952381,0,Pooja Sharma,Premium,Hyderabad,85472.0,High,Medium
C00436,20,201509.91999999998,0,35,10.0,0,Karthik Reddy,Sme Owner,Pune,25319.0,Medium,Medium
C00437,27,116087.86,0,0,0.0,0,Pooja Rao,Premium,Delhi,56671.0,Low,Low
C00438,50,291783.98,0,30,11.2,0,Geetha Iyer,Mass Affluent,Coimbatore,46940.0,Low,Medium
C00439,23,134421.76,0,0,0.0,0,Divya Verma,Sme Owner,Hyderabad,28054.0,Medium,Low
C00440,38,256175.35,1,40,11.31578947368421,0,Priya Iyer,Senior Citizen,Coimbatore,20599.0,Low,High
C00441,21,222412.48,0,30,3.8095238095238093,0,Arun Singh,Retail,Pune,280812.0,Low,Medium
C00442,44,303692.08,1,45,16.59090909090909,0,Kavya Patel,Premium,Chennai,30099.0,Low,High
C00443,24,124764.34,0,20,0.8333333333333334,0,Priya Rao,Student,Kochi,57996.0,Low,Medium
C00444,21,164581.83,0,30,1.4285714285714286,0,Rohit Reddy,Retail,Chennai,117304.0,Low,Medium
C00445,52,387019.76,0,35,7.115384615384615,0,Anitha Iyer,Retail,Chennai,54799.0,Low,Medium
C00446,39,257246.48,1,45,16.28205128205128,0,Meena Iyer,Senior Citizen,Chennai,52087.0,Low,High
C00447,16,140821.79,0,25,6.25,0,Vishal Reddy,Retail,Pune,66658.0,Low,Medium
C00448,37,264195.34,0,25,5.54054054054054,0,Anitha Kumar,Sme Owner,Kochi,53227.0,Medium,Medium
C00449,17,80014.1,0,0,0.0,0,Suresh Reddy,Retail,Delhi,35758.0,Low,Low
C00450,36,211779.96,0,35,5.833333333333333,0,Vijay Singh,Mass Affluent,Chennai,35916.0,Low,Medium
C00451,42,407245.33,1,40,12.142857142857142,0,Lakshmi Sharma,Premium,Hyderabad,57263.0,Medium,High
C00452,35,303209.89,4,70,16.571428571428573,2,Ajay Kumar,Mass Affluent,Kolkata,68719.0,Low,Critical
C00453,38,353262.86,0,20,2.6315789473684212,0,Rahul Nair,Retail,Coimbatore,59018.0,Low,Medium
C00454,37,310945.61,0,35,8.243243243243244,0,Naveen Patel,Retail,Delhi,38424.0,Medium,Medium
C00455,30,399410.33,0,30,3.0,0,Rahul Patel,Retail,Chennai,42400.0,Medium,Medium
C00456,16,131930.24,0,25,7.5,0,Meena Gupta,Retail,Bengaluru,30790.0,Low,Medium
C00457,17,198544.75,0,30,1.7647058823529411,0,Lakshmi Rao,Mass Affluent,Madurai,22365.0,Low,Medium
C00458,48,500744.59,4,70,14.375,2,Lakshmi Sharma,Student,Bengaluru,63034.0,Low,Critical
C00459,20,168544.35,0,30,4.0,0,Naveen Sharma,Retail,Kolkata,84861.0,Low,Medium
C00460,27,187582.8,0,25,6.481481481481482,0,Sanjay Sharma,Sme Owner,Kochi,183238.0,Low,Medium
C00461,34,226779.96,0,30,10.588235294117647,0,Geetha Verma,Retail,Delhi,21944.0,Medium,Medium
C00462,19,933312.7999999999,1,70,3.6842105263157894,1,Sneha Singh,Premium,Chennai,49586.0,Low,Critical
C00463,46,299693.9,1,40,10.652173913043478,0,Deepa Iyer,Sme Owner,Hyderabad,46998.0,Medium,High
C00464,18,197696.74,0,30,2.7777777777777777,0,Pooja Rao,Mass Affluent,Mumbai,76792.0,Low,Medium
C00465,24,246751.4,0,35,9.583333333333334,0,Arun Singh,Retail,Chennai,36929.0,Medium,Medium
C00466,26,187572.62999999998,0,25,5.769230769230769,0,Divya Patel,Mass Affluent,Kolkata,47791.0,Low,Medium
C00467,17,115567.8,0,25,6.176470588235294,0,Lakshmi Rao,Sme Owner,Kolkata,68389.0,Low,Medium
C00468,35,232601.22,0,35,16.571428571428573,0,Vishal Reddy,Retail,Coimbatore,26344.0,High,Medium
C00469,19,141764.62,0,30,1.5789473684210527,0,Deepa Verma,Retail,Kochi,56868.0,Medium,Medium
C00470,32,217973.84,0,25,5.625,0,Sneha Reddy,Retail,Mumbai,130230.0,Low,Medium
C00471,17,114913.01,0,35,8.529411764705882,0,Divya Verma,Senior Citizen,Hyderabad,23142.0,Low,Medium
C00472,17,125010.72,0,20,2.3529411764705883,0,Rohit Verma,Senior Citizen,Hyderabad,97741.0,Low,Medium
C00473,19,134451.77,0,30,1.5789473684210527,0,Divya Reddy,Mass Affluent,Delhi,92491.0,Low,Medium
C00474,15,262656.8,0,30,6.0,0,Kavya Gupta,Retail,Kolkata,71051.0,Medium,Medium
C00475,17,161212.32,0,25,7.352941176470588,0,Vijay Singh,Mass Affluent,Mumbai,26285.0,Low,Medium
C00476,25,349173.91,6,70,23.0,6,Vijay Sharma,Retail,Kolkata,46741.0,High,Critical
C00477,20,128472.77,0,30,2.5,0,Sneha Gupta,Retail,Hyderabad,80672.0,Low,Medium
C00478,10,82053.22,0,20,2.0,0,Suresh Nair,Premium,Pune,46105.0,Low,Medium
C00479,14,62427.54,0,35,7.142857142857143,0,Sanjay Kumar,Retail,Kochi,135012.0,Low,Medium
C00480,61,416849.7,0,35,15.98360655737705,0,Geetha Sharma,Senior Citizen,Kochi,35541.0,Low,Medium
C00481,18,133338.45,0,25,6.111111111111111,0,Pooja Iyer,Senior Citizen,Mumbai,84011.0,Low,Medium
C00482,20,206053.23,0,20,4.0,0,Naveen Singh,Premium,Delhi,64154.0,Low,Medium
C00483,38,323055.07,0,35,7.105263157894737,0,Vijay Singh,Retail,Bengaluru,35968.0,Medium,Medium
C00484,18,118019.49,0,35,16.11111111111111,0,Ajay Reddy,Sme Owner,Pune,89773.0,Medium,Medium
C00485,15,98887.02,0,35,7.0,0,Lakshmi Kumar,Retail,Madurai,104336.0,Low,Medium
C00486,20,125827.77,0,20,1.0,0,Deepa Iyer,Senior Citizen,Madurai,65150.0,Medium,Medium
C00487,19,104838.02,1,40,11.578947368421053,0,Ajay Singh,Mass Affluent,Pune,51169.0,Low,High
C00488,36,282963.56,0,20,1.6666666666666667,0,Ajay Singh,Premium,Coimbatore,66722.0,Low,Medium
C00489,13,57197.89,0,20,1.5384615384615385,0,Priya Gupta,Senior Citizen,Delhi,79158.0,Medium,Medium
C00490,14,55625.94,0,5,5.0,0,Priya Sharma,Mass Affluent,Chennai,36096.0,Medium,Low
C00491,46,387186.64,0,30,11.304347826086957,0,Geetha Sharma,Retail,Kochi,22388.0,Low,Medium
C00492,46,400959.75,0,35,16.304347826086957,0,Rahul Gupta,Sme Owner,Bengaluru,58624.0,Low,Medium
C00493,57,426439.33,0,30,11.75438596491228,0,Karthik Singh,Student,Mumbai,83267.0,High,Medium
C00494,57,577254.05,0,25,8.508771929824562,0,Meena Verma,Retail,Mumbai,62227.0,Low,Medium
C00495,16,93195.0,0,5,5.0,0,Rohit Reddy,Mass Affluent,Madurai,61295.0,Low,Low
C00496,14,117656.12,0,35,9.285714285714286,0,Anitha Iyer,Mass Affluent,Chennai,25511.0,Low,Medium
C00497,22,110263.42,1,45,17.272727272727273,0,Sanjay Reddy,Retail,Delhi,53411.0,Low,High
C00498,33,309039.45,0,25,6.212121212121212,0,Sanjay Gupta,Premium,Pune,92800.0,Medium,Medium
C00499,53,368480.64,0,35,5.943396226415095,0,Suresh Iyer,Student,Delhi,41310.0,Low,Medium
C00500,34,259943.5,0,20,1.7647058823529411,0,Ajay Nair,Premium,Madurai,84625.0,Low,Medium
C00501,9,39775.380000000005,0,0,0.0,0,Naveen Nair,Sme Owner,Pune,46868.0,Low,Low
C00502,71,584582.46,0,35,17.253521126760564,0,Naveen Gupta,Retail,Pune,87529.0,Medium,Medium
C00503,18,102395.34,0,35,16.11111111111111,0,Pooja Rao,Premium,Delhi,25420.0,Low,Medium
C00504,20,120067.55,0,30,1.5,0,Lakshmi Verma,Sme Owner,Kochi,48796.0,Low,Medium
C00505,23,142092.61,0,5,5.0,0,Meena Patel,Retail,Delhi,74774.0,Low,Low
C00506,21,110552.59,0,20,0.9523809523809523,0,Karthik Kumar,Retail,Hyderabad,24148.0,Low,Medium
C00507,48,429197.82,1,45,16.875,0,Naveen Kumar,Mass Affluent,Bengaluru,46727.0,Low,High
C00508,16,121328.24,0,35,17.5,0,Karthik Verma,Student,Pune,64189.0,Low,Medium
C00509,25,176158.78,0,30,10.8,0,Geetha Kumar,Retail,Pune,85406.0,High,Medium
C00510,54,373081.6,0,20,0.7407407407407407,0,Meena Patel,Sme Owner,Kochi,18792.0,Low,Medium
C00511,48,345882.37,0,30,1.4583333333333333,0,Pooja Reddy,Retail,Bengaluru,53510.0,Medium,Medium
C00512,12,127540.70999999999,0,35,10.0,0,Geetha Iyer,Retail,Bengaluru,29028.0,High,Medium
C00513,20,108437.64,0,0,0.0,0,Divya Reddy,Mass Affluent,Mumbai,57957.0,High,Low
C00514,37,264821.91000000003,0,35,6.351351351351352,0,Sneha Gupta,Retail,Chennai,106189.0,Low,Medium
C00515,16,94896.33,0,20,1.25,0,Suresh Rao,Mass Affluent,Coimbatore,102633.0,Medium,Medium
C00516,20,98534.91,0,20,1.0,0,Sneha Reddy,Retail,Chennai,52323.0,Low,Medium
C00517,25,204008.97,0,20,2.2,0,Rohit Sharma,Retail,Bengaluru,62370.0,Low,Medium
C00518,20,131022.11,0,30,1.5,0,Rahul Iyer,Mass Affluent,Pune,57023.0,High,Medium
C00519,13,51497.52,0,5,5.0,0,Rahul Sharma,Sme Owner,Coimbatore,66990.0,High,Low
C00520,17,98184.59,0,30,1.7647058823529411,0,Suresh Patel,Student,Bengaluru,25781.0,Low,Medium
C00521,15,88391.99,0,5,5.0,0,Sneha Singh,Premium,Chennai,60857.0,Low,Low
C00522,12,117999.4,0,25,8.333333333333334,0,Karthik Rao,Mass Affluent,Delhi,317056.0,Low,Medium
C00523,13,81663.84,0,25,6.538461538461538,0,Ajay Iyer,Retail,Hyderabad,82280.0,Medium,Medium
C00524,27,218432.51,1,45,17.59259259259259,0,Suresh Verma,Retail,Mumbai,63079.0,Low,High
C00525,18,93065.21,0,5,5.0,0,Divya Rao,Student,Kochi,37239.0,Low,Low
C00526,23,175620.2,0,20,2.608695652173913,0,Arun Kumar,Retail,Hyderabad,100007.0,Medium,Medium
C00527,34,214909.99,0,25,5.588235294117647,0,Kavya Nair,Senior Citizen,Bengaluru,95622.0,Medium,Medium
C00528,37,413631.68,0,30,11.621621621621621,0,Meena Iyer,Retail,Kochi,13587.0,Low,Medium
C00529,17,219135.32,0,30,2.9411764705882355,0,Pooja Iyer,Retail,Hyderabad,128276.0,Medium,Medium
C00530,17,98792.94,0,35,16.176470588235293,0,Rahul Iyer,Retail,Hyderabad,66945.0,Medium,Medium
C00531,43,328727.38,0,30,2.3255813953488373,0,Vishal Reddy,Mass Affluent,Madurai,35290.0,Medium,Medium
C00532,13,94043.18,0,5,5.0,0,Naveen Singh,Sme Owner,Mumbai,34596.0,Medium,Low
C00533,36,350782.98,0,25,6.666666666666667,0,Anitha Kumar,Retail,Bengaluru,35553.0,Low,Medium
C00534,20,139805.2,0,20,1.0,0,Meena Singh,Student,Madurai,79672.0,Medium,Medium
C00535,34,370481.54,2,40,12.352941176470589,0,Anitha Kumar,Senior Citizen,Bengaluru,34767.0,Medium,High
C00536,30,237566.78999999998,0,30,2.6666666666666665,0,Sneha Iyer,Senior Citizen,Coimbatore,31202.0,Medium,Medium
C00537,38,382886.64,2,45,18.68421052631579,0,Sanjay Reddy,Retail,Coimbatore,33973.0,Low,High
C00538,22,299759.09,0,30,4.090909090909091,0,Meena Sharma,Sme Owner,Pune,38796.0,High,Medium
C00539,38,267409.44,0,30,11.973684210526315,0,Meena Rao,Senior Citizen,Madurai,26799.0,Low,Medium
C00540,21,158790.82,0,25,5.9523809523809526,0,Naveen Verma,Student,Hyderabad,35550.0,Medium,Medium
C00541,17,199881.31,0,20,3.5294117647058822,0,Sneha Sharma,Premium,Madurai,46347.0,Low,Medium
C00542,56,414690.17,0,35,16.785714285714285,0,Suresh Singh,Retail,Mumbai,37766.0,Low,Medium
C00543,24,227295.16,0,25,8.333333333333334,0,Kavya Reddy,Premium,Kochi,105299.0,High,Medium
C00544,30,197771.86,0,30,2.6666666666666665,0,Vijay Sharma,Retail,Madurai,54285.0,Low,Medium
C00545,12,146121.53,0,25,6.666666666666667,0,Karthik Patel,Sme Owner,Chennai,63685.0,Low,Medium
C00546,33,266679.18,0,25,6.212121212121212,0,Vishal Patel,Retail,Madurai,54780.0,Medium,Medium
C00547,10,83756.03,0,30,3.0,0,Priya Gupta,Mass Affluent,Bengaluru,99944.0,Low,Medium
C00548,25,141598.76,0,25,5.8,0,Divya Patel,Retail,Mumbai,54273.0,Medium,Medium
C00549,21,206993.21,0,20,5.714285714285714,0,Deepa Sharma,Mass Affluent,Chennai,63142.0,Medium,Medium
C00550,36,271186.82,0,25,6.666666666666667,0,Priya Kumar,Retail,Chennai,31643.0,Medium,Medium
C00551,28,235080.66999999998,0,35,8.214285714285714,0,Meena Gupta,Mass Affluent,Pune,67325.0,Low,Medium
C00552,31,190579.26,0,35,6.612903225806452,0,Meena Iyer,Mass Affluent,Chennai,41988.0,Medium,Medium
C00553,17,177609.62,0,25,6.176470588235294,0,Kavya Verma,Retail,Pune,45678.0,Medium,Medium
C00554,18,111803.43,0,20,1.1111111111111112,0,Kavya Rao,Retail,Pune,43759.0,Medium,Medium
C00555,17,74283.13,0,25,6.176470588235294,0,Sanjay Reddy,Retail,Chennai,48809.0,Medium,Medium
C00556,23,230955.53,0,20,2.608695652173913,0,Rahul Reddy,Senior Citizen,Kochi,49499.0,Medium,Medium
C00557,22,152910.88,0,35,16.818181818181817,0,Deepa Iyer,Mass Affluent,Kolkata,57482.0,Medium,Medium
C00558,21,121982.18,1,45,16.428571428571427,0,Kavya Nair,Retail,Madurai,59584.0,Medium,High
C00559,15,97724.19,0,5,5.0,0,Sanjay Iyer,Retail,Mumbai,70612.0,Low,Low
C00560,34,287762.74,0,30,2.6470588235294117,0,Sanjay Gupta,Premium,Hyderabad,69278.0,Low,Medium
C00561,38,414647.14,2,40,13.68421052631579,0,Anitha Patel,Sme Owner,Coimbatore,63515.0,Low,High
C00562,45,309109.62,3,70,14.222222222222221,2,Vijay Rao,Sme Owner,Chennai,94880.0,Medium,Critical
C00563,35,290457.15,0,35,7.571428571428571,0,Karthik Gupta,Retail,Mumbai,62083.0,Low,Medium
C00564,31,210084.21,1,45,11.129032258064516,0,Geetha Singh,Retail,Pune,174202.0,High,High
C00565,19,137580.29,0,25,6.052631578947368,0,Meena Sharma,Mass Affluent,Hyderabad,61097.0,Low,Medium
C00566,18,104668.29000000001,0,25,6.111111111111111,0,Lakshmi Reddy,Retail,Mumbai,45922.0,Low,Medium
C00567,29,285334.08,0,30,2.7586206896551726,0,Lakshmi Reddy,Retail,Kolkata,27608.0,Medium,Medium
C00568,19,110599.73000000001,0,0,0.0,0,Arun Gupta,Retail,Hyderabad,14121.0,Low,Low
C00569,14,170741.71,0,30,3.5714285714285716,0,Priya Reddy,Senior Citizen,Bengaluru,52502.0,Low,Medium
C00570,17,177991.08000000002,0,30,1.7647058823529411,0,Divya Reddy,Retail,Bengaluru,88726.0,Medium,Medium
C00571,19,277917.89,0,30,9.473684210526315,0,Divya Patel,Retail,Mumbai,65609.0,Low,Medium
C00572,19,156586.53,0,35,7.631578947368421,0,Pooja Iyer,Sme Owner,Madurai,26704.0,Low,Medium
C00573,30,142491.16,0,35,6.0,0,Divya Gupta,Sme Owner,Kolkata,198324.0,Low,Medium
C00574,11,44489.200000000004,0,0,0.0,0,Ajay Verma,Retail,Kochi,58655.0,Medium,Low
C00575,15,86118.55,0,35,7.0,0,Kavya Singh,Retail,Delhi,37033.0,Medium,Medium
C00576,19,128840.91,1,40,11.578947368421053,0,Anitha Nair,Mass Affluent,Mumbai,34908.0,Low,High
C00577,21,151464.21,0,35,7.380952380952381,0,Arun Patel,Sme Owner,Pune,101732.0,Medium,Medium
C00578,17,144955.93,0,35,8.529411764705882,0,Meena Rao,Retail,Chennai,52712.0,High,Medium
C00579,38,325171.99,2,40,13.157894736842104,0,Vijay Rao,Retail,Kolkata,66257.0,Low,High
C00580,40,274531.45,0,35,6.75,0,Vishal Patel,Retail,Madurai,78036.0,Low,Medium
C00581,21,118500.67,0,5,5.0,0,Vijay Iyer,Sme Owner,Hyderabad,85989.0,Low,Low
C00582,18,210045.28,2,40,14.444444444444445,0,Kavya Sharma,Retail,Madurai,53184.0,Low,High
C00583,25,174399.03,0,35,6.2,0,Naveen Iyer,Mass Affluent,Coimbatore,33008.0,Low,Medium
C00584,25,188301.45,0,20,1.6,0,Vishal Reddy,Retail,Kochi,58237.0,Low,Medium
C00585,19,219196.9,0,30,5.2631578947368425,0,Meena Iyer,Student,Hyderabad,31124.0,Low,Medium
C00586,21,212705.7,0,20,2.857142857142857,0,Kavya Patel,Premium,Hyderabad,46479.0,Low,Medium
C00587,38,332716.97000000003,1,45,16.842105263157894,0,Priya Reddy,Student,Chennai,109573.0,Low,High
C00588,38,202658.37,0,20,0.5263157894736842,0,Arun Nair,Senior Citizen,Kolkata,34539.0,Medium,Medium
C00589,20,88961.66,0,5,5.0,0,Geetha Sharma,Senior Citizen,Bengaluru,33005.0,Low,Low
C00590,16,55377.81,0,0,0.0,0,Pooja Iyer,Mass Affluent,Mumbai,24981.0,Low,Low
C00591,33,277339.07,0,30,2.121212121212121,0,Vishal Rao,Mass Affluent,Hyderabad,114758.0,Medium,Medium
C00592,58,480123.31,1,40,12.241379310344827,0,Vishal Gupta,Retail,Kochi,123535.0,Low,High
C00593,44,265255.07,0,30,2.0454545454545454,0,Suresh Reddy,Premium,Hyderabad,46689.0,Low,Medium
C00594,18,112178.84,0,25,6.111111111111111,0,Suresh Patel,Premium,Madurai,79685.0,High,Medium
C00595,33,313424.54,0,25,6.818181818181818,0,Meena Gupta,Retail,Chennai,51632.0,Low,Medium
C00596,47,734725.68,10,70,31.382978723404257,4,Geetha Verma,Senior Citizen,Kolkata,25192.0,Low,Critical
C00597,12,134455.75999999998,0,35,16.666666666666668,0,Anitha Patel,Mass Affluent,Madurai,37925.0,High,Medium
C00598,35,251316.52000000002,0,25,6.142857142857143,0,Naveen Verma,Retail,Delhi,84453.0,Medium,Medium
C00599,16,89776.33,0,35,6.875,0,Kavya Gupta,Premium,Coimbatore,86396.0,Low,Medium
C00600,44,350990.12,0,20,2.272727272727273,0,Karthik Reddy,Sme Owner,Kolkata,50743.0,Medium,Medium
C00601,41,305561.63,0,30,11.951219512195122,0,Anitha Nair,Mass Affluent,Pune,37559.0,Low,Medium
C00602,21,159175.5,0,20,1.9047619047619047,0,Ajay Gupta,Senior Citizen,Pune,64557.0,Medium,Medium
C00603,42,363958.09,0,30,11.904761904761905,0,Sanjay Sharma,Retail,Madurai,125593.0,Low,Medium
C00604,33,170486.13,0,30,0.9090909090909091,0,Vijay Iyer,Retail,Mumbai,46347.0,Low,Medium
C00605,18,158073.29,0,30,2.7777777777777777,0,Sneha Kumar,Retail,Coimbatore,61385.0,Medium,Medium
C00606,20,123695.36,0,25,6.0,0,Geetha Verma,Senior Citizen,Bengaluru,55457.0,Medium,Medium
C00607,19,87985.29000000001,0,25,6.052631578947368,0,Anitha Patel,Mass Affluent,Coimbatore,32939.0,Medium,Medium
C00608,18,102178.42,0,5,5.0,0,Arun Nair,Retail,Madurai,36043.0,Low,Low
C00609,23,148619.79,0,25,5.869565217391305,0,Vishal Gupta,Retail,Delhi,47895.0,Medium,Medium
C00610,39,268483.62,0,20,1.0256410256410255,0,Naveen Sharma,Student,Chennai,112955.0,Medium,Medium
C00611,18,352422.62,0,20,2.2222222222222223,0,Vishal Reddy,Sme Owner,Kolkata,59148.0,Medium,Medium
C00612,23,137527.82,0,25,5.869565217391305,0,Vijay Rao,Student,Mumbai,183995.0,Medium,Medium
C00613,11,77456.34000000001,0,20,1.8181818181818181,0,Ajay Nair,Retail,Hyderabad,31164.0,Low,Medium
C00614,19,156653.8,0,25,6.052631578947368,0,Karthik Rao,Mass Affluent,Hyderabad,109299.0,Low,Medium
C00615,11,140678.63,0,30,2.727272727272727,0,Meena Kumar,Retail,Pune,47614.0,Low,Medium
C00616,15,120259.95999999999,0,30,3.3333333333333335,0,Rahul Nair,Mass Affluent,Kochi,150152.0,Low,Medium
C00617,21,143672.76,0,25,5.9523809523809526,0,Ajay Rao,Retail,Delhi,85287.0,Low,Medium
C00618,18,132389.51,0,30,1.6666666666666667,0,Pooja Singh,Mass Affluent,Chennai,52819.0,Low,Medium
C00619,56,818266.33,0,30,11.785714285714286,0,Suresh Patel,Sme Owner,Kolkata,122005.0,Low,Medium
C00620,24,244614.23,0,25,6.666666666666667,0,Naveen Sharma,Sme Owner,Coimbatore,77036.0,Low,Medium
C00621,23,163479.38,0,25,6.739130434782608,0,Geetha Gupta,Retail,Bengaluru,38330.0,Medium,Medium
C00622,38,260646.97,0,30,10.526315789473685,0,Anitha Reddy,Senior Citizen,Mumbai,53602.0,Medium,Medium
C00623,32,309260.3,0,35,6.5625,0,Geetha Sharma,Mass Affluent,Mumbai,115501.0,Low,Medium
C00624,40,334287.15,0,20,2.0,0,Lakshmi Gupta,Retail,Coimbatore,153611.0,Low,Medium
C00625,43,250901.73,0,35,16.3953488372093,0,Meena Rao,Sme Owner,Delhi,59376.0,Low,Medium
C00626,31,309413.58,0,30,11.935483870967742,0,Arun Singh,Retail,Coimbatore,42097.0,Low,Medium
C00627,24,170723.12,0,25,5.833333333333333,0,Suresh Kumar,Retail,Chennai,31046.0,Low,Medium
C00628,38,492259.47000000003,0,30,6.052631578947368,0,Deepa Sharma,Retail,Mumbai,65786.0,Low,Medium
C00629,19,74904.32,0,5,5.0,0,Ajay Singh,Mass Affluent,Mumbai,29895.0,Low,Low
C00630,31,278982.81,0,35,6.612903225806452,0,Vijay Kumar,Mass Affluent,Madurai,53630.0,Low,Medium
C00631,21,81069.16,0,10,10.0,0,Deepa Sharma,Mass Affluent,Kochi,105779.0,Low,Low
C00632,32,236170.88999999998,0,30,11.25,0,Lakshmi Rao,Mass Affluent,Coimbatore,76376.0,Low,Medium
C00633,29,192762.53,0,20,0.6896551724137931,0,Geetha Reddy,Sme Owner,Kolkata,43003.0,Low,Medium
C00634,40,215687.01,0,35,5.75,0,Meena Sharma,Sme Owner,Coimbatore,31701.0,High,Medium
C00635,15,152784.77,0,35,8.333333333333334,0,Naveen Reddy,Retail,Pune,104818.0,Low,Medium
C00636,20,249604.31,0,30,4.5,0,Kavya Kumar,Premium,Chennai,65416.0,Low,Medium
C00637,14,103462.69,0,20,1.4285714285714286,0,Karthik Rao,Premium,Madurai,112339.0,Low,Medium
C00638,20,133220.41,0,35,16.0,0,Naveen Iyer,Retail,Madurai,29283.0,Low,Medium
C00639,15,89196.45999999999,0,30,2.0,0,Lakshmi Nair,Retail,Pune,39091.0,Low,Medium
C00640,18,102191.95,0,15,15.0,0,Vishal Patel,Retail,Coimbatore,66855.0,Low,Low
C00641,18,140921.94,0,30,3.3333333333333335,0,Karthik Sharma,Senior Citizen,Kochi,74065.0,High,Medium
C00642,14,132594.35,0,30,2.142857142857143,0,Deepa Patel,Premium,Kolkata,28238.0,Low,Medium
C00643,15,70501.97,0,0,0.0,0,Lakshmi Kumar,Mass Affluent,Kolkata,21885.0,Low,Low
C00644,19,272516.91000000003,0,30,5.7894736842105265,0,Lakshmi Nair,Retail,Pune,62112.0,Low,Medium
C00645,22,559082.73,3,70,14.772727272727273,3,Lakshmi Singh,Sme Owner,Delhi,103455.0,Medium,Critical
C00646,28,152532.86,0,10,10.0,0,Meena Patel,Retail,Bengaluru,103425.0,Medium,Low
C00647,26,294876.17,0,35,8.076923076923077,0,Naveen Kumar,Premium,Kochi,43160.0,Medium,Medium
C00648,18,146445.78,0,20,1.1111111111111112,0,Ajay Patel,Sme Owner,Kolkata,18720.0,Low,Medium
C00649,8,39368.08,0,5,5.0,0,Sanjay Singh,Premium,Chennai,95371.0,Low,Low
C00650,17,97340.42,0,25,6.176470588235294,0,Pooja Patel,Mass Affluent,Kochi,23613.0,Medium,Medium
C00651,56,403116.06,0,30,1.4285714285714286,0,Deepa Sharma,Retail,Madurai,57746.0,Low,Medium
C00652,10,71291.39,0,20,2.0,0,Sneha Nair,Senior Citizen,Delhi,31445.0,Low,Medium
C00653,22,143759.92,0,30,1.3636363636363635,0,Suresh Iyer,Mass Affluent,Hyderabad,118605.0,Low,Medium
C00654,38,283150.54,0,30,1.5789473684210527,0,Geetha Nair,Student,Madurai,87521.0,Medium,Medium
C00655,17,134151.88,0,25,6.176470588235294,0,Arun Singh,Mass Affluent,Chennai,43036.0,Low,Medium
C00656,21,137809.41,0,35,6.428571428571429,0,Sanjay Reddy,Sme Owner,Delhi,40821.0,Medium,Medium
C00657,15,113162.25,0,35,8.333333333333334,0,Rohit Gupta,Retail,Bengaluru,43175.0,Low,Medium
C00658,16,95901.88,0,25,6.25,0,Karthik Singh,Senior Citizen,Mumbai,60814.0,Low,Medium
C00659,39,303407.68,0,35,8.58974358974359,0,Geetha Verma,Retail,Coimbatore,46321.0,Medium,Medium
C00660,43,250998.21,0,35,16.3953488372093,0,Karthik Patel,Retail,Kochi,22409.0,Low,Medium
C00661,39,287193.94,1,40,11.282051282051283,0,Rahul Iyer,Student,Madurai,51842.0,Low,High
C00662,44,283419.32,0,35,16.25,0,Sanjay Patel,Mass Affluent,Delhi,49095.0,Low,Medium
C00663,8,143036.28,0,35,15.0,0,Karthik Reddy,Retail,Coimbatore,22638.0,Low,Medium
C00664,21,162136.33,0,30,2.380952380952381,0,Sneha Patel,Mass Affluent,Hyderabad,51029.0,Medium,Medium
C00665,19,146470.5,0,30,2.6315789473684212,0,Vishal Rao,Senior Citizen,Bengaluru,35895.0,Medium,Medium
C00666,23,128636.52,0,30,2.1739130434782608,0,Geetha Sharma,Sme Owner,Coimbatore,78427.0,High,Medium
C00667,16,71948.55,0,0,0.0,0,Vishal Sharma,Retail,Kolkata,86022.0,Medium,Low
C00668,9,40067.44,0,0,0.0,0,Naveen Iyer,Retail,Bengaluru,17293.0,Low,Low
C00669,16,227651.19999999998,0,35,10.625,0,Rohit Verma,Retail,Mumbai,88687.0,Medium,Medium
C00670,13,55388.49,0,10,10.0,0,Deepa Reddy,Retail,Kochi,104064.0,Medium,Low
C00671,40,284497.07,1,40,12.25,0,Sanjay Gupta,Mass Affluent,Coimbatore,23325.0,Medium,High
C00672,18,172531.13,0,30,12.222222222222221,0,Meena Rao,Senior Citizen,Chennai,54278.0,Low,Medium
C00673,19,131056.57,0,25,6.052631578947368,0,Vishal Singh,Retail,Chennai,49777.0,Low,Medium
C00674,18,117214.39,0,0,0.0,0,Karthik Gupta,Retail,Delhi,20524.0,Low,Low
C00675,19,136329.62,0,30,2.6315789473684212,0,Sanjay Rao,Retail,Madurai,126889.0,Medium,Medium
C00676,16,120006.49,0,25,7.5,0,Kavya Patel,Retail,Kochi,47931.0,Low,Medium
C00677,16,115948.54,0,0,0.0,0,Lakshmi Sharma,Student,Kochi,39969.0,Low,Low
C00678,11,54765.01,0,5,5.0,0,Divya Reddy,Retail,Coimbatore,107823.0,Low,Low
C00679,54,446869.39,0,20,1.7592592592592593,0,Karthik Singh,Mass Affluent,Pune,34296.0,Low,Medium
C00680,20,212039.76,0,35,10.5,0,Rahul Gupta,Mass Affluent,Delhi,24493.0,Medium,Medium
C00681,17,101701.40999999999,0,35,6.764705882352941,0,Naveen Singh,Premium,Coimbatore,32243.0,Low,Medium
C00682,22,202467.66,2,45,17.727272727272727,0,Arun Reddy,Retail,Madurai,58087.0,Medium,High
C00683,26,287124.88,0,30,3.076923076923077,0,Anitha Patel,Retail,Kochi,47087.0,Low,Medium
C00684,30,450141.79,0,25,7.0,0,Sanjay Singh,Senior Citizen,Bengaluru,37755.0,Low,Medium
C00685,27,187181.34,1,45,16.85185185185185,0,Deepa Nair,Sme Owner,Delhi,36147.0,Low,High
C00686,37,230040.56,1,45,16.35135135135135,0,Ajay Nair,Retail,Delhi,68823.0,Low,High
C00687,25,172213.02000000002,0,35,15.8,0,Deepa Verma,Sme Owner,Hyderabad,35105.0,High,Medium
C00688,16,225699.89,0,35,17.5,0,Divya Iyer,Retail,Madurai,70394.0,Low,Medium
C00689,35,237670.41999999998,0,25,6.142857142857143,0,Suresh Kumar,Premium,Chennai,27637.0,Low,Medium
C00690,16,145397.14,0,20,3.75,0,Sneha Patel,Retail,Delhi,65577.0,High,Medium
C00691,26,220444.3,0,35,6.153846153846154,0,Rahul Sharma,Premium,Pune,132326.0,Medium,Medium
C00692,14,78885.91,0,20,1.4285714285714286,0,Rahul Iyer,Mass Affluent,Delhi,69791.0,Low,Medium
C00693,34,185356.95,0,0,0.0,0,Arun Singh,Retail,Madurai,27795.0,Low,Low
C00694,18,124284.04,0,35,6.666666666666667,0,Naveen Reddy,Retail,Delhi,63475.0,High,Medium
C00695,16,71632.9,0,20,1.25,0,Kavya Singh,Retail,Kolkata,49181.0,Medium,Medium
C00696,21,104445.39,0,25,5.9523809523809526,0,Ajay Gupta,Student,Bengaluru,61150.0,Low,Medium
C00697,59,420762.81,1,45,16.864406779661017,0,Naveen Reddy,Premium,Coimbatore,31673.0,Medium,High
C00698,22,197058.93,0,35,9.090909090909092,0,Vishal Iyer,Sme Owner,Kolkata,111666.0,Low,Medium
C00699,17,118845.83,0,5,5.0,0,Priya Singh,Retail,Kochi,79180.0,Low,Low
C00700,11,79563.75,0,25,6.818181818181818,0,Priya Gupta,Retail,Delhi,102521.0,Low,Medium
C00701,16,66983.61,0,5,5.0,0,Geetha Patel,Retail,Mumbai,54024.0,Low,Low
C00702,13,51636.479999999996,0,0,0.0,0,Ajay Gupta,Sme Owner,Kochi,56198.0,Medium,Low
C00703,16,100019.68,0,20,1.25,0,Anitha Rao,Premium,Kolkata,28010.0,Low,Medium
C00704,19,141895.52,1,45,17.63157894736842,0,Rohit Reddy,Sme Owner,Delhi,29718.0,Medium,High
C00705,47,370584.65,0,35,16.70212765957447,0,Pooja Reddy,Retail,Kolkata,39076.0,Low,Medium
C00706,36,283864.61,0,30,2.2222222222222223,0,Suresh Nair,Retail,Delhi,78911.0,Low,Medium
C00707,19,128793.03,0,0,0.0,0,Divya Singh,Retail,Bengaluru,33826.0,Low,Low
C00708,23,127130.6,0,25,5.869565217391305,0,Suresh Kumar,Mass Affluent,Delhi,43072.0,Low,Medium
C00709,20,145902.84,0,25,6.0,0,Pooja Iyer,Sme Owner,Pune,48699.0,Medium,Medium
C00710,15,416797.79000000004,5,70,29.333333333333332,4,Ajay Sharma,Retail,Kochi,27534.0,Low,Critical
C00711,36,338127.66,0,30,5.0,0,Pooja Nair,Retail,Pune,109746.0,Low,Medium
C00712,31,180635.03,0,35,6.935483870967742,0,Pooja Patel,Student,Bengaluru,78130.0,Medium,Medium
C00713,20,211924.06,0,30,5.0,0,Kavya Singh,Sme Owner,Coimbatore,31239.0,Medium,Medium
C00714,31,256023.58000000002,0,35,6.612903225806452,0,Sanjay Sharma,Retail,Bengaluru,42173.0,Medium,Medium
C00715,25,161796.98,0,35,6.2,0,Meena Sharma,Retail,Madurai,44884.0,High,Medium
C00716,21,176112.68,0,35,7.380952380952381,0,Rahul Gupta,Premium,Kolkata,120141.0,Low,Medium
C00717,24,205813.77,0,35,8.333333333333334,0,Meena Singh,Sme Owner,Kochi,146008.0,High,Medium
C00718,17,110172.77,0,20,1.1764705882352942,0,Priya Verma,Senior Citizen,Delhi,42069.0,Low,Medium
C00719,14,74201.89,0,5,5.0,0,Ajay Kumar,Retail,Madurai,103904.0,Low,Low
C00720,13,85587.72,0,5,5.0,0,Priya Verma,Mass Affluent,Hyderabad,79904.0,Low,Low
C00721,31,200397.25,0,30,1.6129032258064515,0,Rahul Sharma,Senior Citizen,Delhi,67149.0,Medium,Medium
C00722,47,436035.52,0,30,3.1914893617021276,0,Divya Kumar,Retail,Kolkata,52923.0,Low,Medium
C00723,13,82023.45,0,0,0.0,0,Sanjay Rao,Retail,Bengaluru,99139.0,Low,Low
C00724,45,425884.58,1,45,16.555555555555557,0,Kavya Reddy,Retail,Mumbai,24142.0,Medium,High
C00725,37,389249.17,0,35,7.972972972972973,0,Rohit Gupta,Sme Owner,Mumbai,42450.0,High,Medium
C00726,13,173101.27,0,30,4.615384615384615,0,Pooja Sharma,Retail,Kolkata,34096.0,High,Medium
C00727,20,166959.16999999998,0,20,2.0,0,Karthik Patel,Retail,Kolkata,52192.0,Low,Medium
C00728,25,297361.4,4,70,18.4,2,Suresh Verma,Retail,Madurai,21491.0,High,Critical
C00729,23,119633.94,0,20,0.8695652173913043,0,Suresh Sharma,Retail,Pune,66042.0,Low,Medium
C00730,16,141298.17,0,35,6.875,0,Sanjay Singh,Student,Kochi,71247.0,Low,Medium
C00731,20,118946.47,0,25,7.0,0,Divya Singh,Senior Citizen,Hyderabad,67078.0,Medium,Medium
C00732,18,90825.76,1,45,16.666666666666668,0,Deepa Patel,Mass Affluent,Kochi,253934.0,Low,High
C00733,45,268847.63,0,30,1.4444444444444444,0,Meena Kumar,Retail,Chennai,84390.0,Low,Medium
C00734,22,151674.63999999998,0,20,0.9090909090909091,0,Rohit Verma,Mass Affluent,Bengaluru,17279.0,Low,Medium
C00735,17,188323.55,0,25,7.352941176470588,0,Pooja Sharma,Retail,Delhi,30394.0,Medium,Medium
C00736,47,490118.51,1,45,19.04255319148936,0,Rohit Iyer,Retail,Kolkata,39682.0,Medium,High
C00737,23,157100.29,0,25,6.739130434782608,0,Rahul Singh,Senior Citizen,Pune,86215.0,Low,Medium
C00738,16,75760.56999999999,0,0,0.0,0,Meena Singh,Student,Coimbatore,84871.0,Low,Low
C00739,21,139474.64,0,25,5.9523809523809526,0,Vijay Verma,Retail,Chennai,121694.0,Medium,Medium
C00740,17,242346.14,0,35,12.647058823529411,0,Suresh Sharma,Student,Chennai,37911.0,Medium,Medium
C00741,12,54295.96,0,0,0.0,0,Sneha Nair,Mass Affluent,Kochi,96842.0,Low,Low
C00742,55,426148.54,0,30,3.272727272727273,0,Karthik Reddy,Senior Citizen,Pune,60830.0,Medium,Medium
C00743,21,205141.78,0,35,17.857142857142858,0,Kavya Rao,Student,Coimbatore,47244.0,High,Medium
C00744,24,171573.68,0,20,1.6666666666666667,0,Naveen Sharma,Sme Owner,Coimbatore,72173.0,Low,Medium
C00745,42,355116.69,0,35,15.476190476190476,0,Rahul Nair,Senior Citizen,Coimbatore,37491.0,Low,Medium
C00746,26,219719.13999999998,0,25,6.538461538461538,0,Anitha Rao,Sme Owner,Chennai,23182.0,Low,Medium
C00747,12,77718.42,0,5,5.0,0,Divya Gupta,Retail,Chennai,30003.0,Low,Low
C00748,52,339668.46,0,35,7.115384615384615,0,Rohit Reddy,Mass Affluent,Madurai,16799.0,Low,Medium
C00749,56,628802.29,0,25,7.5,0,Naveen Sharma,Student,Pune,19719.0,Low,Medium
C00750,20,94168.79000000001,0,5,5.0,0,Ajay Gupta,Sme Owner,Pune,27203.0,Medium,Low
C00751,38,217701.72,0,30,1.3157894736842106,0,Ajay Rao,Retail,Kolkata,75443.0,Low,Medium
C00752,20,154777.29,0,25,7.0,0,Rahul Gupta,Mass Affluent,Chennai,43962.0,Low,Medium
C00753,38,435260.25,0,20,2.6315789473684212,0,Vijay Singh,Sme Owner,Hyderabad,72403.0,Medium,Medium
C00754,19,89494.59,0,0,0.0,0,Vishal Verma,Sme Owner,Delhi,63447.0,Low,Low
C00755,9,110629.61,0,25,7.222222222222222,0,Rohit Gupta,Retail,Kochi,43366.0,High,Medium
C00756,27,287427.53,0,30,3.7037037037037037,0,Pooja Patel,Mass Affluent,Coimbatore,42718.0,Medium,Medium
C00757,21,113987.82,0,30,1.4285714285714286,0,Priya Sharma,Retail,Chennai,43460.0,Low,Medium
C00758,18,99408.23999999999,0,0,0.0,0,Kavya Iyer,Retail,Hyderabad,91653.0,Medium,Low
C00759,14,74002.06,0,5,5.0,0,Vijay Nair,Retail,Kolkata,23125.0,Low,Low
C00760,13,108988.7,0,5,5.0,0,Karthik Rao,Retail,Pune,68386.0,Low,Low
C00761,21,129592.84,0,5,5.0,0,Deepa Iyer,Mass Affluent,Pune,28996.0,Low,Low
C00762,39,270995.92,1,45,17.307692307692307,0,Geetha Reddy,Retail,Mumbai,54450.0,Low,High
C00763,49,457108.87,0,25,7.857142857142857,0,Ajay Gupta,Retail,Hyderabad,36496.0,Medium,Medium
C00764,16,132913.9,0,25,6.25,0,Vishal Reddy,Retail,Delhi,58363.0,Low,Medium
C00765,22,90653.6,0,5,5.0,0,Rohit Reddy,Sme Owner,Hyderabad,65776.0,Low,Low
C00766,12,160210.66999999998,0,30,10.0,0,Geetha Iyer,Sme Owner,Bengaluru,42536.0,Low,Medium
C00767,31,209515.14,0,20,1.2903225806451613,0,Arun Iyer,Retail,Hyderabad,289579.0,Medium,Medium
C00768,48,234250.25,0,5,5.0,0,Vijay Verma,Senior Citizen,Delhi,44658.0,Low,Low
C00769,20,157221.38,0,30,1.5,0,Pooja Iyer,Retail,Madurai,44680.0,Low,Medium
C00770,43,281779.63,0,20,1.744186046511628,0,Anitha Kumar,Sme Owner,Mumbai,68375.0,Low,Medium
C00771,23,234928.09,0,35,10.217391304347826,0,Ajay Singh,Retail,Coimbatore,64327.0,Medium,Medium
C00772,59,461052.48,0,30,12.033898305084746,0,Lakshmi Singh,Sme Owner,Mumbai,77021.0,Low,Medium
C00773,17,116495.79000000001,0,0,0.0,0,Suresh Patel,Retail,Mumbai,89456.0,Medium,Low
C00774,43,289967.0,0,35,6.627906976744186,0,Anitha Singh,Retail,Kolkata,25111.0,Medium,Medium
C00775,36,439848.49,3,40,15.833333333333334,0,Ajay Singh,Sme Owner,Mumbai,38744.0,High,High
C00776,46,357108.38,0,30,10.869565217391305,0,Geetha Sharma,Mass Affluent,Kolkata,32597.0,Low,Medium
C00777,38,270875.14,0,20,1.5789473684210527,0,Meena Reddy,Premium,Madurai,151845.0,Medium,Medium
C00778,38,309226.1,0,35,17.105263157894736,0,Rohit Iyer,Mass Affluent,Kolkata,76868.0,Low,Medium
C00779,60,386083.69,1,40,11.166666666666666,0,Rohit Sharma,Retail,Kolkata,43506.0,Medium,High
C00780,24,418576.36,4,70,24.583333333333332,2,Lakshmi Gupta,Mass Affluent,Coimbatore,54178.0,Low,Critical
C00781,19,157500.0,0,35,8.157894736842104,0,Suresh Nair,Retail,Bengaluru,42971.0,Low,Medium
C00782,47,235777.81,0,30,10.425531914893616,0,Rohit Reddy,Senior Citizen,Mumbai,13412.0,Low,Medium
C00783,21,271060.97,0,30,4.285714285714286,0,Arun Gupta,Student,Chennai,63720.0,Low,Medium
C00784,38,584187.9,0,20,3.1578947368421053,0,Karthik Nair,Mass Affluent,Chennai,36711.0,Medium,Medium
C00785,45,398211.04,0,35,6.555555555555555,0,Pooja Iyer,Retail,Chennai,61946.0,Low,Medium
C00786,28,181371.79,0,25,6.428571428571429,0,Naveen Rao,Sme Owner,Hyderabad,43400.0,High,Medium
C00787,22,223428.88,0,20,1.8181818181818181,0,Sanjay Gupta,Retail,Chennai,61238.0,Low,Medium
C00788,12,117537.20000000001,0,35,7.5,0,Ajay Sharma,Premium,Pune,43160.0,Medium,Medium
C00789,14,55062.2,0,5,5.0,0,Lakshmi Reddy,Retail,Coimbatore,80130.0,Low,Low
C00790,22,128310.9,0,25,5.909090909090909,0,Vijay Singh,Retail,Kochi,29427.0,High,Medium
C00791,46,270369.19,0,20,0.43478260869565216,0,Vishal Nair,Student,Kolkata,67977.0,Low,Medium
C00792,10,93892.81,0,30,3.0,0,Suresh Gupta,Sme Owner,Kochi,43551.0,Medium,Medium
C00793,26,485959.75,6,70,22.692307692307693,6,Lakshmi Nair,Senior Citizen,Mumbai,60479.0,Low,Critical
C00794,23,145774.1,0,20,0.8695652173913043,0,Pooja Kumar,Retail,Kolkata,79143.0,Low,Medium
C00795,32,229485.29,1,40,12.1875,0,Anitha Sharma,Mass Affluent,Hyderabad,34299.0,High,High
C00796,15,124536.91,0,35,7.0,0,Naveen Sharma,Mass Affluent,Kochi,96812.0,Low,Medium
C00797,23,277115.46,0,25,8.478260869565217,0,Geetha Iyer,Student,Bengaluru,37457.0,Low,Medium
C00798,16,116685.3,0,25,7.5,0,Lakshmi Rao,Senior Citizen,Mumbai,41878.0,Low,Medium
C00799,17,195863.05,0,30,4.117647058823529,0,Karthik Iyer,Premium,Madurai,35072.0,Medium,Medium
C00800,59,503701.24,0,20,1.6101694915254237,0,Rahul Singh,Sme Owner,Pune,19284.0,Low,Medium
C00801,9,46435.58,0,0,0.0,0,Rohit Nair,Retail,Kochi,72477.0,High,Low
C00802,21,354284.63,3,70,17.142857142857142,3,Sanjay Kumar,Retail,Kolkata,38523.0,Low,Critical
C00803,37,261551.32,0,30,12.162162162162161,0,Vishal Nair,Retail,Hyderabad,30066.0,Low,Medium
C00804,42,328487.55,0,20,1.4285714285714286,0,Kavya Rao,Sme Owner,Mumbai,35194.0,Low,Medium
C00805,31,226138.11,0,20,0.6451612903225806,0,Suresh Verma,Premium,Pune,131315.0,Low,Medium
C00806,21,139045.81,0,5,5.0,0,Kavya Iyer,Retail,Kolkata,78742.0,High,Low
C00807,29,149844.61,0,35,6.0344827586206895,0,Sanjay Nair,Senior Citizen,Coimbatore,46067.0,Low,Medium
C00808,38,301728.75,0,30,0.7894736842105263,0,Sneha Kumar,Mass Affluent,Hyderabad,93971.0,Low,Medium
C00809,21,154721.43,0,20,1.9047619047619047,0,Deepa Gupta,Retail,Pune,51694.0,Low,Medium
C00810,18,125750.65999999999,0,25,6.111111111111111,0,Anitha Gupta,Student,Hyderabad,18923.0,Low,Medium
C00811,21,139085.06,0,20,0.9523809523809523,0,Naveen Rao,Premium,Chennai,16262.0,Low,Medium
C00812,38,286900.49,0,35,15.526315789473685,0,Sneha Patel,Retail,Kolkata,94446.0,Low,Medium
C00813,18,128797.89,0,35,7.777777777777778,0,Lakshmi Kumar,Retail,Kolkata,32607.0,Low,Medium
C00814,14,67465.08,0,35,7.142857142857143,0,Suresh Gupta,Sme Owner,Coimbatore,65901.0,Low,Medium
C00815,41,320764.73,0,30,1.2195121951219512,0,Divya Gupta,Mass Affluent,Pune,22918.0,Low,Medium
C00816,14,86493.67,0,20,1.4285714285714286,0,Vijay Rao,Retail,Pune,74303.0,Low,Medium
C00817,11,40320.58,0,0,0.0,0,Ajay Kumar,Sme Owner,Mumbai,66728.0,Medium,Low
C00818,24,156430.18,0,20,0.8333333333333334,0,Deepa Nair,Senior Citizen,Kolkata,36324.0,Low,Medium
C00819,46,551592.61,8,70,24.782608695652176,6,Sanjay Gupta,Senior Citizen,Madurai,46333.0,Low,Critical
C00820,33,188249.74,0,5,5.0,0,Suresh Verma,Retail,Chennai,69722.0,Medium,Low
C00821,22,233881.26,0,20,1.8181818181818181,0,Geetha Kumar,Mass Affluent,Chennai,36084.0,Low,Medium
C00822,17,80943.03,0,5,5.0,0,Rohit Reddy,Retail,Madurai,39993.0,Medium,Low
C00823,53,467232.05,0,25,6.886792452830188,0,Vishal Gupta,Retail,Hyderabad,174627.0,Low,Medium
C00824,33,225421.35,0,30,11.212121212121213,0,Sanjay Patel,Mass Affluent,Madurai,40088.0,Low,Medium
C00825,17,80077.23999999999,0,25,6.176470588235294,0,Sneha Iyer,Mass Affluent,Bengaluru,98102.0,Low,Medium
C00826,14,111470.28,0,35,9.285714285714286,0,Arun Singh,Mass Affluent,Pune,47588.0,Low,Medium
C00827,34,223065.85,0,35,5.882352941176471,0,Arun Iyer,Student,Chennai,46889.0,Low,Medium
C00828,39,274471.42,0,20,1.0256410256410255,0,Sanjay Rao,Mass Affluent,Bengaluru,131658.0,Low,Medium
C00829,32,261340.65,0,30,2.5,0,Pooja Iyer,Retail,Pune,97228.0,Low,Medium
C00830,22,133914.75,0,30,1.3636363636363635,0,Geetha Iyer,Retail,Kolkata,31128.0,Medium,Medium
C00831,59,511427.68,0,25,6.016949152542373,0,Ajay Kumar,Sme Owner,Coimbatore,46543.0,Low,Medium
C00832,18,96193.24,0,20,1.1111111111111112,0,Sneha Gupta,Senior Citizen,Coimbatore,65498.0,Low,Medium
C00833,25,229323.72,0,20,1.6,0,Geetha Singh,Retail,Delhi,189411.0,Low,Medium
C00834,37,432489.32,0,30,4.324324324324325,0,Deepa Kumar,Retail,Chennai,30249.0,Low,Medium
C00835,28,136206.68,0,25,5.714285714285714,0,Suresh Patel,Retail,Mumbai,116336.0,Low,Medium
C00836,42,371506.48,0,30,11.904761904761905,0,Kavya Patel,Senior Citizen,Pune,38703.0,Low,Medium
C00837,42,273357.22,0,25,5.9523809523809526,0,Sanjay Singh,Retail,Madurai,74426.0,Low,Medium
C00838,45,484771.24,0,30,4.222222222222222,0,Suresh Rao,Senior Citizen,Pune,97326.0,Medium,Medium
C00839,16,80866.83,0,5,5.0,0,Ajay Patel,Mass Affluent,Kochi,36584.0,Low,Low
C00840,21,85266.57,0,0,0.0,0,Naveen Singh,Retail,Bengaluru,72703.0,High,Low
C00841,20,180833.88,0,25,6.0,0,Pooja Nair,Mass Affluent,Kolkata,41534.0,Low,Medium
C00842,14,67835.48,0,0,0.0,0,Pooja Nair,Mass Affluent,Delhi,32096.0,Low,Low
C00843,15,102280.03,0,35,7.0,0,Lakshmi Singh,Retail,Bengaluru,60375.0,Low,Medium
C00844,24,149933.61000000002,0,5,5.0,0,Ajay Singh,Mass Affluent,Hyderabad,83145.0,Low,Low
C00845,10,73213.12,0,30,3.0,0,Divya Rao,Mass Affluent,Kochi,159704.0,Medium,Medium
C00846,12,40976.84,0,0,0.0,0,Rahul Patel,Premium,Chennai,45465.0,Low,Low
C00847,35,243380.59,0,30,0.8571428571428571,0,Sneha Patel,Mass Affluent,Chennai,53529.0,Medium,Medium
C00848,17,144950.52,0,20,1.1764705882352942,0,Lakshmi Rao,Student,Mumbai,40565.0,Low,Medium
C00849,12,169670.47,0,25,8.333333333333334,0,Sneha Patel,Retail,Pune,60895.0,Medium,Medium
C00850,23,128975.90000000001,0,5,5.0,0,Pooja Nair,Retail,Mumbai,21671.0,Low,Low
C00851,19,153097.55,0,20,2.1052631578947367,0,Ajay Singh,Sme Owner,Coimbatore,44437.0,High,Medium
C00852,34,171982.33,0,25,5.588235294117647,0,Sanjay Kumar,Student,Coimbatore,74477.0,Low,Medium
C00853,17,111677.24,0,20,1.1764705882352942,0,Rohit Patel,Mass Affluent,Mumbai,77890.0,Low,Medium
C00854,21,459266.7,3,70,15.238095238095237,3,Naveen Kumar,Senior Citizen,Hyderabad,29964.0,Medium,Critical
C00855,28,137779.53,0,25,5.714285714285714,0,Vijay Sharma,Senior Citizen,Hyderabad,108016.0,Medium,Medium
C00856,21,174978.55,0,30,3.3333333333333335,0,Sanjay Gupta,Retail,Bengaluru,52884.0,Low,Medium
C00857,18,115389.82,0,20,2.2222222222222223,0,Vijay Reddy,Retail,Hyderabad,70563.0,Medium,Medium
C00858,15,96933.75,0,5,5.0,0,Rohit Gupta,Retail,Delhi,52586.0,Low,Low
C00859,38,310467.74,0,20,1.0526315789473684,0,Rahul Rao,Mass Affluent,Pune,24258.0,Medium,Medium
C00860,42,230679.03,0,35,5.714285714285714,0,Pooja Singh,Premium,Mumbai,104768.0,Low,Medium
C00861,54,375647.39,0,35,16.11111111111111,0,Ajay Sharma,Mass Affluent,Chennai,52859.0,Medium,Medium
C00862,53,409141.88,0,30,11.415094339622641,0,Geetha Singh,Mass Affluent,Hyderabad,46425.0,Medium,Medium
C00863,19,115564.2,0,20,1.0526315789473684,0,Sanjay Rao,Student,Coimbatore,64279.0,Medium,Medium
C00864,26,211408.76,0,30,3.076923076923077,0,Kavya Verma,Retail,Delhi,56383.0,Low,Medium
C00865,45,290836.63,0,25,5.888888888888889,0,Priya Singh,Mass Affluent,Kolkata,70424.0,Medium,Medium
C00866,19,118258.05,0,25,6.052631578947368,0,Rohit Kumar,Senior Citizen,Mumbai,33329.0,Low,Medium
C00867,18,121115.59,0,20,1.1111111111111112,0,Anitha Singh,Retail,Madurai,39164.0,Low,Medium
C00868,15,111381.37,0,25,7.666666666666667,0,Arun Reddy,Mass Affluent,Bengaluru,59501.0,Low,Medium
C00869,49,562250.97,0,35,8.061224489795919,0,Rohit Patel,Retail,Madurai,21677.0,Low,Medium
C00870,24,137411.17,0,25,5.833333333333333,0,Karthik Sharma,Retail,Mumbai,61409.0,Medium,Medium
C00871,14,84945.05,0,5,5.0,0,Karthik Patel,Premium,Madurai,147781.0,Low,Low
C00872,40,280643.84,0,20,2.0,0,Suresh Iyer,Senior Citizen,Kochi,50130.0,Low,Medium
C00873,21,107177.06999999999,0,5,5.0,0,Ajay Gupta,Premium,Chennai,50357.0,High,Low
C00874,22,139640.81,0,20,0.9090909090909091,0,Naveen Gupta,Mass Affluent,Kochi,36312.0,Low,Medium
C00875,16,148035.95,0,30,4.375,0,Vishal Nair,Retail,Kochi,100186.0,Low,Medium
C00876,40,257119.21,0,30,11.5,0,Sanjay Verma,Mass Affluent,Madurai,70856.0,Low,Medium
C00877,40,281182.99,2,45,17.5,0,Suresh Singh,Retail,Coimbatore,54929.0,Low,High
C00878,20,143104.44,0,25,6.0,0,Vijay Gupta,Retail,Pune,89269.0,Low,Medium
C00879,46,362340.20999999996,7,55,28.26086956521739,0,Meena Verma,Premium,Hyderabad,44727.0,Low,High
C00880,41,268174.52,0,25,6.463414634146342,0,Rahul Kumar,Retail,Madurai,69844.0,Low,Medium
C00881,16,117282.98,0,35,6.875,0,Priya Singh,Mass Affluent,Madurai,41966.0,High,Medium
C00882,38,278991.75,0,20,0.5263157894736842,0,Sanjay Rao,Student,Kolkata,22856.0,Low,Medium
C00883,15,177682.55,0,30,4.0,0,Pooja Rao,Mass Affluent,Bengaluru,113001.0,Low,Medium
C00884,19,353218.59,5,70,24.210526315789473,4,Lakshmi Singh,Retail,Chennai,189960.0,Low,Critical
C00885,19,184189.9,0,20,2.1052631578947367,0,Lakshmi Kumar,Retail,Chennai,40782.0,Medium,Medium
C00886,35,350996.24,0,20,1.7142857142857142,0,Geetha Gupta,Premium,Bengaluru,32813.0,Medium,Medium
C00887,44,256053.97,0,20,1.3636363636363635,0,Naveen Reddy,Retail,Coimbatore,37887.0,Low,Medium
C00888,37,347965.0,1,45,17.43243243243243,0,Geetha Patel,Retail,Bengaluru,107756.0,Low,High
C00889,18,156537.03,0,35,6.666666666666667,0,Rohit Kumar,Premium,Madurai,84963.0,Low,Medium
C00890,21,191805.16999999998,0,35,7.380952380952381,0,Vijay Verma,Retail,Madurai,49079.0,Low,Medium
C00891,19,160903.31,0,35,8.157894736842104,0,Priya Reddy,Senior Citizen,Coimbatore,22377.0,Low,Medium
C00892,40,244445.64,0,30,10.5,0,Geetha Gupta,Senior Citizen,Kolkata,189391.0,High,Medium
C00893,23,143309.33000000002,0,5,5.0,0,Naveen Gupta,Senior Citizen,Kochi,32875.0,Low,Low
C00894,19,230141.02,0,35,10.263157894736842,0,Vijay Singh,Retail,Coimbatore,42464.0,Medium,Medium
C00895,11,228709.68000000002,0,30,2.727272727272727,0,Anitha Verma,Senior Citizen,Pune,52111.0,Low,Medium
C00896,31,203688.37,0,25,5.645161290322581,0,Deepa Nair,Mass Affluent,Chennai,32009.0,Low,Medium
C00897,42,295504.72000000003,0,20,0.9523809523809523,0,Vijay Reddy,Retail,Madurai,66628.0,Low,Medium
C00898,15,86330.36,0,35,8.333333333333334,0,Rahul Kumar,Retail,Delhi,112698.0,Low,Medium
C00899,38,191456.5,0,0,0.0,0,Vishal Patel,Retail,Coimbatore,42345.0,Low,Low
C00900,27,167128.57,0,25,5.7407407407407405,0,Rohit Kumar,Senior Citizen,Kochi,46159.0,Low,Medium
C00901,17,116409.91,0,35,7.9411764705882355,0,Rahul Rao,Senior Citizen,Coimbatore,45600.0,Medium,Medium
C00902,14,118866.33999999998,0,30,2.142857142857143,0,Karthik Singh,Mass Affluent,Kochi,87315.0,Low,Medium
C00903,15,60471.24,0,0,0.0,0,Kavya Rao,Retail,Madurai,86125.0,Low,Low
C00904,48,411841.29,1,45,17.708333333333332,0,Naveen Iyer,Student,Bengaluru,44980.0,Medium,High
C00905,13,114505.87,0,35,7.3076923076923075,0,Lakshmi Patel,Retail,Kolkata,93627.0,Low,Medium
C00906,32,424720.68,4,70,26.25,4,Vijay Reddy,Retail,Pune,66857.0,Medium,Critical
C00907,22,107459.71,0,0,0.0,0,Meena Gupta,Student,Coimbatore,71495.0,Low,Low
C00908,17,105072.97,0,5,5.0,0,Rohit Rao,Sme Owner,Coimbatore,43703.0,Medium,Low
C00909,11,120031.78,0,35,16.818181818181817,0,Rahul Verma,Retail,Kochi,42905.0,Low,Medium
C00910,50,410696.79000000004,0,30,12.0,0,Kavya Sharma,Student,Mumbai,63270.0,Low,Medium
C00911,35,217935.78,0,35,6.428571428571429,0,Vishal Verma,Retail,Bengaluru,38993.0,Low,Medium
C00912,29,221857.16999999998,0,25,7.068965517241379,0,Rahul Gupta,Sme Owner,Mumbai,167958.0,Low,Medium
C00913,28,207810.72999999998,0,20,2.142857142857143,0,Geetha Iyer,Retail,Pune,37240.0,Low,Medium
C00914,43,262229.23,0,25,5.930232558139535,0,Meena Nair,Retail,Hyderabad,60795.0,Low,Medium
C00915,19,180846.15,0,35,8.68421052631579,0,Deepa Nair,Senior Citizen,Madurai,46336.0,Medium,Medium
C00916,16,152402.22,0,35,10.625,0,Naveen Reddy,Student,Bengaluru,50145.0,Medium,Medium
C00917,26,183489.01,1,45,17.692307692307693,0,Meena Iyer,Student,Bengaluru,75652.0,Low,High
C00918,38,561653.39,0,20,1.5789473684210527,0,Rahul Kumar,Sme Owner,Bengaluru,18570.0,Low,Medium
C00919,17,128961.33,0,35,8.529411764705882,0,Rohit Verma,Premium,Delhi,52072.0,Low,Medium
C00920,15,97396.8,0,25,6.333333333333333,0,Karthik Rao,Retail,Delhi,53771.0,Low,Medium
C00921,32,231289.51,0,20,1.25,0,Ajay Verma,Mass Affluent,Pune,75056.0,Low,Medium
C00922,23,185348.79,0,30,3.4782608695652173,0,Meena Nair,Mass Affluent,Hyderabad,33761.0,Low,Medium
C00923,17,107239.93,0,20,1.1764705882352942,0,Meena Iyer,Student,Kolkata,74603.0,Low,Medium
C00924,20,129018.61,1,45,16.5,0,Pooja Kumar,Retail,Pune,35471.0,Low,High
C00925,29,167078.03,0,20,0.6896551724137931,0,Kavya Nair,Retail,Chennai,64165.0,Low,Medium
C00926,12,100327.98000000001,0,35,7.5,0,Deepa Kumar,Senior Citizen,Chennai,81794.0,Medium,Medium
C00927,15,83007.18,0,0,0.0,0,Priya Rao,Mass Affluent,Pune,93238.0,Low,Low
C00928,15,145369.85,0,25,6.333333333333333,0,Rahul Gupta,Student,Coimbatore,45621.0,Low,Medium
C00929,12,93343.85,0,5,5.0,0,Lakshmi Kumar,Senior Citizen,Bengaluru,65102.0,Medium,Low
C00930,18,177289.68,0,25,7.222222222222222,0,Vishal Gupta,Student,Chennai,61805.0,Medium,Medium
C00931,14,129865.39,0,30,4.285714285714286,0,Geetha Reddy,Mass Affluent,Pune,29604.0,Low,Medium
C00932,32,326957.25,0,20,2.5,0,Anitha Gupta,Sme Owner,Delhi,41072.0,Low,Medium
C00933,22,142323.88,0,25,5.909090909090909,0,Kavya Gupta,Student,Coimbatore,48482.0,Low,Medium
C00934,11,54419.62,0,0,0.0,0,Rohit Singh,Retail,Coimbatore,60554.0,Medium,Low
C00935,18,142485.23,0,35,6.666666666666667,0,Kavya Reddy,Student,Hyderabad,113508.0,Low,Medium
C00936,16,78436.63,0,5,5.0,0,Kavya Iyer,Retail,Delhi,53053.0,Low,Low
C00937,33,175368.37,1,40,10.909090909090908,0,Karthik Gupta,Retail,Chennai,35246.0,Medium,High
C00938,15,86768.64,0,0,0.0,0,Vishal Patel,Mass Affluent,Coimbatore,39158.0,High,Low
C00939,37,270589.71,0,35,16.08108108108108,0,Rahul Verma,Mass Affluent,Pune,27054.0,High,Medium
C00940,42,329272.98,0,25,6.428571428571429,0,Geetha Reddy,Retail,Madurai,80791.0,Medium,Medium
C00941,19,114931.92,0,20,1.0526315789473684,0,Pooja Sharma,Retail,Madurai,44202.0,Low,Medium
C00942,60,501758.5,1,45,17.833333333333332,0,Priya Verma,Retail,Kochi,165687.0,Low,High
C00943,21,194580.24,0,35,8.80952380952381,0,Anitha Gupta,Retail,Hyderabad,139913.0,Low,Medium
C00944,20,206227.87,1,45,18.5,0,Sanjay Reddy,Mass Affluent,Hyderabad,108431.0,Low,High
C00945,12,62069.98,0,0,0.0,0,Geetha Patel,Retail,Mumbai,76913.0,Medium,Low
C00946,16,95144.04000000001,0,5,5.0,0,Priya Sharma,Mass Affluent,Madurai,39677.0,Low,Low
C00947,34,283513.9,0,35,8.235294117647058,0,Ajay Patel,Senior Citizen,Hyderabad,70485.0,High,Medium
C00948,23,151836.55,0,25,6.739130434782608,0,Rohit Gupta,Mass Affluent,Madurai,81691.0,Low,Medium
C00949,13,107478.44,0,30,11.538461538461538,0,Naveen Iyer,Retail,Kolkata,34515.0,Low,Medium
C00950,22,325686.22,6,70,26.363636363636363,6,Sanjay Kumar,Retail,Hyderabad,121074.0,Low,Critical
C00951,18,151808.6,0,20,1.1111111111111112,0,Kavya Gupta,Retail,Hyderabad,54052.0,Low,Medium
C00952,57,640609.88,0,25,8.157894736842104,0,Sneha Kumar,Student,Mumbai,82299.0,Low,Medium
C00953,21,189374.07,0,25,7.857142857142857,0,Meena Rao,Premium,Delhi,88946.0,Medium,Medium
C00954,22,178355.89,0,25,6.818181818181818,0,Arun Gupta,Retail,Chennai,34946.0,Low,Medium
C00955,45,322782.01,0,20,1.3333333333333333,0,Vishal Gupta,Retail,Chennai,44407.0,Low,Medium
C00956,33,432538.32,0,30,3.9393939393939394,0,Meena Singh,Retail,Bengaluru,62131.0,Low,Medium
C00957,42,320527.77,0,35,15.952380952380953,0,Karthik Nair,Student,Delhi,69664.0,Low,Medium
C00958,35,225285.97,0,35,5.857142857142857,0,Sanjay Reddy,Retail,Delhi,36677.0,Low,Medium
C00959,24,241689.98,0,35,9.166666666666666,0,Vishal Patel,Retail,Mumbai,43548.0,Low,Medium
C00960,50,407632.73,0,35,6.4,0,Rahul Rao,Retail,Hyderabad,35829.0,Low,Medium
C00961,34,461191.35,4,70,17.647058823529413,4,Rohit Patel,Retail,Pune,249707.0,Low,Critical
C00962,17,263713.33999999997,6,70,32.94117647058823,2,Divya Gupta,Retail,Pune,34725.0,Low,Critical
C00963,19,129932.55,0,20,1.0526315789473684,0,Geetha Patel,Student,Kochi,31025.0,Low,Medium
C00964,18,155669.46,0,25,6.111111111111111,0,Ajay Reddy,Senior Citizen,Delhi,28871.0,Low,Medium
C00965,18,138121.38,0,35,8.88888888888889,0,Vishal Sharma,Sme Owner,Kochi,72272.0,High,Medium
C00966,26,143251.89,0,30,1.1538461538461537,0,Rohit Iyer,Retail,Kolkata,66320.0,Low,Medium
C00967,15,141162.27,0,35,8.333333333333334,0,Sanjay Gupta,Retail,Delhi,92624.0,Low,Medium
C00968,19,124754.18,0,20,1.0526315789473684,0,Ajay Nair,Premium,Madurai,125028.0,Low,Medium
C00969,39,286626.61,0,35,16.025641025641026,0,Rahul Reddy,Premium,Kolkata,24965.0,Low,Medium
C00970,14,203350.86,0,25,7.857142857142857,0,Lakshmi Iyer,Mass Affluent,Pune,83718.0,Low,Medium
C00971,23,103195.95,0,5,5.0,0,Priya Nair,Retail,Kolkata,70840.0,Low,Low
C00972,33,283400.2,2,45,18.03030303030303,0,Vijay Gupta,Mass Affluent,Mumbai,99157.0,Medium,High
C00973,20,115093.28,0,25,6.0,0,Ajay Kumar,Retail,Pune,44997.0,High,Medium
C00974,44,292623.38,0,20,0.9090909090909091,0,Priya Reddy,Student,Hyderabad,90219.0,Low,Medium
C00975,48,377891.76,0,20,2.5,0,Rahul Rao,Senior Citizen,Bengaluru,57735.0,Low,Medium
C00976,16,192913.99,0,25,7.5,0,Suresh Reddy,Senior Citizen,Coimbatore,102389.0,Low,Medium
C00977,19,218967.37,0,30,4.2105263157894735,0,Sneha Kumar,Student,Kochi,44328.0,Low,Medium
C00978,18,211985.66999999998,0,30,7.777777777777778,0,Pooja Kumar,Retail,Pune,63303.0,Medium,Medium
C00979,32,306793.41,0,30,3.4375,0,Karthik Rao,Student,Mumbai,51921.0,Medium,Medium
C00980,20,149294.48,0,30,1.5,0,Vishal Verma,Retail,Chennai,169601.0,Low,Medium
C00981,33,286980.39,1,40,11.515151515151516,0,Anitha Gupta,Retail,Chennai,28400.0,High,High
C00982,16,98541.56,0,5,5.0,0,Vijay Reddy,Mass Affluent,Coimbatore,66688.0,Low,Low
C00983,45,314597.86,4,50,22.22222222222222,0,Divya Reddy,Premium,Chennai,69305.0,Low,High
C00984,12,91682.03,0,0,0.0,0,Rohit Reddy,Premium,Madurai,44123.0,Low,Low
C00985,19,89722.36,0,0,0.0,0,Anitha Verma,Premium,Madurai,66906.0,Low,Low
C00986,13,86135.25,0,35,7.3076923076923075,0,Sneha Patel,Senior Citizen,Madurai,22289.0,Low,Medium
C00987,38,358671.63,0,20,1.5789473684210527,0,Suresh Singh,Mass Affluent,Madurai,57251.0,Low,Medium
C00988,18,221821.6,0,30,4.444444444444445,0,Rohit Verma,Premium,Mumbai,61062.0,High,Medium
C00989,38,229676.34,0,30,0.7894736842105263,0,Geetha Singh,Retail,Kolkata,59656.0,Medium,Medium
C00990,30,215572.7,0,25,5.666666666666667,0,Pooja Iyer,Mass Affluent,Delhi,22159.0,Medium,Medium
C00991,17,122977.09,0,20,1.1764705882352942,0,Deepa Rao,Senior Citizen,Delhi,77235.0,High,Medium
C00992,16,93990.84,0,15,15.0,0,Anitha Kumar,Senior Citizen,Pune,40047.0,Low,Low
C00993,16,102127.56,0,0,0.0,0,Lakshmi Sharma,Mass Affluent,Kochi,78106.0,Low,Low
C00994,37,227668.41999999998,0,30,0.8108108108108109,0,Kavya Singh,Student,Chennai,44418.0,Low,Medium
C00995,19,117976.03,0,20,1.0526315789473684,0,Kavya Nair,Retail,Mumbai,32926.0,Low,Medium
C00996,37,246231.83,0,20,0.5405405405405406,0,Divya Patel,Senior Citizen,Bengaluru,23132.0,Medium,Medium
C00997,10,87250.8,0,20,2.0,0,Kavya Gupta,Sme Owner,Kolkata,62259.0,High,Medium
C00998,19,119122.47,0,25,6.052631578947368,0,Kavya Kumar,Senior Citizen,Kolkata,81913.0,Low,Medium
C00999,14,129980.51,0,35,8.571428571428571,0,Meena Singh,Student,Hyderabad,72002.0,Low,Medium
C01000,16,148260.01,0,25,7.5,0,Lakshmi Patel,Retail,Hyderabad,77070.0,Medium,Medium
