transaction_id,account_id,customer_id,branch_id,transaction_datetime,transaction_type,transaction_amount,currency,channel,merchant_category,transaction_city,device_id,transaction_status,fee_amount,operational_cost,fraud_confirmed,high_value_flag,rapid_transaction_flag,location_change_flag,failed_transaction_flag,basic_fraud_flag_count,previous_transaction_time,minutes_since_previous,unusual_amount_flag,previous_city,multiple_device_flag,unusual_merchant_flag,repeated_failed_flag,failed_login_flag,previous_customer_transaction,days_since_previous,high_value_after_dormant_flag,fraud_risk_score,fraud_risk_level
T00026033,A000017,C00012,B013,2026-04-13 10:19:00,Debit,96728.3,INR,Mobile Banking,Transfer,Coimbatore,D00012-2,Success,20.0,12.0,Yes,1,0,0,0,1,2026-04-06 17:12:49,9666.183333333332,1,Coimbatore,1,0,0,0,2026-04-06 17:12:49,6.712627314814815,0,70,Critical
T00026034,A000017,C00012,B013,2026-04-13 10:31:00,Debit,32382.13,INR,Mobile Banking,Transfer,Coimbatore,D00012-3,Success,20.0,12.0,Yes,1,0,0,0,1,2026-04-13 10:19:00,12.0,1,Coimbatore,1,0,0,0,2026-04-13 10:19:00,0.008333333333333333,0,70,Critical
T00026035,A000017,C00012,B013,2026-04-13 10:43:00,Debit,63734.23,INR,Mobile Banking,Transfer,Coimbatore,D00012-4,Success,20.0,12.0,Yes,1,0,0,0,1,2026-04-13 10:31:00,12.0,1,Coimbatore,1,0,0,0,2026-04-13 10:31:00,0.008333333333333333,0,70,Critical
T00026036,A000017,C00012,B013,2026-04-13 10:55:00,Debit,39225.29,INR,Mobile Banking,Transfer,Coimbatore,D00012-5,Success,20.0,12.0,Yes,1,0,0,0,1,2026-04-13 10:43:00,12.0,1,Coimbatore,1,0,0,0,2026-04-13 10:43:00,0.008333333333333333,0,70,Critical
T00026097,A000018,C00013,B007,2026-04-08 08:23:00,Debit,21642.9,INR,Net Banking,Transfer,Madurai,D00013-1,Failed,0.0,10.0,No,1,0,0,1,2,2026-01-07 20:01:08,130341.86666666667,1,Madurai,0,0,1,1,2026-01-07 20:01:08,90.51518518518519,1,45,High
T00026098,A000018,C00013,B007,2026-04-08 08:26:00,Debit,63094.59,INR,Net Banking,Transfer,Madurai,D00013-1,Failed,0.0,10.0,No,1,1,0,1,3,2026-04-08 08:23:00,3.0,1,Madurai,0,0,1,1,2026-04-08 08:23:00,0.0020833333333333333,0,50,High
T00026099,A000018,C00013,B007,2026-04-08 08:29:00,Debit,47518.7,INR,Net Banking,Transfer,Madurai,D00013-1,Failed,0.0,10.0,No,1,1,0,1,3,2026-04-08 08:26:00,3.0,1,Madurai,0,0,1,1,2026-04-08 08:26:00,0.0020833333333333333,0,50,High
T00026100,A000018,C00013,B007,2026-04-08 08:32:00,Debit,52363.3,INR,Net Banking,Transfer,Madurai,D00013-1,Failed,0.0,10.0,Yes,1,1,0,1,3,2026-04-08 08:29:00,3.0,1,Madurai,0,0,1,1,2026-04-08 08:29:00,0.0020833333333333333,0,70,Critical
T00026101,A000018,C00013,B007,2026-04-08 08:35:00,Debit,76070.35,INR,Net Banking,Transfer,Madurai,D00013-1,Failed,0.0,10.0,Yes,1,1,0,1,3,2026-04-08 08:32:00,3.0,1,Madurai,0,0,1,1,2026-04-08 08:32:00,0.0020833333333333333,0,70,Critical
T00026154,A000021,C00015,B003,2025-07-23 01:41:00,Debit,35560.98,INR,Card,Electronics,Delhi,D00015-1,Success,25.0,15.0,Yes,1,0,0,0,1,2025-07-20 04:51:04,4129.933333333333,1,Delhi,0,0,0,0,2025-07-20 04:51:04,2.868009259259259,0,70,Critical
T00026155,A000021,C00015,B003,2025-07-23 01:43:00,Debit,63146.77,INR,Card,Electronics,Delhi,D00015-1,Success,25.0,15.0,Yes,1,1,0,0,2,2025-07-23 01:41:00,2.0,1,Delhi,0,0,0,0,2025-07-23 01:41:00,0.001388888888888889,0,70,Critical
T00026156,A000021,C00015,B003,2025-07-23 01:45:00,Debit,35504.87,INR,Card,Electronics,Delhi,D00015-1,Success,25.0,15.0,Yes,1,1,0,0,2,2025-07-23 01:43:00,2.0,1,Delhi,0,0,0,0,2025-07-23 01:43:00,0.001388888888888889,0,70,Critical
T00026157,A000021,C00015,B003,2025-07-23 01:47:00,Debit,37089.92,INR,Card,Electronics,Delhi,D00015-1,Success,25.0,15.0,Yes,1,1,0,0,2,2025-07-23 01:45:00,2.0,1,Delhi,0,0,0,0,2025-07-23 01:45:00,0.001388888888888889,0,70,Critical
T00026158,A000021,C00015,B003,2025-07-23 01:49:00,Debit,39745.81,INR,Card,Electronics,Delhi,D00015-1,Success,25.0,15.0,Yes,1,1,0,0,2,2025-07-23 01:47:00,2.0,1,Delhi,0,0,0,0,2025-07-23 01:47:00,0.001388888888888889,0,70,Critical
T00026159,A000021,C00015,B003,2025-07-23 01:51:00,Debit,43892.84,INR,Card,Electronics,Delhi,D00015-1,Success,25.0,15.0,Yes,1,1,0,0,2,2025-07-23 01:49:00,2.0,1,Delhi,0,0,0,0,2025-07-23 01:49:00,0.001388888888888889,0,70,Critical
T00026005,A000028,C00021,B012,2025-06-17 04:45:00,Debit,135094.44,INR,Card,Travel,Coimbatore,D00021-1,Success,30.0,18.0,Yes,1,0,0,0,1,2025-05-22 12:41:47,36963.21666666667,1,Mumbai,0,0,0,0,2025-05-22 12:41:47,25.668900462962963,0,70,Critical
T00026006,A000028,C00021,B012,2025-06-17 06:45:00,Debit,127015.45,INR,Card,Travel,Bengaluru,D00021-1,Success,30.0,18.0,Yes,1,0,1,0,2,2025-06-17 04:45:00,120.0,1,Coimbatore,0,0,0,0,2025-06-17 04:45:00,0.08333333333333333,0,70,Critical
T00026007,A000028,C00021,B012,2025-06-17 08:45:00,Debit,46302.35,INR,Card,Travel,Chennai,D00021-1,Success,30.0,18.0,Yes,1,0,1,0,2,2025-06-17 06:45:00,120.0,1,Bengaluru,0,0,0,0,2025-06-17 06:45:00,0.08333333333333333,0,70,Critical
T00017129,A000034,C00025,B014,2024-10-23 17:01:58,Debit,23090.76,INR,Net Banking,Fuel,Hyderabad,D00025-1,Success,14.7,15.67,No,1,0,0,0,1,2024-09-07 02:44:31,67097.45,1,Hyderabad,0,0,1,0,2024-09-07 02:44:31,46.59545138888889,1,40,High
T00000608,A000034,C00025,B014,2026-01-14 16:39:43,Debit,30752.84,INR,Mobile Banking,Travel,Hyderabad,D00025-1,Success,25.22,18.14,No,1,0,0,0,1,2025-12-13 05:53:29,46726.23333333333,1,Hyderabad,0,0,1,0,2025-12-13 05:53:29,32.44877314814815,1,40,High
T00026134,A000036,C00026,B024,2025-11-24 16:27:00,Debit,51420.67,INR,Card,Travel,Kochi,D00026-1,Success,30.0,18.0,Yes,1,0,0,0,1,2025-11-18 02:39:27,9467.55,1,Chennai,0,0,0,0,2025-11-18 02:39:27,6.5746875,0,70,Critical
T00026135,A000036,C00026,B024,2025-11-24 18:27:00,Debit,77597.14,INR,Card,Travel,Coimbatore,D00026-1,Success,30.0,18.0,Yes,1,0,1,0,2,2025-11-24 16:27:00,120.0,1,Kochi,0,0,0,0,2025-11-24 16:27:00,0.08333333333333333,0,70,Critical
T00026136,A000036,C00026,B024,2025-11-24 20:27:00,Debit,49553.67,INR,Card,Travel,Mumbai,D00026-1,Success,30.0,18.0,Yes,1,0,1,0,2,2025-11-24 18:27:00,120.0,1,Coimbatore,0,0,0,0,2025-11-24 18:27:00,0.08333333333333333,0,70,Critical
T00026038,A000047,C00033,B014,2026-07-07 00:32:00,Debit,73000.41,INR,Net Banking,Transfer,Pune,D00033-1,Failed,0.0,10.0,No,1,0,0,1,2,2026-05-12 12:02:45,79949.25,1,Pune,0,0,1,1,2026-05-12 12:02:45,55.5203125,1,45,High
T00026039,A000047,C00033,B014,2026-07-07 00:35:00,Debit,22999.38,INR,Net Banking,Transfer,Pune,D00033-1,Failed,0.0,10.0,No,1,1,0,1,3,2026-07-07 00:32:00,3.0,1,Pune,0,0,1,1,2026-07-07 00:32:00,0.0020833333333333333,0,50,High
T00026040,A000047,C00033,B014,2026-07-07 00:38:00,Debit,21735.83,INR,Net Banking,Transfer,Pune,D00033-1,Failed,0.0,10.0,No,1,1,0,1,3,2026-07-07 00:35:00,3.0,1,Pune,0,0,1,1,2026-07-07 00:35:00,0.0020833333333333333,0,50,High
T00026041,A000047,C00033,B014,2026-07-07 00:41:00,Debit,44900.68,INR,Net Banking,Transfer,Pune,D00033-1,Failed,0.0,10.0,Yes,1,1,0,1,3,2026-07-07 00:38:00,3.0,1,Pune,0,0,1,1,2026-07-07 00:38:00,0.0020833333333333333,0,70,Critical
T00026042,A000047,C00033,B014,2026-07-07 00:44:00,Debit,20762.41,INR,Net Banking,Transfer,Pune,D00033-1,Failed,0.0,10.0,Yes,1,1,0,1,3,2026-07-07 00:41:00,3.0,1,Pune,0,0,1,1,2026-07-07 00:41:00,0.0020833333333333333,0,70,Critical
T00011177,A000057,C00040,B012,2026-03-28 13:14:18,Debit,23290.33,INR,Mobile Banking,Transfer,Kolkata,D00040-1,Success,22.12,24.98,No,1,0,0,0,1,2026-02-07 15:49:05,70405.21666666666,1,Kolkata,0,0,1,0,2026-02-07 15:49:05,48.89251157407407,1,40,High
T00026126,A000069,C00045,B025,2026-05-06 05:32:00,Debit,41106.59,INR,Card,Travel,Chennai,D00045-1,Success,30.0,18.0,Yes,1,0,0,0,1,2026-04-04 08:09:23,45922.61666666667,1,Mumbai,0,0,0,1,2026-04-04 08:09:23,31.890706018518518,1,70,Critical
T00026127,A000069,C00045,B025,2026-05-06 07:32:00,Debit,83848.45,INR,Card,Travel,Hyderabad,D00045-1,Success,30.0,18.0,Yes,1,0,1,0,2,2026-05-06 05:32:00,120.0,1,Chennai,0,0,0,1,2026-05-06 05:32:00,0.08333333333333333,0,70,Critical
T00026128,A000069,C00045,B025,2026-05-06 09:32:00,Debit,64921.45,INR,Card,Travel,Pune,D00045-1,Success,30.0,18.0,Yes,1,0,1,0,2,2026-05-06 07:32:00,120.0,1,Hyderabad,0,0,0,1,2026-05-06 07:32:00,0.08333333333333333,0,70,Critical
T00003267,A000097,C00060,B016,2026-04-04 21:30:14,Debit,45058.07,INR,Mobile Banking,Electronics,Coimbatore,D00060-1,Success,0.5,14.2,No,1,0,0,0,1,2026-02-25 00:26:23,55983.85,1,Coimbatore,0,0,1,0,2026-02-25 00:26:23,38.87767361111111,1,40,High
T00010331,A000104,C00064,B010,2026-03-04 18:47:01,Debit,32701.47,INR,Net Banking,Grocery,Chennai,D00064-1,Success,6.02,10.58,No,1,0,0,0,1,2026-02-22 18:03:14,14443.783333333333,1,Chennai,1,0,1,0,2026-02-22 18:03:14,10.030405092592593,0,40,High
T00022401,A000126,C00079,B012,2025-11-08 14:44:17,Debit,29402.68,INR,UPI,E-Commerce,Madurai,D00079-1,Success,16.09,5.66,No,1,0,0,0,1,2025-10-02 16:40:42,53163.583333333336,1,Madurai,1,0,0,0,2025-10-02 16:40:42,36.91915509259259,1,40,High
T00014496,A000126,C00079,B012,2026-06-10 16:32:54,Debit,33525.9,INR,Card,Healthcare,Madurai,D00079-1,Success,27.82,11.21,No,1,0,0,0,1,2026-05-10 20:42:28,44390.433333333334,1,Madurai,1,0,0,0,2026-05-10 20:42:28,30.826689814814817,1,40,High
T00000023,A000130,C00083,B004,2024-07-11 16:51:41,Debit,122692.98,INR,Net Banking,Grocery,Pune,D00083-1,Success,5.66,26.04,No,1,0,0,0,1,2024-06-21 04:55:06,29516.583333333332,1,Pune,1,0,1,1,2024-06-21 04:55:06,20.497627314814814,0,45,High
T00026021,A000130,C00083,B004,2026-05-28 04:08:00,Debit,45102.49,INR,Mobile Banking,Transfer,Pune,D00083-2,Success,20.0,12.0,Yes,1,0,0,0,1,2026-05-03 06:55:32,35832.46666666667,1,Pune,1,0,1,1,2026-05-03 06:55:32,24.88365740740741,0,70,Critical
T00026022,A000130,C00083,B004,2026-05-28 04:20:00,Debit,94735.17,INR,Mobile Banking,Transfer,Pune,D00083-3,Success,20.0,12.0,Yes,1,0,0,0,1,2026-05-28 04:08:00,12.0,1,Pune,1,0,1,1,2026-05-28 04:08:00,0.008333333333333333,0,70,Critical
T00026023,A000130,C00083,B004,2026-05-28 04:32:00,Debit,108440.0,INR,Mobile Banking,Transfer,Pune,D00083-4,Success,20.0,12.0,Yes,1,0,0,0,1,2026-05-28 04:20:00,12.0,1,Pune,1,0,1,1,2026-05-28 04:20:00,0.008333333333333333,0,70,Critical
T00026024,A000130,C00083,B004,2026-05-28 04:44:00,Debit,60738.7,INR,Mobile Banking,Transfer,Pune,D00083-5,Success,20.0,12.0,Yes,1,0,0,0,1,2026-05-28 04:32:00,12.0,1,Pune,1,0,1,1,2026-05-28 04:32:00,0.008333333333333333,0,70,Critical
T00010029,A000130,C00083,B004,2026-06-02 16:43:22,Debit,24430.17,INR,Branch,Utilities,Pune,D00083-1,Success,24.99,10.56,No,1,0,0,0,1,2026-05-28 04:44:00,7919.366666666667,1,Pune,1,0,1,1,2026-05-28 04:44:00,5.499560185185185,0,45,High
T00026085,A000133,C00085,B012,2026-01-21 14:26:00,Debit,78611.33,INR,Card,Travel,Bengaluru,D00085-1,Success,30.0,18.0,Yes,1,0,0,0,1,2025-12-01 19:55:36,73110.4,1,Hyderabad,0,0,0,1,2025-12-01 19:55:36,50.77111111111111,1,70,Critical
T00026086,A000133,C00085,B012,2026-01-21 16:26:00,Debit,47208.06,INR,Card,Travel,Pune,D00085-1,Success,30.0,18.0,Yes,1,0,1,0,2,2026-01-21 14:26:00,120.0,1,Bengaluru,0,0,0,1,2026-01-21 14:26:00,0.08333333333333333,0,70,Critical
T00026087,A000133,C00085,B012,2026-01-21 18:26:00,Debit,92852.12,INR,Card,Travel,Mumbai,D00085-1,Success,30.0,18.0,Yes,1,0,1,0,2,2026-01-21 16:26:00,120.0,1,Pune,0,0,0,1,2026-01-21 16:26:00,0.08333333333333333,0,70,Critical
T00026043,A000138,C00089,B024,2026-04-03 00:39:00,Debit,654353.63,INR,Branch,Transfer,Madurai,D00089-1,Success,50.0,25.0,Yes,1,0,0,0,1,2026-03-06 09:02:22,39816.63333333333,1,Madurai,0,0,0,1,2026-03-06 09:02:22,27.650439814814813,0,70,Critical
T00026137,A000183,C00121,B015,2025-06-12 16:50:00,Debit,68780.7,INR,Mobile Banking,Transfer,Chennai,D00121-2,Success,20.0,12.0,Yes,1,0,0,0,1,,,1,,1,0,1,0,,,0,70,Critical
T00026138,A000183,C00121,B015,2025-06-12 17:02:00,Debit,40894.46,INR,Mobile Banking,Transfer,Chennai,D00121-3,Success,20.0,12.0,Yes,1,0,0,0,1,2025-06-12 16:50:00,12.0,1,Chennai,1,0,1,0,2025-06-12 16:50:00,0.008333333333333333,0,70,Critical
T00026139,A000183,C00121,B015,2025-06-12 17:14:00,Debit,76251.26,INR,Mobile Banking,Transfer,Chennai,D00121-4,Success,20.0,12.0,Yes,1,0,0,0,1,2025-06-12 17:02:00,12.0,1,Chennai,1,0,1,0,2025-06-12 17:02:00,0.008333333333333333,0,70,Critical
T00026140,A000183,C00121,B015,2025-06-12 17:26:00,Debit,59624.83,INR,Mobile Banking,Transfer,Chennai,D00121-5,Success,20.0,12.0,Yes,1,0,0,0,1,2025-06-12 17:14:00,12.0,1,Chennai,1,0,1,0,2025-06-12 17:14:00,0.008333333333333333,0,70,Critical
T00010203,A000182,C00121,B015,2025-11-01 10:31:50,Debit,19807.25,INR,Card,Transfer,Chennai,D00121-1,Success,34.71,3.22,No,1,0,0,0,1,2025-10-27 06:13:56,7457.9,1,Chennai,1,0,1,0,2025-10-27 06:13:56,5.1790972222222225,0,40,High
T00021144,A000183,C00121,B015,2025-11-04 15:00:09,Debit,21198.8,INR,Card,Utilities,Chennai,D00121-1,Success,14.8,6.35,No,1,0,0,0,1,2025-11-02 14:50:12,2889.95,1,Chennai,1,0,1,0,2025-11-02 14:50:12,2.0069097222222223,0,40,High
T00017913,A000182,C00121,B015,2026-03-03 08:15:50,Credit,33687.62,INR,Net Banking,Electronics,Chennai,D00121-1,Success,29.21,4.99,No,1,0,0,0,1,2026-02-27 08:54:13,5721.616666666667,1,Chennai,1,0,1,0,2026-02-27 08:54:13,3.9733449074074074,0,40,High
T00000305,A000183,C00121,B015,2026-03-08 06:11:15,Debit,23468.04,INR,Card,Grocery,Chennai,D00121-1,Success,32.51,14.02,No,1,0,0,0,1,2026-03-08 02:33:35,217.66666666666666,1,Chennai,1,0,1,0,2026-03-08 02:33:35,0.1511574074074074,0,40,High
T00003989,A000209,C00140,B017,2024-07-01 23:25:51,Debit,19844.64,INR,UPI,E-Commerce,Madurai,D00140-1,Success,16.23,7.92,No,1,0,0,0,1,2024-05-28 03:23:26,50162.416666666664,1,Madurai,0,0,1,0,2024-05-28 03:23:26,34.83501157407407,1,40,High
T00026063,A000210,C00141,B010,2026-02-23 00:07:00,Debit,72146.22,INR,Card,Travel,Pune,D00141-1,Success,30.0,18.0,Yes,1,0,0,0,1,2026-01-27 21:41:25,37585.583333333336,1,Chennai,0,0,0,0,2026-01-27 21:41:25,26.101099537037037,0,70,Critical
T00026064,A000210,C00141,B010,2026-02-23 02:07:00,Debit,73727.64,INR,Card,Travel,Mumbai,D00141-1,Success,30.0,18.0,Yes,1,0,1,0,2,2026-02-23 00:07:00,120.0,1,Pune,0,0,0,0,2026-02-23 00:07:00,0.08333333333333333,0,70,Critical
T00026065,A000210,C00141,B010,2026-02-23 04:07:00,Debit,66900.72,INR,Card,Travel,Hyderabad,D00141-1,Success,30.0,18.0,Yes,1,0,1,0,2,2026-02-23 02:07:00,120.0,1,Mumbai,0,0,0,0,2026-02-23 02:07:00,0.08333333333333333,0,70,Critical
T00021508,A000215,C00146,B016,2025-05-03 17:38:21,Credit,21517.46,INR,UPI,Travel,Kochi,D00146-1,Success,33.12,16.74,No,1,0,0,0,1,2025-03-18 06:48:04,66890.28333333334,1,Kochi,0,0,1,1,2025-03-18 06:48:04,46.451585648148146,1,45,High
T00007593,A000216,C00147,B022,2026-01-04 23:44:05,Debit,35523.39,INR,Net Banking,Grocery,Mumbai,D00147-1,Failed,21.4,21.51,No,1,0,0,1,2,2025-11-15 00:09:56,73414.15,1,Mumbai,0,0,1,0,2025-11-15 00:09:56,50.98204861111111,1,40,High
T00023697,A000233,C00159,B009,2024-01-20 10:51:21,Debit,24784.99,INR,Mobile Banking,Travel,Hyderabad,D00159-1,Failed,12.77,10.56,No,1,0,0,1,2,,,1,,1,0,1,1,,,0,45,High
T00026001,A000233,C00159,B009,2025-08-22 10:03:00,Debit,59391.09,INR,Mobile Banking,Transfer,Hyderabad,D00159-2,Success,20.0,12.0,Yes,1,0,0,0,1,2025-07-13 19:21:09,57041.85,1,Hyderabad,1,0,1,1,2025-07-13 19:21:09,39.61239583333333,1,70,Critical
T00026002,A000233,C00159,B009,2025-08-22 10:15:00,Debit,72319.76,INR,Mobile Banking,Transfer,Hyderabad,D00159-3,Success,20.0,12.0,Yes,1,0,0,0,1,2025-08-22 10:03:00,12.0,1,Hyderabad,1,0,1,1,2025-08-22 10:03:00,0.008333333333333333,0,70,Critical
T00026003,A000233,C00159,B009,2025-08-22 10:27:00,Debit,97543.04,INR,Mobile Banking,Transfer,Hyderabad,D00159-4,Success,20.0,12.0,Yes,1,0,0,0,1,2025-08-22 10:15:00,12.0,1,Hyderabad,1,0,1,1,2025-08-22 10:15:00,0.008333333333333333,0,70,Critical
T00026004,A000233,C00159,B009,2025-08-22 10:39:00,Debit,36137.8,INR,Mobile Banking,Transfer,Hyderabad,D00159-5,Success,20.0,12.0,Yes,1,0,0,0,1,2025-08-22 10:27:00,12.0,1,Hyderabad,1,0,1,1,2025-08-22 10:27:00,0.008333333333333333,0,70,Critical
T00026072,A000239,C00164,B024,2026-02-08 15:39:00,Debit,121623.53,INR,Card,Travel,Kolkata,D00164-1,Success,30.0,18.0,Yes,1,0,0,0,1,2026-02-07 21:37:34,1081.4333333333334,1,Coimbatore,0,0,0,1,2026-02-07 21:37:34,0.7509953703703703,0,70,Critical
T00026073,A000239,C00164,B024,2026-02-08 17:39:00,Debit,123892.0,INR,Card,Travel,Delhi,D00164-1,Success,30.0,18.0,Yes,1,0,1,0,2,2026-02-08 15:39:00,120.0,1,Kolkata,0,0,0,1,2026-02-08 15:39:00,0.08333333333333333,0,70,Critical
T00026074,A000239,C00164,B024,2026-02-08 19:39:00,Debit,84309.84,INR,Card,Travel,Bengaluru,D00164-1,Success,30.0,18.0,Yes,1,0,1,0,2,2026-02-08 17:39:00,120.0,1,Delhi,0,0,0,1,2026-02-08 17:39:00,0.08333333333333333,0,70,Critical
T00017289,A000244,C00167,B001,2024-08-02 23:26:27,Debit,41342.72,INR,UPI,Healthcare,Pune,D00167-1,Success,26.39,11.45,No,1,0,0,0,1,2024-05-24 20:47:33,100958.9,1,Pune,0,0,1,1,2024-05-24 20:47:33,70.11034722222222,1,45,High
T00025342,A000259,C00178,B024,2026-01-11 21:02:29,Debit,56974.98,INR,ATM,Grocery,Coimbatore,D00178-1,Success,16.14,26.9,No,1,0,0,0,1,2025-11-17 20:23:35,79238.9,1,Coimbatore,0,0,1,1,2025-11-17 20:23:35,55.02701388888889,1,45,High
T00026130,A000262,C00180,B022,2026-03-05 13:08:00,Debit,94041.63,INR,Mobile Banking,Transfer,Mumbai,D00180-2,Success,20.0,12.0,Yes,1,0,0,0,1,2026-03-01 21:03:02,5284.966666666666,1,Mumbai,1,0,0,0,2026-03-01 21:03:02,3.6701157407407408,0,70,Critical
T00026131,A000262,C00180,B022,2026-03-05 13:20:00,Debit,46269.06,INR,Mobile Banking,Transfer,Mumbai,D00180-3,Success,20.0,12.0,Yes,1,0,0,0,1,2026-03-05 13:08:00,12.0,1,Mumbai,1,0,0,0,2026-03-05 13:08:00,0.008333333333333333,0,70,Critical
T00026132,A000262,C00180,B022,2026-03-05 13:32:00,Debit,94834.59,INR,Mobile Banking,Transfer,Mumbai,D00180-4,Success,20.0,12.0,Yes,1,0,0,0,1,2026-03-05 13:20:00,12.0,1,Mumbai,1,0,0,0,2026-03-05 13:20:00,0.008333333333333333,0,70,Critical
T00026133,A000262,C00180,B022,2026-03-05 13:44:00,Debit,63787.28,INR,Mobile Banking,Transfer,Mumbai,D00180-5,Success,20.0,12.0,Yes,1,0,0,0,1,2026-03-05 13:32:00,12.0,1,Mumbai,1,0,0,0,2026-03-05 13:32:00,0.008333333333333333,0,70,Critical
T00013873,A000262,C00180,B022,2026-08-22 20:43:26,Credit,28496.81,INR,UPI,Electronics,Mumbai,D00180-1,Success,8.83,18.83,No,1,0,0,0,1,2026-07-06 20:56:28,67666.96666666666,1,Mumbai,1,0,0,0,2026-07-06 20:56:28,46.990949074074074,1,40,High
T00005979,A000268,C00186,B022,2025-11-13 13:39:57,Debit,20740.64,INR,Mobile Banking,Electronics,Kolkata,D00186-1,Success,25.87,21.38,No,1,0,0,0,1,2025-09-20 00:42:41,78537.26666666666,1,Kolkata,0,0,1,0,2025-09-20 00:42:41,54.53976851851852,1,40,High
T00026160,A000272,C00189,B005,2025-09-04 04:36:00,Debit,861300.8,INR,Branch,Transfer,Delhi,D00189-1,Success,50.0,25.0,Yes,1,0,0,0,1,2025-07-27 08:56:54,55899.1,1,Delhi,0,0,0,1,2025-07-27 08:56:54,38.81881944444444,1,70,Critical
T00026008,A000273,C00190,B014,2026-05-25 22:24:00,Debit,148508.47,INR,Card,Travel,Hyderabad,D00190-1,Success,30.0,18.0,Yes,1,0,0,0,1,2026-05-10 22:09:50,21614.166666666668,1,Hyderabad,0,1,0,1,2026-05-10 22:09:50,15.009837962962964,0,70,Critical
T00026009,A000273,C00190,B014,2026-05-26 00:24:00,Debit,127598.68,INR,Card,Travel,Madurai,D00190-1,Success,30.0,18.0,Yes,1,0,1,0,2,2026-05-25 22:24:00,120.0,1,Hyderabad,0,1,0,1,2026-05-25 22:24:00,0.08333333333333333,0,70,Critical
T00026010,A000273,C00190,B014,2026-05-26 02:24:00,Debit,43640.36,INR,Card,Travel,Coimbatore,D00190-1,Success,30.0,18.0,Yes,1,0,1,0,2,2026-05-26 00:24:00,120.0,1,Madurai,0,1,0,1,2026-05-26 00:24:00,0.08333333333333333,0,70,Critical
T00026161,A000291,C00201,B010,2025-10-03 10:35:00,Debit,141566.85,INR,Card,Travel,Bengaluru,D00201-1,Success,30.0,18.0,Yes,1,0,0,0,1,2025-09-24 22:56:40,12218.333333333334,1,Kochi,0,0,0,1,2025-09-24 22:56:40,8.484953703703704,0,70,Critical
T00026162,A000291,C00201,B010,2025-10-03 12:35:00,Debit,60222.55,INR,Card,Travel,Chennai,D00201-1,Success,30.0,18.0,Yes,1,0,1,0,2,2025-10-03 10:35:00,120.0,1,Bengaluru,0,0,0,1,2025-10-03 10:35:00,0.08333333333333333,0,70,Critical
T00026163,A000291,C00201,B010,2025-10-03 14:35:00,Debit,84868.14,INR,Card,Travel,Delhi,D00201-1,Success,30.0,18.0,Yes,1,0,1,0,2,2025-10-03 12:35:00,120.0,1,Chennai,0,0,0,1,2025-10-03 12:35:00,0.08333333333333333,0,70,Critical
T00026102,A000309,C00214,B018,2025-09-02 17:00:00,Debit,88029.97,INR,Mobile Banking,Transfer,Delhi,D00214-2,Success,20.0,12.0,Yes,1,0,0,0,1,,,1,,1,0,0,0,,,0,70,Critical
T00026103,A000309,C00214,B018,2025-09-02 17:12:00,Debit,105395.84,INR,Mobile Banking,Transfer,Delhi,D00214-3,Success,20.0,12.0,Yes,1,0,0,0,1,2025-09-02 17:00:00,12.0,1,Delhi,1,0,0,0,2025-09-02 17:00:00,0.008333333333333333,0,70,Critical
T00026104,A000309,C00214,B018,2025-09-02 17:24:00,Debit,88815.06,INR,Mobile Banking,Transfer,Delhi,D00214-4,Success,20.0,12.0,Yes,1,0,0,0,1,2025-09-02 17:12:00,12.0,1,Delhi,1,0,0,0,2025-09-02 17:12:00,0.008333333333333333,0,70,Critical
T00026105,A000309,C00214,B018,2025-09-02 17:36:00,Debit,42150.55,INR,Mobile Banking,Transfer,Delhi,D00214-5,Success,20.0,12.0,Yes,1,0,0,0,1,2025-09-02 17:24:00,12.0,1,Delhi,1,0,0,0,2025-09-02 17:24:00,0.008333333333333333,0,70,Critical
T00011982,A000324,C00224,B024,2026-01-16 00:15:36,Debit,24043.15,INR,Mobile Banking,Electronics,Mumbai,D00224-1,Success,9.02,6.74,No,1,0,0,0,1,2025-12-13 16:00:33,48015.05,1,Mumbai,0,0,1,0,2025-12-13 16:00:33,33.343784722222225,1,40,High
T00026121,A000360,C00251,B002,2026-01-15 14:15:00,Debit,31945.4,INR,Net Banking,Transfer,Mumbai,D00251-1,Failed,0.0,10.0,No,1,0,0,1,2,,,1,,0,1,1,1,,,0,45,High
T00026122,A000360,C00251,B002,2026-01-15 14:18:00,Debit,69614.24,INR,Net Banking,Transfer,Mumbai,D00251-1,Failed,0.0,10.0,No,1,1,0,1,3,2026-01-15 14:15:00,3.0,1,Mumbai,0,1,1,1,2026-01-15 14:15:00,0.0020833333333333333,0,60,High
T00026123,A000360,C00251,B002,2026-01-15 14:21:00,Debit,22192.52,INR,Net Banking,Transfer,Mumbai,D00251-1,Failed,0.0,10.0,No,1,1,0,1,3,2026-01-15 14:18:00,3.0,1,Mumbai,0,1,1,1,2026-01-15 14:18:00,0.0020833333333333333,0,60,High
T00026124,A000360,C00251,B002,2026-01-15 14:24:00,Debit,53295.96,INR,Net Banking,Transfer,Mumbai,D00251-1,Failed,0.0,10.0,Yes,1,1,0,1,3,2026-01-15 14:21:00,3.0,1,Mumbai,0,1,1,1,2026-01-15 14:21:00,0.0020833333333333333,0,70,Critical
T00026125,A000360,C00251,B002,2026-01-15 14:27:00,Debit,70764.73,INR,Net Banking,Transfer,Mumbai,D00251-1,Failed,0.0,10.0,Yes,1,1,0,1,3,2026-01-15 14:24:00,3.0,1,Mumbai,0,1,1,1,2026-01-15 14:24:00,0.0020833333333333333,0,70,Critical
T00026118,A000366,C00255,B011,2025-12-06 15:21:00,Debit,103660.6,INR,Card,Travel,Bengaluru,D00255-1,Success,30.0,18.0,Yes,1,0,0,0,1,2025-12-01 14:26:47,7254.216666666666,1,Coimbatore,0,0,0,1,2025-12-01 14:26:47,5.037650462962963,0,70,Critical
T00026119,A000366,C00255,B011,2025-12-06 17:21:00,Debit,76614.76,INR,Card,Travel,Hyderabad,D00255-1,Success,30.0,18.0,Yes,1,0,1,0,2,2025-12-06 15:21:00,120.0,1,Bengaluru,0,0,0,1,2025-12-06 15:21:00,0.08333333333333333,0,70,Critical
T00026120,A000366,C00255,B011,2025-12-06 19:21:00,Debit,112378.14,INR,Card,Travel,Kochi,D00255-1,Success,30.0,18.0,Yes,1,0,1,0,2,2025-12-06 17:21:00,120.0,1,Hyderabad,0,0,0,1,2025-12-06 17:21:00,0.08333333333333333,0,70,Critical
T00019271,A000382,C00267,B003,2024-10-23 08:46:22,Credit,26109.49,INR,Mobile Banking,Healthcare,Coimbatore,D00267-1,Failed,32.51,10.83,No,1,0,0,1,2,2024-06-27 09:01:15,169905.11666666667,1,Coimbatore,0,0,1,0,2024-06-27 09:01:15,117.98966435185186,1,40,High
T00007798,A000404,C00283,B011,2026-03-13 04:17:01,Debit,24716.11,INR,UPI,Healthcare,Kolkata,D00283-1,Success,7.66,8.44,No,1,0,0,0,1,2026-01-14 20:20:29,82556.53333333334,1,Kolkata,1,0,0,0,2026-01-14 20:20:29,57.330925925925925,1,40,High
T00004419,A000408,C00286,B017,2025-06-19 07:44:30,Debit,24964.32,INR,Mobile Banking,Travel,Kochi,D00286-1,Failed,2.51,11.53,No,1,0,0,1,2,2025-06-04 00:42:05,22022.416666666668,1,Kochi,1,0,1,0,2025-06-04 00:42:05,15.293344907407407,0,40,High
T00013933,A000407,C00286,B017,2026-01-21 07:23:22,Debit,31290.53,INR,UPI,Healthcare,Kochi,D00286-1,Success,8.6,13.04,No,1,0,0,0,1,2025-12-24 10:08:11,40155.183333333334,1,Kochi,1,0,1,0,2025-12-24 10:08:11,27.885543981481483,0,40,High
T00026081,A000409,C00287,B009,2026-03-30 17:16:00,Debit,77664.28,INR,Net Banking,Transfer,Kolkata,D00287-1,Failed,0.0,10.0,No,1,1,0,1,3,2026-03-30 17:13:00,3.0,1,Kolkata,0,0,1,1,2026-03-30 17:13:00,0.0020833333333333333,0,50,High
T00026082,A000409,C00287,B009,2026-03-30 17:19:00,Debit,35484.94,INR,Net Banking,Transfer,Kolkata,D00287-1,Failed,0.0,10.0,No,1,1,0,1,3,2026-03-30 17:16:00,3.0,1,Kolkata,0,0,1,1,2026-03-30 17:16:00,0.0020833333333333333,0,50,High
T00026083,A000409,C00287,B009,2026-03-30 17:22:00,Debit,53966.5,INR,Net Banking,Transfer,Kolkata,D00287-1,Failed,0.0,10.0,Yes,1,1,0,1,3,2026-03-30 17:19:00,3.0,1,Kolkata,0,0,1,1,2026-03-30 17:19:00,0.0020833333333333333,0,70,Critical
T00026084,A000409,C00287,B009,2026-03-30 17:25:00,Debit,58066.44,INR,Net Banking,Transfer,Kolkata,D00287-1,Failed,0.0,10.0,Yes,1,1,0,1,3,2026-03-30 17:22:00,3.0,1,Kolkata,0,0,1,1,2026-03-30 17:22:00,0.0020833333333333333,0,70,Critical
T00026106,A000452,C00316,B017,2026-02-02 23:26:00,Debit,750473.49,INR,Branch,Transfer,Coimbatore,D00316-1,Success,50.0,25.0,Yes,1,0,0,0,1,2026-01-25 16:26:37,11939.383333333333,1,Coimbatore,0,0,0,0,2026-01-25 16:26:37,8.291238425925926,0,70,Critical
T00007251,A000465,C00325,B024,2025-06-28 14:18:53,Debit,39388.94,INR,UPI,E-Commerce,Coimbatore,D00325-1,Success,18.62,4.08,No,1,0,0,0,1,2025-05-01 23:38:13,82960.66666666667,1,Coimbatore,0,0,1,0,2025-05-01 23:38:13,57.61157407407408,1,40,High
T00016806,A000470,C00329,B022,2025-02-14 15:06:08,Debit,36093.73,INR,UPI,Transfer,Mumbai,D00329-1,Success,0.52,4.88,No,1,0,0,0,1,2024-12-29 01:56:35,68469.55,1,Mumbai,0,0,1,0,2024-12-29 01:56:35,47.548298611111115,1,40,High
T00018031,A000485,C00340,B021,2025-12-18 06:08:03,Debit,51802.04,INR,ATM,Travel,Chennai,D00340-1,Success,5.89,14.84,No,1,0,0,0,1,2025-10-01 04:19:26,112428.61666666667,1,Chennai,0,0,1,0,2025-10-01 04:19:26,78.07542824074073,1,40,High
T00026129,A000500,C00350,B024,2026-01-21 07:34:00,Debit,306315.93,INR,Branch,Transfer,Delhi,D00350-1,Success,50.0,25.0,Yes,1,0,0,0,1,2026-01-16 14:16:22,6797.633333333333,1,Delhi,1,0,0,1,2026-01-16 14:16:22,4.720578703703704,0,70,Critical
T00007604,A000503,C00352,B018,2024-09-29 21:41:07,Debit,29985.86,INR,Net Banking,Grocery,Kochi,D00352-1,Success,24.48,24.8,No,1,0,0,0,1,2024-07-25 00:29:31,96311.6,1,Kochi,1,0,1,0,2024-07-25 00:29:31,66.88305555555556,1,50,High
T00007892,A000503,C00352,B018,2024-12-10 01:48:31,Debit,25012.55,INR,UPI,Utilities,Kochi,D00352-1,Failed,16.95,15.17,No,1,0,0,1,2,2024-12-05 11:31:07,6617.4,1,Kochi,1,0,1,0,2024-12-05 11:31:07,4.595416666666667,0,40,High
T00015141,A000504,C00352,B018,2025-04-10 02:33:11,Debit,24141.79,INR,Card,E-Commerce,Kochi,D00352-1,Failed,17.93,5.3,No,1,0,0,1,2,2025-03-08 17:33:59,46619.2,1,Kochi,1,0,1,0,2025-03-08 17:33:59,32.37444444444444,1,50,High
T00026055,A000504,C00352,B018,2026-01-12 19:34:00,Debit,81128.49,INR,Mobile Banking,Transfer,Kochi,D00352-2,Success,20.0,12.0,Yes,1,0,0,0,1,2025-12-22 07:32:54,30961.1,1,Kochi,1,0,1,0,2025-12-22 07:32:54,21.50076388888889,0,70,Critical
T00026056,A000504,C00352,B018,2026-01-12 19:46:00,Debit,33705.61,INR,Mobile Banking,Transfer,Kochi,D00352-3,Success,20.0,12.0,Yes,1,0,0,0,1,2026-01-12 19:34:00,12.0,1,Kochi,1,0,1,0,2026-01-12 19:34:00,0.008333333333333333,0,70,Critical
T00026057,A000504,C00352,B018,2026-01-12 19:58:00,Debit,67465.12,INR,Mobile Banking,Transfer,Kochi,D00352-4,Success,20.0,12.0,Yes,1,0,0,0,1,2026-01-12 19:46:00,12.0,1,Kochi,1,0,1,0,2026-01-12 19:46:00,0.008333333333333333,0,70,Critical
T00026058,A000504,C00352,B018,2026-01-12 20:10:00,Debit,61339.06,INR,Mobile Banking,Transfer,Kochi,D00352-5,Success,20.0,12.0,Yes,1,0,0,0,1,2026-01-12 19:58:00,12.0,1,Kochi,1,0,1,0,2026-01-12 19:58:00,0.008333333333333333,0,70,Critical
T00002985,A000503,C00352,B018,2026-07-14 16:02:59,Debit,22523.64,INR,Net Banking,Electronics,Kochi,D00352-1,Success,22.19,5.65,No,1,0,0,0,1,2026-07-06 13:13:36,11689.383333333333,1,Kochi,1,0,1,0,2026-07-06 13:13:36,8.117627314814815,0,40,High
T00006857,A000511,C00356,B007,2024-11-11 04:59:32,Debit,22757.57,INR,Net Banking,Electronics,Coimbatore,D00356-1,Success,16.11,10.47,No,1,1,0,0,2,2024-11-11 04:55:36,3.933333333333333,1,Coimbatore,0,0,1,1,2024-11-11 04:55:36,0.0027314814814814814,0,50,High
T00012103,A000533,C00374,B005,2024-11-22 00:20:09,Debit,26249.29,INR,Card,Transfer,Kochi,D00374-1,Success,12.02,19.61,No,1,0,0,0,1,2024-10-02 16:33:28,72466.68333333333,1,Kochi,0,0,1,0,2024-10-02 16:33:28,50.32408564814815,1,40,High
T00026071,A000561,C00394,B010,2026-02-02 10:50:00,Debit,587704.6,INR,Branch,Transfer,Kolkata,D00394-1,Success,50.0,25.0,Yes,1,0,0,0,1,2026-01-17 10:54:07,23035.883333333335,1,Kolkata,0,0,0,0,2026-01-17 10:54:07,15.997141203703704,0,70,Critical
T00011885,A000585,C00410,B006,2024-08-03 05:23:51,Credit,51497.06,INR,UPI,Dining,Pune,D00410-1,Success,17.7,29.53,No,1,0,0,0,1,2024-07-03 04:31:17,44692.566666666666,1,Pune,0,0,1,1,2024-07-03 04:31:17,31.03650462962963,1,45,High
T00016213,A000584,C00410,B006,2024-12-10 18:25:54,Debit,21135.75,INR,UPI,Electronics,Pune,D00410-1,Success,33.5,12.56,No,1,0,0,0,1,2024-10-31 04:17:11,58448.71666666667,1,Pune,0,0,1,1,2024-10-31 04:17:11,40.58938657407408,1,45,High
T00005322,A000584,C00410,B006,2025-11-06 13:21:19,Debit,20642.2,INR,Card,Grocery,Pune,D00410-1,Success,25.66,19.39,No,1,0,0,0,1,2025-09-26 08:22:39,59338.666666666664,1,Pune,0,0,1,1,2025-09-26 08:22:39,41.20740740740741,1,45,High
T00016604,A000592,C00415,B016,2026-06-13 12:14:05,Credit,53851.11,INR,Mobile Banking,ATM,Hyderabad,D00415-1,Success,9.84,13.2,No,1,0,0,0,1,2026-04-29 20:36:40,64297.416666666664,1,Hyderabad,1,0,0,0,2026-04-29 20:36:40,44.650983796296295,1,40,High
T00021610,A000595,C00417,B018,2024-09-21 13:36:23,Credit,250000.0,INR,Net Banking,Electronics,Hyderabad,D00417-1,Success,24.37,22.97,No,1,0,0,0,1,2024-08-08 03:21:24,63974.98333333333,1,Hyderabad,0,0,1,0,2024-08-08 03:21:24,44.427071759259256,1,40,High
T00016570,A000595,C00417,B018,2025-01-04 18:35:51,Debit,52921.08,INR,UPI,Travel,Hyderabad,D00417-1,Success,3.71,5.58,No,1,0,0,0,1,2024-09-21 13:36:23,151499.46666666667,1,Hyderabad,0,0,1,0,2024-09-21 13:36:23,105.20796296296297,1,40,High
T00015976,A000604,C00423,B013,2025-04-29 12:18:21,Credit,29769.03,INR,UPI,Transfer,Madurai,D00423-1,Success,26.07,21.16,No,1,0,0,0,1,2025-03-07 19:40:44,75877.61666666667,1,Madurai,0,0,1,0,2025-03-07 19:40:44,52.69278935185185,1,40,High
T00007752,A000631,C00440,B010,2025-02-21 16:58:22,Credit,29213.97,INR,Branch,Healthcare,Coimbatore,D00440-1,Success,20.37,17.23,No,1,0,0,0,1,2025-01-04 09:37:07,69561.25,1,Coimbatore,0,0,1,0,2025-01-04 09:37:07,48.306423611111114,1,40,High
T00024608,A000634,C00442,B011,2026-04-26 00:32:22,Debit,26841.61,INR,Net Banking,Electronics,Chennai,D00442-1,Success,28.46,15.5,No,1,0,0,0,1,2026-03-22 07:10:38,50001.73333333333,1,Chennai,0,0,1,1,2026-03-22 07:10:38,34.72342592592592,1,45,High
T00019794,A000641,C00446,B017,2026-04-12 07:12:37,Debit,21420.0,INR,UPI,E-Commerce,Chennai,D00446-1,Success,29.49,25.26,No,1,0,0,0,1,2026-02-16 20:59:01,78373.6,1,Chennai,0,0,1,1,2026-02-16 20:59:01,54.42611111111111,1,45,High
T00025627,A000649,C00451,B016,2025-12-27 02:00:32,Debit,64886.23,INR,ATM,Dining,Hyderabad,D00451-1,Success,21.74,23.2,No,1,0,0,0,1,2025-11-18 02:12:14,56148.3,1,Hyderabad,0,0,1,0,2025-11-18 02:12:14,38.991875,1,40,High
T00026067,A000651,C00452,B023,2026-07-17 11:10:00,Debit,25098.06,INR,Net Banking,Transfer,Kolkata,D00452-1,Failed,0.0,10.0,No,1,1,0,1,3,2026-07-17 11:07:00,3.0,1,Kolkata,0,0,1,0,2026-07-17 11:07:00,0.0020833333333333333,0,45,High
T00026068,A000651,C00452,B023,2026-07-17 11:13:00,Debit,43758.05,INR,Net Banking,Transfer,Kolkata,D00452-1,Failed,0.0,10.0,No,1,1,0,1,3,2026-07-17 11:10:00,3.0,1,Kolkata,0,0,1,0,2026-07-17 11:10:00,0.0020833333333333333,0,45,High
T00026069,A000651,C00452,B023,2026-07-17 11:16:00,Debit,11519.04,INR,Net Banking,Transfer,Kolkata,D00452-1,Failed,0.0,10.0,Yes,0,1,0,1,2,2026-07-17 11:13:00,3.0,0,Kolkata,0,0,1,0,2026-07-17 11:13:00,0.0020833333333333333,0,70,Critical
T00026070,A000651,C00452,B023,2026-07-17 11:19:00,Debit,19226.21,INR,Net Banking,Transfer,Kolkata,D00452-1,Failed,0.0,10.0,Yes,0,1,0,1,2,2026-07-17 11:16:00,3.0,0,Kolkata,0,0,1,0,2026-07-17 11:16:00,0.0020833333333333333,0,70,Critical
T00026076,A000662,C00458,B020,2026-02-23 18:14:00,Debit,54178.21,INR,Net Banking,Transfer,Bengaluru,D00458-1,Failed,0.0,10.0,No,1,1,0,1,3,2026-02-23 18:11:00,3.0,1,Bengaluru,0,0,1,0,2026-02-23 18:11:00,0.0020833333333333333,0,45,High
T00026077,A000662,C00458,B020,2026-02-23 18:17:00,Debit,58286.3,INR,Net Banking,Transfer,Bengaluru,D00458-1,Failed,0.0,10.0,No,1,1,0,1,3,2026-02-23 18:14:00,3.0,1,Bengaluru,0,0,1,0,2026-02-23 18:14:00,0.0020833333333333333,0,45,High
T00026078,A000662,C00458,B020,2026-02-23 18:20:00,Debit,32055.8,INR,Net Banking,Transfer,Bengaluru,D00458-1,Failed,0.0,10.0,Yes,1,1,0,1,3,2026-02-23 18:17:00,3.0,1,Bengaluru,0,0,1,0,2026-02-23 18:17:00,0.0020833333333333333,0,70,Critical
T00026079,A000662,C00458,B020,2026-02-23 18:23:00,Debit,42813.51,INR,Net Banking,Transfer,Bengaluru,D00458-1,Failed,0.0,10.0,Yes,1,1,0,1,3,2026-02-23 18:20:00,3.0,1,Bengaluru,0,0,1,0,2026-02-23 18:20:00,0.0020833333333333333,0,70,Critical
T00026037,A000668,C00462,B002,2025-08-19 17:03:00,Debit,848531.34,INR,Branch,Transfer,Chennai,D00462-1,Success,50.0,25.0,Yes,1,0,0,0,1,2025-04-20 10:04:58,174658.03333333333,1,Chennai,0,0,0,0,2025-04-20 10:04:58,121.29030092592592,1,70,Critical
T00012569,A000670,C00463,B011,2025-09-21 03:17:38,Debit,49599.51,USD,Mobile Banking,Utilities,Hyderabad,D00463-1,Success,16.29,25.15,No,1,0,0,0,1,2025-07-18 20:13:12,92584.43333333333,1,Hyderabad,0,0,1,0,2025-07-18 20:13:12,64.29474537037036,1,40,High
T00026112,A000685,C00476,B022,2026-01-30 12:11:00,Debit,58699.83,INR,Card,Electronics,Kolkata,D00476-1,Success,25.0,15.0,Yes,1,0,0,0,1,2025-12-06 01:26:53,79844.11666666667,1,Kolkata,0,0,0,1,2025-12-06 01:26:53,55.44730324074074,1,70,Critical
T00026113,A000685,C00476,B022,2026-01-30 12:13:00,Debit,55001.02,INR,Card,Electronics,Kolkata,D00476-1,Success,25.0,15.0,Yes,1,1,0,0,2,2026-01-30 12:11:00,2.0,1,Kolkata,0,0,0,1,2026-01-30 12:11:00,0.001388888888888889,0,70,Critical
T00026114,A000685,C00476,B022,2026-01-30 12:15:00,Debit,18041.62,INR,Card,Electronics,Kolkata,D00476-1,Success,25.0,15.0,Yes,0,1,0,0,1,2026-01-30 12:13:00,2.0,0,Kolkata,0,0,0,1,2026-01-30 12:13:00,0.001388888888888889,0,70,Critical
T00026115,A000685,C00476,B022,2026-01-30 12:17:00,Debit,33706.22,INR,Card,Electronics,Kolkata,D00476-1,Success,25.0,15.0,Yes,1,1,0,0,2,2026-01-30 12:15:00,2.0,1,Kolkata,0,0,0,1,2026-01-30 12:15:00,0.001388888888888889,0,70,Critical
T00026116,A000685,C00476,B022,2026-01-30 12:19:00,Debit,33000.6,INR,Card,Electronics,Kolkata,D00476-1,Success,25.0,15.0,Yes,1,1,0,0,2,2026-01-30 12:17:00,2.0,1,Kolkata,0,0,0,1,2026-01-30 12:17:00,0.001388888888888889,0,70,Critical
T00026117,A000685,C00476,B022,2026-01-30 12:21:00,Debit,21144.82,INR,Card,Electronics,Kolkata,D00476-1,Success,25.0,15.0,Yes,1,1,0,0,2,2026-01-30 12:19:00,2.0,1,Kolkata,0,0,0,1,2026-01-30 12:19:00,0.001388888888888889,0,70,Critical
T00001496,A000698,C00487,B007,2025-08-24 05:12:12,Debit,25940.74,INR,Card,Grocery,Pune,D00487-1,Success,14.57,29.39,No,1,0,0,0,1,2025-05-05 13:58:04,159314.13333333333,1,Pune,1,0,0,0,2025-05-05 13:58:04,110.63481481481482,1,40,High
T00021776,A000717,C00497,B002,2026-02-20 19:30:09,Debit,23148.44,INR,Card,Dining,Delhi,D00497-1,Success,31.97,18.08,No,1,0,0,0,1,2025-12-29 03:44:12,77265.95,1,Delhi,0,0,1,1,2025-12-29 03:44:12,53.656909722222224,1,45,High
T00019501,A000734,C00507,B025,2024-08-29 05:22:38,Credit,19856.04,INR,Card,ATM,Bengaluru,D00507-1,Success,25.59,23.85,No,1,0,0,0,1,2024-06-23 19:57:39,95604.98333333334,1,Bengaluru,0,0,1,1,2024-06-23 19:57:39,66.39234953703703,1,45,High
T00011788,A000756,C00524,B014,2024-09-05 02:43:50,Debit,24163.03,INR,UPI,Dining,Mumbai,D00524-1,Success,6.34,8.78,No,1,0,0,0,1,2024-07-13 06:45:09,77518.68333333333,1,Mumbai,0,0,1,1,2024-07-13 06:45:09,53.83241898148148,1,45,High
T00018377,A000771,C00535,B005,2024-10-22 19:10:46,Debit,97713.16,INR,Card,Fuel,Bengaluru,D00535-1,Success,0.92,14.03,No,1,0,0,0,1,2024-09-22 15:48:25,43402.35,1,Bengaluru,0,0,1,0,2024-09-22 15:48:25,30.140520833333333,1,40,High
T00013442,A000771,C00535,B005,2025-04-03 20:04:22,Debit,23396.48,INR,UPI,Dining,Bengaluru,D00535-1,Success,10.12,27.74,No,1,0,0,0,1,2025-02-10 08:42:57,75561.41666666667,1,Bengaluru,0,0,1,0,2025-02-10 08:42:57,52.47320601851852,1,40,High
T00013830,A000775,C00537,B023,2024-12-29 19:42:07,Credit,32071.43,INR,UPI,Dining,Coimbatore,D00537-1,Success,14.1,28.16,No,1,0,0,0,1,2024-08-26 23:31:20,179770.78333333333,1,Coimbatore,0,0,1,1,2024-08-26 23:31:20,124.84082175925926,1,45,High
T00012823,A000775,C00537,B023,2025-08-29 15:45:42,Credit,20124.82,INR,Mobile Banking,Healthcare,Coimbatore,D00537-1,Success,20.35,5.28,No,1,0,0,0,1,2025-07-11 08:51:34,70974.13333333333,1,Coimbatore,0,0,1,1,2025-07-11 08:51:34,49.287592592592596,1,45,High
T00012473,A000805,C00558,B019,2024-09-23 17:33:18,Debit,21825.68,INR,UPI,Electronics,Madurai,D00558-1,Success,6.62,10.69,No,1,0,0,0,1,2024-08-20 18:57:33,48875.75,1,Madurai,0,0,1,1,2024-08-20 18:57:33,33.941493055555554,1,45,High
T00018603,A000809,C00561,B009,2025-10-08 01:53:53,Debit,28455.3,INR,Card,Healthcare,Coimbatore,D00561-1,Success,20.92,21.81,No,1,0,0,0,1,2025-09-07 08:51:58,44221.916666666664,1,Coimbatore,0,0,1,0,2025-09-07 08:51:58,30.709664351851853,1,40,High
T00008620,A000810,C00561,B009,2026-03-31 07:04:08,Debit,34412.18,INR,Net Banking,Travel,Coimbatore,D00561-1,Success,33.1,25.08,No,1,0,0,0,1,2026-02-09 20:46:42,71177.43333333333,1,Coimbatore,0,0,1,0,2026-02-09 20:46:42,49.428773148148146,1,40,High
T00026108,A000811,C00562,B003,2026-08-21 04:45:00,Debit,29274.68,INR,Net Banking,Transfer,Chennai,D00562-1,Failed,0.0,10.0,No,1,1,0,1,3,2026-08-21 04:42:00,3.0,1,Chennai,0,0,1,0,2026-08-21 04:42:00,0.0020833333333333333,0,45,High
T00026110,A000811,C00562,B003,2026-08-21 04:51:00,Debit,20599.53,INR,Net Banking,Transfer,Chennai,D00562-1,Failed,0.0,10.0,Yes,1,1,0,1,3,2026-08-21 04:48:00,3.0,1,Chennai,0,0,1,0,2026-08-21 04:48:00,0.0020833333333333333,0,70,Critical
T00026111,A000811,C00562,B003,2026-08-21 04:54:00,Debit,11214.82,INR,Net Banking,Transfer,Chennai,D00562-1,Failed,0.0,10.0,Yes,0,1,0,1,2,2026-08-21 04:51:00,3.0,0,Chennai,0,0,1,0,2026-08-21 04:51:00,0.0020833333333333333,0,70,Critical
T00018755,A000816,C00564,B008,2026-06-29 08:48:59,Credit,37775.68,INR,UPI,Electronics,Pune,D00564-1,Success,6.35,29.03,No,1,1,0,0,2,2026-06-29 08:45:53,3.1,1,Pune,0,0,1,0,2026-06-29 08:45:53,0.0021527777777777778,0,45,High
T00002058,A000829,C00576,B012,2026-06-05 00:01:21,Debit,19994.72,INR,Mobile Banking,E-Commerce,Mumbai,D00576-1,Reversed,29.33,29.46,No,1,0,0,0,1,2026-03-29 17:06:58,96894.38333333333,1,Mumbai,0,0,1,0,2026-03-29 17:06:58,67.2877662037037,1,40,High
T00018814,A000833,C00579,B002,2025-02-02 01:34:12,Debit,31430.59,INR,Card,Fuel,Kolkata,D00579-1,Success,6.03,23.24,No,1,0,0,0,1,2024-12-29 22:05:55,49168.28333333333,1,Kolkata,0,0,1,0,2024-12-29 22:05:55,34.144641203703706,1,40,High
T00018106,A000833,C00579,B002,2026-06-19 12:27:41,Credit,20516.6,INR,Net Banking,Dining,Kolkata,D00579-1,Success,11.93,25.52,No,1,0,0,0,1,2026-05-11 00:27:45,56879.933333333334,1,Kolkata,0,0,1,0,2026-05-11 00:27:45,39.4999537037037,1,40,High
T00011767,A000837,C00582,B014,2024-03-20 12:19:07,Credit,29358.68,INR,UPI,ATM,Madurai,D00582-1,Success,11.96,16.12,No,1,0,0,0,1,2024-02-03 23:02:14,65596.88333333333,1,Madurai,0,0,1,0,2024-02-03 23:02:14,45.553391203703704,1,40,High
T00007663,A000837,C00582,B014,2026-01-11 02:50:08,Debit,40701.11,INR,Card,ATM,Madurai,D00582-1,Failed,22.41,8.15,No,1,0,0,1,2,2025-07-23 06:33:08,247457.0,1,Madurai,0,0,1,0,2025-07-23 06:33:08,171.8451388888889,1,40,High
T00016898,A000842,C00587,B009,2025-08-08 09:03:46,Debit,27360.21,INR,Mobile Banking,Utilities,Chennai,D00587-1,Success,27.08,23.01,No,1,0,0,0,1,2025-06-28 08:57:54,59045.86666666667,1,Chennai,0,0,1,1,2025-06-28 08:57:54,41.004074074074076,1,45,High
T00021357,A000852,C00592,B014,2024-04-14 06:39:28,Credit,46072.64,EUR,UPI,Electronics,Kochi,D00592-1,Success,26.28,2.75,No,1,0,0,0,1,2024-02-02 20:24:31,102854.95,1,Kochi,0,0,1,0,2024-02-02 20:24:31,71.4270486111111,1,40,High
T00018268,A000859,C00596,B008,2025-05-22 14:00:28,Credit,24933.01,INR,UPI,Dining,Kolkata,D00596-1,Success,33.33,5.47,No,1,0,0,0,1,2025-05-18 01:38:01,6502.45,1,Kolkata,1,0,1,1,2025-05-18 01:38:01,4.515590277777778,0,45,High
T00019930,A000859,C00596,B008,2025-07-10 06:48:12,Debit,25702.85,INR,ATM,Dining,Kolkata,D00596-1,Success,11.05,26.27,No,1,0,0,0,1,2025-07-07 19:41:36,3546.6,1,Kolkata,1,0,1,1,2025-07-07 19:41:36,2.4629166666666666,0,45,High
T00026144,A000860,C00596,B008,2025-08-11 00:37:00,Debit,67268.13,INR,Mobile Banking,Transfer,Kolkata,D00596-2,Success,20.0,12.0,Yes,1,0,0,0,1,2025-07-18 21:25:31,33311.48333333333,1,Kolkata,1,0,1,1,2025-07-18 21:25:31,23.132974537037036,0,70,Critical
T00026145,A000860,C00596,B008,2025-08-11 00:49:00,Debit,87367.42,INR,Mobile Banking,Transfer,Kolkata,D00596-3,Success,20.0,12.0,Yes,1,0,0,0,1,2025-08-11 00:37:00,12.0,1,Kolkata,1,0,1,1,2025-08-11 00:37:00,0.008333333333333333,0,70,Critical
T00026146,A000860,C00596,B008,2025-08-11 01:01:00,Debit,96008.24,INR,Mobile Banking,Transfer,Kolkata,D00596-4,Success,20.0,12.0,Yes,1,0,0,0,1,2025-08-11 00:49:00,12.0,1,Kolkata,1,0,1,1,2025-08-11 00:49:00,0.008333333333333333,0,70,Critical
T00026147,A000860,C00596,B008,2025-08-11 01:13:00,Debit,88117.61,INR,Mobile Banking,Transfer,Kolkata,D00596-5,Success,20.0,12.0,Yes,1,0,0,0,1,2025-08-11 01:01:00,12.0,1,Kolkata,1,0,1,1,2025-08-11 01:01:00,0.008333333333333333,0,70,Critical
T00005783,A000859,C00596,B008,2025-09-08 10:26:49,Debit,24655.56,INR,UPI,Utilities,Kolkata,D00596-1,Success,28.14,3.13,No,1,0,0,0,1,2025-08-20 14:03:02,27143.783333333333,1,Kolkata,1,0,1,1,2025-08-20 14:03:02,18.849849537037038,0,45,High
T00020157,A000859,C00596,B008,2026-02-09 20:13:34,Credit,22515.14,INR,UPI,Electronics,Kolkata,D00596-1,Success,20.03,15.13,No,1,0,0,0,1,2026-02-01 07:52:21,12261.216666666667,1,Kolkata,1,0,1,1,2026-02-01 07:52:21,8.514733796296296,0,45,High
T00007017,A000860,C00596,B008,2026-03-01 13:33:34,Credit,31865.72,INR,Card,Electronics,Kolkata,D00596-1,Success,9.63,16.8,No,1,0,0,0,1,2026-02-09 20:13:34,28400.0,1,Kolkata,1,0,1,1,2026-02-09 20:13:34,19.72222222222222,0,45,High
T00018090,A000859,C00596,B008,2026-03-25 01:29:38,Credit,22976.86,INR,UPI,Electronics,Kolkata,D00596-1,Failed,13.9,25.81,No,1,0,0,1,2,2026-03-04 08:06:58,29842.666666666668,1,Kolkata,1,0,1,1,2026-03-04 08:06:58,20.724074074074075,0,45,High
T00026141,A000925,C00645,B003,2025-10-16 03:11:00,Debit,140244.05,INR,Card,Travel,Madurai,D00645-1,Success,30.0,18.0,Yes,1,0,0,0,1,2025-08-09 03:46:15,97884.75,1,Delhi,0,0,0,1,2025-08-09 03:46:15,67.97552083333333,1,70,Critical
T00026142,A000925,C00645,B003,2025-10-16 05:11:00,Debit,139884.95,INR,Card,Travel,Chennai,D00645-1,Success,30.0,18.0,Yes,1,0,1,0,2,2025-10-16 03:11:00,120.0,1,Madurai,0,0,0,1,2025-10-16 03:11:00,0.08333333333333333,0,70,Critical
T00026143,A000925,C00645,B003,2025-10-16 07:11:00,Debit,131690.43,INR,Card,Travel,Mumbai,D00645-1,Success,30.0,18.0,Yes,1,0,1,0,2,2025-10-16 05:11:00,120.0,1,Chennai,0,0,0,1,2025-10-16 05:11:00,0.08333333333333333,0,70,Critical
T00001963,A000946,C00661,B019,2026-02-14 14:58:35,Debit,30267.7,INR,Card,Utilities,Madurai,D00661-1,Success,8.35,13.0,No,1,0,0,0,1,2025-12-21 06:38:50,79699.75,1,Madurai,0,0,1,0,2025-12-21 06:38:50,55.34704861111111,1,40,High
T00017226,A000959,C00671,B021,2024-08-15 11:45:41,Debit,19870.0,INR,Mobile Banking,ATM,Coimbatore,D00671-1,Success,3.49,29.36,No,1,0,0,0,1,2024-05-02 20:14:55,150690.76666666666,1,Coimbatore,0,0,1,0,2024-05-02 20:14:55,104.64636574074073,1,40,High
T00001051,A000972,C00682,B021,2024-04-13 14:41:23,Debit,31912.44,INR,Mobile Banking,Healthcare,Madurai,D00682-1,Success,18.09,5.03,No,1,0,0,0,1,2024-01-31 06:52:25,105588.96666666666,1,Madurai,0,0,1,1,2024-01-31 06:52:25,73.32567129629629,1,45,High
T00009838,A000972,C00682,B021,2025-09-07 14:10:51,Debit,28454.34,INR,Card,Healthcare,Madurai,D00682-1,Failed,1.99,27.09,No,1,0,0,1,2,2025-07-11 21:11:58,83098.88333333333,1,Madurai,0,0,1,1,2025-07-11 21:11:58,57.70755787037037,1,45,High
T00020438,A000977,C00685,B001,2026-05-31 10:20:05,Debit,26595.3,USD,UPI,Fuel,Delhi,D00685-1,Success,8.43,20.92,No,1,0,0,0,1,2026-04-30 16:07:59,44292.1,1,Delhi,1,0,0,1,2026-04-30 16:07:59,30.75840277777778,1,45,High
T00015095,A000979,C00686,B007,2024-11-21 09:05:49,Credit,31202.99,INR,UPI,Transfer,Delhi,D00686-1,Success,6.91,9.28,No,1,0,0,0,1,2024-10-18 04:51:37,49214.2,1,Delhi,1,0,0,1,2024-10-18 04:51:37,34.17652777777778,1,45,High
T00006583,A000994,C00697,B005,2024-10-13 16:27:02,Credit,29436.91,INR,Mobile Banking,Transfer,Coimbatore,D00697-1,Success,1.14,4.35,No,1,0,0,0,1,2024-09-09 21:35:08,48651.9,1,Coimbatore,0,0,1,1,2024-09-09 21:35:08,33.78604166666667,1,45,High
T00013103,A001003,C00704,B003,2026-07-02 12:57:28,Debit,22867.87,INR,Branch,Healthcare,Delhi,D00704-1,Success,29.13,25.93,No,1,0,0,0,1,2026-05-08 07:49:16,79508.2,1,Delhi,0,0,1,1,2026-05-08 07:49:16,55.21402777777778,1,45,High
T00026093,A001011,C00710,B012,2025-09-16 21:32:00,Debit,41143.66,INR,Mobile Banking,Transfer,Kochi,D00710-2,Success,20.0,12.0,Yes,1,0,0,0,1,,,1,,1,0,0,0,,,0,70,Critical
T00026094,A001011,C00710,B012,2025-09-16 21:44:00,Debit,44929.36,INR,Mobile Banking,Transfer,Kochi,D00710-3,Success,20.0,12.0,Yes,1,0,0,0,1,2025-09-16 21:32:00,12.0,1,Kochi,1,0,0,0,2025-09-16 21:32:00,0.008333333333333333,0,70,Critical
T00026095,A001011,C00710,B012,2025-09-16 21:56:00,Debit,108473.88,INR,Mobile Banking,Transfer,Kochi,D00710-4,Success,20.0,12.0,Yes,1,0,0,0,1,2025-09-16 21:44:00,12.0,1,Kochi,1,0,0,0,2025-09-16 21:44:00,0.008333333333333333,0,70,Critical
T00026096,A001011,C00710,B012,2025-09-16 22:08:00,Debit,52151.53,INR,Mobile Banking,Transfer,Kochi,D00710-5,Success,20.0,12.0,Yes,1,0,0,0,1,2025-09-16 21:56:00,12.0,1,Kochi,1,0,0,0,2025-09-16 21:56:00,0.008333333333333333,0,70,Critical
T00006356,A001011,C00710,B012,2026-01-22 06:38:42,Debit,78543.96,USD,UPI,ATM,Kochi,D00710-1,Success,26.48,28.56,No,1,0,0,0,1,2025-12-18 22:00:24,49478.3,1,Kochi,1,0,0,0,2025-12-18 22:00:24,34.35993055555556,1,40,High
T00001872,A001033,C00724,B024,2026-01-08 14:28:24,Debit,100705.98,INR,Card,Fuel,Mumbai,D00724-1,Success,5.05,15.69,No,1,0,0,0,1,2025-10-18 18:56:07,117812.28333333334,1,Mumbai,0,0,1,1,2025-10-18 18:56:07,81.81408564814815,1,45,High
T00026029,A001038,C00728,B016,2026-04-16 20:09:00,Debit,77361.28,INR,Net Banking,Transfer,Madurai,D00728-1,Failed,0.0,10.0,No,1,1,0,1,3,2026-04-16 20:06:00,3.0,1,Madurai,0,0,1,0,2026-04-16 20:06:00,0.0020833333333333333,0,45,High
T00026030,A001038,C00728,B016,2026-04-16 20:12:00,Debit,26767.96,INR,Net Banking,Transfer,Madurai,D00728-1,Failed,0.0,10.0,No,1,1,0,1,3,2026-04-16 20:09:00,3.0,1,Madurai,0,0,1,0,2026-04-16 20:09:00,0.0020833333333333333,0,45,High
T00026031,A001038,C00728,B016,2026-04-16 20:15:00,Debit,18642.2,INR,Net Banking,Transfer,Madurai,D00728-1,Failed,0.0,10.0,Yes,0,1,0,1,2,2026-04-16 20:12:00,3.0,0,Madurai,0,0,1,0,2026-04-16 20:12:00,0.0020833333333333333,0,70,Critical
T00026032,A001038,C00728,B016,2026-04-16 20:18:00,Debit,25909.08,INR,Net Banking,Transfer,Madurai,D00728-1,Failed,0.0,10.0,Yes,1,1,0,1,3,2026-04-16 20:15:00,3.0,1,Madurai,0,0,1,0,2026-04-16 20:15:00,0.0020833333333333333,0,70,Critical
T00025927,A001042,C00732,B020,2026-07-02 02:30:54,Debit,21504.29,INR,UPI,ATM,Kochi,D00732-1,Success,30.45,7.83,No,1,0,0,0,1,2026-05-31 01:42:37,46128.28333333333,1,Kochi,0,0,1,1,2026-05-31 01:42:37,32.03353009259259,1,45,High
T00009368,A001047,C00736,B004,2025-11-25 22:05:12,Credit,56719.7,INR,Net Banking,Dining,Kolkata,D00736-1,Success,11.86,17.45,No,1,0,0,0,1,2025-10-19 22:22:34,53262.63333333333,1,Kolkata,0,0,1,1,2025-10-19 22:22:34,36.987939814814816,1,45,High
T00012076,A001084,C00762,B003,2024-09-08 21:57:10,Debit,21775.78,INR,UPI,Grocery,Mumbai,D00762-1,Success,22.19,8.9,No,1,0,0,0,1,2024-06-14 15:48:03,124209.11666666667,1,Mumbai,1,0,0,1,2024-06-14 15:48:03,86.25633101851852,1,45,High
T00014798,A001108,C00775,B012,2024-07-23 10:06:06,Credit,51790.19,INR,Card,Healthcare,Mumbai,D00775-1,Success,9.38,6.63,No,1,0,0,0,1,2024-01-12 02:58:42,278347.4,1,Mumbai,0,0,1,0,2024-01-12 02:58:42,193.29680555555555,1,40,High
T00018716,A001108,C00775,B012,2024-11-16 15:02:08,Debit,25725.69,INR,Mobile Banking,Dining,Mumbai,D00775-1,Success,27.62,15.86,No,1,0,0,0,1,2024-08-26 01:57:04,118865.06666666667,1,Mumbai,0,0,1,0,2024-08-26 01:57:04,82.54518518518519,1,40,High
T00021010,A001108,C00775,B012,2025-04-25 00:16:38,Debit,19884.24,INR,UPI,Utilities,Mumbai,D00775-1,Failed,2.18,13.27,No,1,0,0,1,2,2025-01-23 01:49:12,132387.43333333332,1,Mumbai,0,0,1,0,2025-01-23 01:49:12,91.9357175925926,1,40,High
T00009133,A001116,C00779,B020,2024-07-31 15:52:01,Debit,21268.01,INR,Card,Electronics,Kolkata,D00779-1,Success,32.01,2.25,No,1,0,0,0,1,2024-06-23 07:22:11,55229.833333333336,1,Kolkata,0,0,1,0,2024-06-23 07:22:11,38.354050925925925,1,40,High
T00008144,A001119,C00780,B013,2024-05-24 01:26:42,Debit,65070.69,INR,Mobile Banking,Grocery,Coimbatore,D00780-1,Success,31.85,6.31,No,1,0,0,0,1,2024-03-21 00:25:27,92221.25,1,Coimbatore,0,0,1,1,2024-03-21 00:25:27,64.04253472222223,1,45,High
T00026090,A001119,C00780,B013,2026-08-19 18:44:00,Debit,49038.67,INR,Net Banking,Transfer,Coimbatore,D00780-1,Failed,0.0,10.0,No,1,1,0,1,3,2026-08-19 18:41:00,3.0,1,Coimbatore,0,0,1,1,2026-08-19 18:41:00,0.0020833333333333333,0,50,High
T00026091,A001119,C00780,B013,2026-08-19 18:47:00,Debit,55099.07,INR,Net Banking,Transfer,Coimbatore,D00780-1,Failed,0.0,10.0,Yes,1,1,0,1,3,2026-08-19 18:44:00,3.0,1,Coimbatore,0,0,1,1,2026-08-19 18:44:00,0.0020833333333333333,0,70,Critical
T00026092,A001119,C00780,B013,2026-08-19 18:50:00,Debit,67374.62,INR,Net Banking,Transfer,Coimbatore,D00780-1,Failed,0.0,10.0,Yes,1,1,0,1,3,2026-08-19 18:47:00,3.0,1,Coimbatore,0,0,1,1,2026-08-19 18:47:00,0.0020833333333333333,0,70,Critical
T00026148,A001138,C00793,B005,2026-05-22 20:37:00,Debit,50217.77,INR,Card,Electronics,Mumbai,D00793-1,Success,25.0,15.0,Yes,1,0,0,0,1,2026-05-08 06:48:31,20988.483333333334,1,Mumbai,0,0,0,1,2026-05-08 06:48:31,14.575335648148148,0,70,Critical
T00026149,A001138,C00793,B005,2026-05-22 20:39:00,Debit,20211.92,INR,Card,Electronics,Mumbai,D00793-1,Success,25.0,15.0,Yes,1,1,0,0,2,2026-05-22 20:37:00,2.0,1,Mumbai,0,0,0,1,2026-05-22 20:37:00,0.001388888888888889,0,70,Critical
T00026150,A001138,C00793,B005,2026-05-22 20:41:00,Debit,40244.24,INR,Card,Electronics,Mumbai,D00793-1,Success,25.0,15.0,Yes,1,1,0,0,2,2026-05-22 20:39:00,2.0,1,Mumbai,0,0,0,1,2026-05-22 20:39:00,0.001388888888888889,0,70,Critical
T00026151,A001138,C00793,B005,2026-05-22 20:43:00,Debit,26966.52,INR,Card,Electronics,Mumbai,D00793-1,Success,25.0,15.0,Yes,1,1,0,0,2,2026-05-22 20:41:00,2.0,1,Mumbai,0,0,0,1,2026-05-22 20:41:00,0.001388888888888889,0,70,Critical
T00026152,A001138,C00793,B005,2026-05-22 20:45:00,Debit,31456.32,INR,Card,Electronics,Mumbai,D00793-1,Success,25.0,15.0,Yes,1,1,0,0,2,2026-05-22 20:43:00,2.0,1,Mumbai,0,0,0,1,2026-05-22 20:43:00,0.001388888888888889,0,70,Critical
T00026153,A001138,C00793,B005,2026-05-22 20:47:00,Debit,31585.52,INR,Card,Electronics,Mumbai,D00793-1,Success,25.0,15.0,Yes,1,1,0,0,2,2026-05-22 20:45:00,2.0,1,Mumbai,0,0,0,1,2026-05-22 20:45:00,0.001388888888888889,0,70,Critical
T00016567,A001141,C00795,B009,2026-07-26 00:48:35,Debit,23684.42,INR,Net Banking,Grocery,Hyderabad,D00795-1,Success,13.11,28.49,No,1,0,0,0,1,2026-06-20 17:44:09,50824.433333333334,1,Hyderabad,0,0,1,0,2026-06-20 17:44:09,35.29474537037037,1,40,High
T00026025,A001150,C00802,B013,2025-08-01 05:41:00,Debit,75462.21,INR,Card,Travel,Delhi,D00802-1,Success,30.0,18.0,Yes,1,0,0,0,1,,,1,,0,0,0,1,,,0,70,Critical
T00026026,A001150,C00802,B013,2025-08-01 07:41:00,Debit,45624.91,INR,Card,Travel,Kolkata,D00802-1,Success,30.0,18.0,Yes,1,0,1,0,2,2025-08-01 05:41:00,120.0,1,Delhi,0,0,0,1,2025-08-01 05:41:00,0.08333333333333333,0,70,Critical
T00026027,A001150,C00802,B013,2025-08-01 09:41:00,Debit,106393.64,INR,Card,Travel,Madurai,D00802-1,Success,30.0,18.0,Yes,1,0,1,0,2,2025-08-01 07:41:00,120.0,1,Kolkata,0,0,0,1,2025-08-01 07:41:00,0.08333333333333333,0,70,Critical
T00021615,A001174,C00819,B006,2024-08-23 13:30:50,Debit,26550.04,INR,UPI,ATM,Madurai,D00819-1,Success,31.7,19.37,No,1,0,0,0,1,2024-07-12 17:24:55,60245.916666666664,1,Madurai,0,0,1,1,2024-07-12 17:24:55,41.83744212962963,1,45,High
T00026011,A001174,C00819,B006,2025-08-28 19:06:00,Debit,37467.76,INR,Card,Electronics,Madurai,D00819-1,Success,25.0,15.0,Yes,1,0,0,0,1,2025-08-13 18:25:26,21640.566666666666,1,Madurai,0,0,1,1,2025-08-13 18:25:26,15.028171296296296,0,70,Critical
T00026012,A001174,C00819,B006,2025-08-28 19:08:00,Debit,51973.06,INR,Card,Electronics,Madurai,D00819-1,Success,25.0,15.0,Yes,1,1,0,0,2,2025-08-28 19:06:00,2.0,1,Madurai,0,0,1,1,2025-08-28 19:06:00,0.001388888888888889,0,70,Critical
T00026013,A001174,C00819,B006,2025-08-28 19:10:00,Debit,32090.16,INR,Card,Electronics,Madurai,D00819-1,Success,25.0,15.0,Yes,1,1,0,0,2,2025-08-28 19:08:00,2.0,1,Madurai,0,0,1,1,2025-08-28 19:08:00,0.001388888888888889,0,70,Critical
T00026014,A001174,C00819,B006,2025-08-28 19:12:00,Debit,55599.71,INR,Card,Electronics,Madurai,D00819-1,Success,25.0,15.0,Yes,1,1,0,0,2,2025-08-28 19:10:00,2.0,1,Madurai,0,0,1,1,2025-08-28 19:10:00,0.001388888888888889,0,70,Critical
T00026015,A001174,C00819,B006,2025-08-28 19:14:00,Debit,20329.0,INR,Card,Electronics,Madurai,D00819-1,Success,25.0,15.0,Yes,1,1,0,0,2,2025-08-28 19:12:00,2.0,1,Madurai,0,0,1,1,2025-08-28 19:12:00,0.001388888888888889,0,70,Critical
T00026016,A001174,C00819,B006,2025-08-28 19:16:00,Debit,19217.38,INR,Card,Electronics,Madurai,D00819-1,Success,25.0,15.0,Yes,0,1,0,0,1,2025-08-28 19:14:00,2.0,0,Madurai,0,0,1,1,2025-08-28 19:14:00,0.001388888888888889,0,70,Critical
T00019583,A001175,C00819,B006,2026-04-01 05:03:19,Debit,20391.01,INR,Net Banking,Travel,Madurai,D00819-1,Success,10.89,4.77,No,1,0,0,0,1,2026-01-23 02:14:39,98088.66666666667,1,Madurai,0,0,1,1,2026-01-23 02:14:39,68.11712962962963,1,45,High
T00026168,A001226,C00854,B012,2026-04-08 06:25:00,Debit,95567.37,INR,Card,Travel,Mumbai,D00854-1,Success,30.0,18.0,Yes,1,0,0,0,1,2026-01-13 09:31:20,122213.66666666667,1,Hyderabad,0,0,0,1,2026-01-13 09:31:20,84.87060185185184,1,70,Critical
T00026169,A001226,C00854,B012,2026-04-08 08:25:00,Debit,137628.98,INR,Card,Travel,Kochi,D00854-1,Success,30.0,18.0,Yes,1,0,1,0,2,2026-04-08 06:25:00,120.0,1,Mumbai,0,0,0,1,2026-04-08 06:25:00,0.08333333333333333,0,70,Critical
T00026170,A001226,C00854,B012,2026-04-08 10:25:00,Debit,87751.22,INR,Card,Travel,Coimbatore,D00854-1,Success,30.0,18.0,Yes,1,0,1,0,2,2026-04-08 08:25:00,120.0,1,Kochi,0,0,0,1,2026-04-08 08:25:00,0.08333333333333333,0,70,Critical
T00002520,A001260,C00877,B011,2025-12-05 08:50:08,Credit,24600.06,INR,UPI,Utilities,Coimbatore,D00877-1,Success,4.2,15.57,No,1,0,0,0,1,2025-10-23 17:48:53,61381.25,1,Coimbatore,0,0,1,1,2025-10-23 17:48:53,42.62586805555556,1,45,High
T00007659,A001260,C00877,B011,2026-06-21 11:34:37,Debit,33203.6,INR,Mobile Banking,Electronics,Coimbatore,D00877-1,Success,29.97,8.65,No,1,0,0,0,1,2026-04-11 03:41:27,102713.16666666667,1,Coimbatore,0,0,1,1,2026-04-11 03:41:27,71.32858796296296,1,45,High
T00022683,A001264,C00879,B025,2024-11-27 12:57:43,Credit,26851.92,INR,Mobile Banking,Electronics,Hyderabad,D00879-1,Success,17.99,17.43,No,1,0,0,0,1,2024-11-17 21:23:15,13894.466666666667,1,Hyderabad,1,0,1,1,2024-11-17 21:23:15,9.648935185185184,0,45,High
T00006594,A001264,C00879,B025,2025-09-08 03:37:53,Credit,26221.63,INR,Net Banking,Fuel,Hyderabad,D00879-1,Success,21.81,21.29,No,1,0,0,0,1,2025-08-22 22:33:10,23344.716666666667,1,Hyderabad,1,0,1,1,2025-08-22 22:33:10,16.211608796296296,0,45,High
T00025869,A001263,C00879,B025,2025-09-27 09:36:06,Debit,19926.42,INR,UPI,Transfer,Hyderabad,D00879-1,Success,9.31,26.06,No,1,0,0,0,1,2025-09-14 15:21:06,18375.0,1,Hyderabad,1,0,1,1,2025-09-14 15:21:06,12.760416666666666,0,45,High
T00006174,A001264,C00879,B025,2026-02-11 22:13:33,Debit,30001.61,INR,Net Banking,Electronics,Hyderabad,D00879-1,Success,32.31,24.25,No,1,0,0,0,1,2025-12-21 02:12:56,76080.61666666667,1,Hyderabad,1,0,1,1,2025-12-21 02:12:56,52.833761574074074,1,55,High
T00011056,A001263,C00879,B025,2026-02-16 07:12:44,Debit,45170.64,INR,Card,Grocery,Hyderabad,D00879-1,Success,18.51,29.35,No,1,0,0,0,1,2026-02-11 22:13:33,6299.183333333333,1,Hyderabad,1,0,1,1,2026-02-11 22:13:33,4.37443287037037,0,45,High
T00010215,A001263,C00879,B025,2026-05-25 04:50:50,Debit,22447.17,INR,Branch,Travel,Hyderabad,D00879-1,Success,28.14,2.32,No,1,0,0,0,1,2026-05-19 19:15:37,7775.216666666666,1,Hyderabad,1,0,1,1,2026-05-19 19:15:37,5.399456018518518,0,45,High
T00012078,A001264,C00879,B025,2026-07-27 03:47:27,Debit,28695.9,INR,UPI,Fuel,Hyderabad,D00879-1,Success,3.05,16.56,No,1,0,0,0,1,2026-07-16 19:48:41,14878.766666666666,1,Hyderabad,1,0,1,1,2026-07-16 19:48:41,10.332476851851851,0,45,High
T00009485,A001271,C00884,B019,2024-09-24 05:50:16,Debit,20117.91,INR,ATM,Healthcare,Chennai,D00884-1,Success,10.29,7.89,No,1,0,0,0,1,2024-08-14 21:46:48,58083.46666666667,1,Chennai,1,0,0,0,2024-08-14 21:46:48,40.33574074074074,1,40,High
T00026059,A001271,C00884,B019,2025-06-03 06:19:00,Debit,64537.49,INR,Mobile Banking,Transfer,Chennai,D00884-2,Success,20.0,12.0,Yes,1,0,0,0,1,2025-05-04 12:50:51,42808.15,1,Chennai,1,0,0,0,2025-05-04 12:50:51,29.727881944444444,0,70,Critical
T00026060,A001271,C00884,B019,2025-06-03 06:31:00,Debit,71159.66,INR,Mobile Banking,Transfer,Chennai,D00884-3,Success,20.0,12.0,Yes,1,0,0,0,1,2025-06-03 06:19:00,12.0,1,Chennai,1,0,0,0,2025-06-03 06:19:00,0.008333333333333333,0,70,Critical
T00026061,A001271,C00884,B019,2025-06-03 06:43:00,Debit,49041.81,INR,Mobile Banking,Transfer,Chennai,D00884-4,Success,20.0,12.0,Yes,1,0,0,0,1,2025-06-03 06:31:00,12.0,1,Chennai,1,0,0,0,2025-06-03 06:31:00,0.008333333333333333,0,70,Critical
T00026062,A001271,C00884,B019,2025-06-03 06:55:00,Debit,26892.16,INR,Mobile Banking,Transfer,Chennai,D00884-5,Success,20.0,12.0,Yes,1,0,0,0,1,2025-06-03 06:43:00,12.0,1,Chennai,1,0,0,0,2025-06-03 06:43:00,0.008333333333333333,0,70,Critical
T00021702,A001278,C00888,B024,2025-08-02 16:30:26,Credit,27932.77,INR,Net Banking,Healthcare,Bengaluru,D00888-1,Success,32.4,2.74,No,1,0,0,0,1,2025-04-13 17:33:18,159777.13333333333,1,Bengaluru,0,0,1,1,2025-04-13 17:33:18,110.95634259259259,1,45,High
T00003813,A001299,C00904,B003,2025-08-02 01:20:42,Debit,32409.22,INR,UPI,Utilities,Bengaluru,D00904-1,Success,33.32,24.63,No,1,0,0,0,1,2025-03-04 23:02:12,216138.5,1,Bengaluru,0,0,1,1,2025-03-04 23:02:12,150.09618055555555,1,45,High
T00026017,A001302,C00906,B006,2025-07-24 17:31:00,Debit,70027.33,INR,Mobile Banking,Transfer,Pune,D00906-2,Success,20.0,12.0,Yes,1,0,0,0,1,2025-07-20 16:07:02,5843.966666666666,1,Pune,1,0,1,0,2025-07-20 16:07:02,4.058310185185185,0,70,Critical
T00026018,A001302,C00906,B006,2025-07-24 17:43:00,Debit,67065.74,INR,Mobile Banking,Transfer,Pune,D00906-3,Success,20.0,12.0,Yes,1,0,0,0,1,2025-07-24 17:31:00,12.0,1,Pune,1,0,1,0,2025-07-24 17:31:00,0.008333333333333333,0,70,Critical
T00026019,A001302,C00906,B006,2025-07-24 17:55:00,Debit,91029.56,INR,Mobile Banking,Transfer,Pune,D00906-4,Success,20.0,12.0,Yes,1,0,0,0,1,2025-07-24 17:43:00,12.0,1,Pune,1,0,1,0,2025-07-24 17:43:00,0.008333333333333333,0,70,Critical
T00026020,A001302,C00906,B006,2025-07-24 18:07:00,Debit,67455.11,INR,Mobile Banking,Transfer,Pune,D00906-5,Success,20.0,12.0,Yes,1,0,0,0,1,2025-07-24 17:55:00,12.0,1,Pune,1,0,1,0,2025-07-24 17:55:00,0.008333333333333333,0,70,Critical
T00007724,A001321,C00917,B011,2025-09-15 06:41:02,Credit,25690.72,INR,Net Banking,Transfer,Bengaluru,D00917-1,Success,7.3,2.58,No,1,0,0,0,1,2025-07-30 00:20:55,68060.11666666667,1,Bengaluru,1,0,0,1,2025-07-30 00:20:55,47.26396990740741,1,45,High
T00005354,A001330,C00924,B013,2026-04-23 08:38:30,Credit,27631.41,USD,Mobile Banking,Healthcare,Pune,D00924-1,Success,13.35,25.36,No,1,0,0,0,1,2025-11-20 22:30:41,220927.81666666668,1,Pune,0,0,1,1,2025-11-20 22:30:41,153.4220949074074,1,45,High
T00004797,A001346,C00937,B002,2024-03-20 03:31:54,Debit,20192.55,INR,Card,Transfer,Chennai,D00937-1,Failed,0.46,17.63,No,1,0,0,1,2,2024-01-12 15:18:34,97213.33333333333,1,Chennai,0,0,1,0,2024-01-12 15:18:34,67.50925925925925,1,40,High
T00000209,A001353,C00942,B021,2026-04-27 09:30:21,Credit,21810.71,INR,UPI,Utilities,Kochi,D00942-1,Success,6.7,20.11,No,1,0,0,0,1,2026-03-24 14:54:41,48635.666666666664,1,Kochi,0,0,1,1,2026-03-24 14:54:41,33.77476851851852,1,45,High
T00001682,A001357,C00944,B011,2025-04-17 05:30:32,Debit,35534.4,INR,Branch,E-Commerce,Hyderabad,D00944-1,Failed,9.17,23.97,No,1,0,0,1,2,2025-02-27 06:54:51,70475.68333333333,1,Hyderabad,0,0,1,1,2025-02-27 06:54:51,48.94144675925926,1,45,High
T00026049,A001364,C00950,B020,2025-12-13 01:08:00,Debit,38268.22,INR,Card,Electronics,Hyderabad,D00950-1,Success,25.0,15.0,Yes,1,0,0,0,1,2025-12-08 05:07:01,6960.983333333334,1,Hyderabad,0,1,0,0,2025-12-08 05:07:01,4.834016203703704,0,70,Critical
T00026050,A001364,C00950,B020,2025-12-13 01:10:00,Debit,44762.15,INR,Card,Electronics,Hyderabad,D00950-1,Success,25.0,15.0,Yes,1,1,0,0,2,2025-12-13 01:08:00,2.0,1,Hyderabad,0,1,0,0,2025-12-13 01:08:00,0.001388888888888889,0,70,Critical
T00026051,A001364,C00950,B020,2025-12-13 01:12:00,Debit,49295.77,INR,Card,Electronics,Hyderabad,D00950-1,Success,25.0,15.0,Yes,1,1,0,0,2,2025-12-13 01:10:00,2.0,1,Hyderabad,0,1,0,0,2025-12-13 01:10:00,0.001388888888888889,0,70,Critical
T00026052,A001364,C00950,B020,2025-12-13 01:14:00,Debit,53372.7,INR,Card,Electronics,Hyderabad,D00950-1,Success,25.0,15.0,Yes,1,1,0,0,2,2025-12-13 01:12:00,2.0,1,Hyderabad,0,1,0,0,2025-12-13 01:12:00,0.001388888888888889,0,70,Critical
T00026053,A001364,C00950,B020,2025-12-13 01:16:00,Debit,61242.24,INR,Card,Electronics,Hyderabad,D00950-1,Success,25.0,15.0,Yes,1,1,0,0,2,2025-12-13 01:14:00,2.0,1,Hyderabad,0,1,0,0,2025-12-13 01:14:00,0.001388888888888889,0,70,Critical
T00026054,A001364,C00950,B020,2025-12-13 01:18:00,Debit,26646.57,INR,Card,Electronics,Hyderabad,D00950-1,Success,25.0,15.0,Yes,1,1,0,0,2,2025-12-13 01:16:00,2.0,1,Hyderabad,0,1,0,0,2025-12-13 01:16:00,0.001388888888888889,0,70,Critical
T00026164,A001382,C00961,B023,2025-12-18 00:00:00,Debit,65072.91,INR,Mobile Banking,Transfer,Pune,D00961-2,Success,20.0,12.0,Yes,1,0,0,0,1,2025-10-21 01:32:07,83427.88333333333,1,Pune,1,0,0,0,2025-10-21 01:32:07,57.936030092592596,1,70,Critical
T00026165,A001382,C00961,B023,2025-12-18 00:12:00,Debit,68162.44,INR,Mobile Banking,Transfer,Pune,D00961-3,Success,20.0,12.0,Yes,1,0,0,0,1,2025-12-18 00:00:00,12.0,1,Pune,1,0,0,0,2025-12-18 00:00:00,0.008333333333333333,0,70,Critical
T00026166,A001382,C00961,B023,2025-12-18 00:24:00,Debit,88892.04,INR,Mobile Banking,Transfer,Pune,D00961-4,Success,20.0,12.0,Yes,1,0,0,0,1,2025-12-18 00:12:00,12.0,1,Pune,1,0,0,0,2025-12-18 00:12:00,0.008333333333333333,0,70,Critical
T00026167,A001382,C00961,B023,2025-12-18 00:36:00,Debit,84369.28,INR,Mobile Banking,Transfer,Pune,D00961-5,Success,20.0,12.0,Yes,1,0,0,0,1,2025-12-18 00:24:00,12.0,1,Pune,1,0,0,0,2025-12-18 00:24:00,0.008333333333333333,0,70,Critical
T00024267,A001384,C00962,B015,2025-04-15 02:40:24,Debit,24055.26,INR,ATM,Fuel,Pune,D00962-1,Success,18.93,13.1,No,1,0,0,0,1,2025-01-04 23:25:47,144194.61666666667,1,Pune,0,1,1,0,2025-01-04 23:25:47,100.13515046296297,1,50,High
T00026044,A001384,C00962,B015,2026-08-23 13:36:00,Debit,50680.12,INR,Net Banking,Transfer,Pune,D00962-1,Failed,0.0,10.0,No,1,0,0,1,2,2026-08-20 10:50:20,4485.666666666667,1,Pune,0,1,1,0,2026-08-20 10:50:20,3.1150462962962964,0,40,High
T00026045,A001384,C00962,B015,2026-08-23 13:39:00,Debit,29613.28,INR,Net Banking,Transfer,Pune,D00962-1,Failed,0.0,10.0,No,1,1,0,1,3,2026-08-23 13:36:00,3.0,1,Pune,0,1,1,0,2026-08-23 13:36:00,0.0020833333333333333,0,55,High
T00026046,A001384,C00962,B015,2026-08-23 13:42:00,Debit,37838.49,INR,Net Banking,Transfer,Pune,D00962-1,Failed,0.0,10.0,No,1,1,0,1,3,2026-08-23 13:39:00,3.0,1,Pune,0,1,1,0,2026-08-23 13:39:00,0.0020833333333333333,0,55,High
T00026047,A001384,C00962,B015,2026-08-23 13:45:00,Debit,38240.3,INR,Net Banking,Transfer,Pune,D00962-1,Failed,0.0,10.0,Yes,1,1,0,1,3,2026-08-23 13:42:00,3.0,1,Pune,0,1,1,0,2026-08-23 13:42:00,0.0020833333333333333,0,70,Critical
T00026048,A001384,C00962,B015,2026-08-23 13:48:00,Debit,11939.96,INR,Net Banking,Transfer,Pune,D00962-1,Failed,0.0,10.0,Yes,0,1,0,1,2,2026-08-23 13:45:00,3.0,0,Pune,0,1,1,0,2026-08-23 13:45:00,0.0020833333333333333,0,70,Critical
T00005384,A001397,C00972,B012,2024-10-23 13:28:05,Credit,34862.33,INR,UPI,Electronics,Mumbai,D00972-1,Success,11.46,13.56,No,1,0,0,0,1,2024-09-17 12:48:51,51879.23333333333,1,Mumbai,0,0,1,1,2024-09-17 12:48:51,36.02724537037037,1,45,High
T00000495,A001396,C00972,B012,2026-08-20 11:40:28,Debit,22808.51,INR,Net Banking,E-Commerce,Mumbai,D00972-1,Success,11.89,17.4,No,1,0,0,0,1,2026-07-21 09:59:40,43300.8,1,Mumbai,0,0,1,1,2026-07-21 09:59:40,30.07,1,45,High
T00018219,A001410,C00981,B014,2026-08-02 22:56:45,Debit,31042.41,INR,UPI,Utilities,Chennai,D00981-1,Success,5.44,4.44,No,1,0,0,0,1,2026-06-08 00:47:37,80529.13333333333,1,Chennai,0,0,1,0,2026-06-08 00:47:37,55.92300925925926,1,40,High
T00016051,A001412,C00983,B007,2024-06-23 01:23:07,Debit,36581.2,INR,Card,Electronics,Chennai,D00983-1,Failed,7.23,11.67,No,1,0,0,1,2,2024-06-10 07:57:22,18325.75,1,Chennai,1,0,1,0,2024-06-10 07:57:22,12.726215277777778,0,40,High
T00018516,A001412,C00983,B007,2025-06-06 07:03:48,Debit,20551.18,INR,UPI,Fuel,Chennai,D00983-1,Failed,25.44,27.41,No,1,0,0,1,2,2025-04-11 08:24:02,80559.76666666666,1,Chennai,1,0,1,0,2025-04-11 08:24:02,55.94428240740741,1,50,High
T00011571,A001412,C00983,B007,2025-11-08 15:07:39,Debit,36519.34,INR,Net Banking,Travel,Chennai,D00983-1,Success,20.66,4.8,No,1,0,0,0,1,2025-11-03 18:56:58,6970.683333333333,1,Chennai,1,0,1,0,2025-11-03 18:56:58,4.840752314814814,0,40,High
T00009493,A001412,C00983,B007,2026-01-20 16:49:17,Debit,20063.16,INR,Branch,Fuel,Chennai,D00983-1,Success,6.35,19.94,No,1,0,0,0,1,2025-12-03 11:02:32,69466.75,1,Chennai,1,0,1,0,2025-12-03 11:02:32,48.24079861111111,1,50,High
