customer_id,customer_name,customer_segment,city,state,annual_income,declared_risk_segment,total_transactions,total_transaction_value,transaction_fee_revenue,transaction_operational_cost,net_transaction_profit,number_of_accounts,total_account_balance,monthly_account_service_cost,annual_account_service_cost,total_complaints,complaint_service_cost,total_loans,total_loan_amount,total_outstanding_balance,estimated_interest_revenue,defaulted_loans,total_payments_made,payment_records,delayed_payment_records,max_days_late,suspicious_transactions,max_fraud_risk_score,confirmed_fraud_transactions,customer_fraud_risk_level,max_loan_risk_score,average_loan_risk_score,customer_loan_risk_level,customer_revenue,customer_operational_cost,customer_profit,profit_margin_pct,profitability_segment,high_value_customer_flag,combined_risk_level
C00025,Vijay Sharma,Retail,Hyderabad,Telangana,43811.0,Low,46,495487.41000000003,986.86,623.94,362.91999999999996,3,370191.69,320.46000000000004,3845.5200000000004,1.0,499.18,1.0,1932918.89,1734777.59,304453.46704500006,1.0,388045.56,4.0,4.0,19.0,2,40,0,High,70.0,70.0,Critical,305440.32704500004,4968.640000000001,300471.687045,98.37328618389411,High Profit,1,Critical
C00811,Naveen Rao,Premium,Chennai,Tamil Nadu,16262.0,Low,21,139085.06,379.2,323.8,55.39999999999998,1,855743.3,82.18,986.1600000000001,5.0,2134.1099999999997,1.0,1350361.48,1239937.36,225916.58699200003,1.0,1355253.04,19.0,19.0,53.0,0,20,0,Medium,85.0,85.0,Critical,226295.78699200004,3444.0699999999997,222851.71699200003,98.47806711482359,High Profit,1,Critical
C00724,Kavya Reddy,Retail,Mumbai,Maharashtra,24142.0,Medium,45,425884.58,861.0,786.27,74.73000000000002,2,195902.58000000002,250.88,3010.56,2.0,629.6800000000001,1.0,1432477.74,1336208.4,212590.75643999997,0.0,533114.8,9.0,9.0,9.0,1,45,0,High,35.0,35.0,Medium,213451.75643999997,4426.51,209025.24643999996,97.92622460745865,High Profit,1,High
C00418,Rahul Gupta,Retail,Mumbai,Maharashtra,58442.0,Low,22,324379.92,432.17,354.57,77.60000000000002,1,303064.28,82.82,993.8399999999999,3.0,844.74,1.0,1908292.93,1044551.23,186243.484309,1.0,800625.26,17.0,17.0,58.0,0,35,0,Medium,70.0,70.0,Critical,186675.654309,2193.1499999999996,184482.504309,98.82515478083194,High Profit,1,Critical
C00097,Vishal Singh,Retail,Kolkata,West Bengal,76354.0,Low,31,294716.04,554.39,444.99,109.39999999999998,2,296313.85,222.79000000000002,2673.4800000000005,2.0,554.54,1.0,1711937.96,1001711.0,183713.7974,1.0,743042.04,17.0,15.0,58.0,0,25,0,Medium,70.0,70.0,Critical,184268.18740000002,3673.01,180595.17740000002,98.00670422180535,High Profit,1,Critical
C00932,Anitha Gupta,Sme Owner,Delhi,Delhi,41072.0,Low,32,326957.25,581.78,508.86,72.91999999999996,2,1038435.65,177.68,2132.16,3.0,1404.69,1.0,1699609.56,1056881.04,178084.45524,1.0,1244027.87,19.0,18.0,54.0,0,20,0,Medium,70.0,70.0,Critical,178666.23524,4045.71,174620.52524000002,97.73560460678793,High Profit,1,Critical
C00854,Naveen Kumar,Senior Citizen,Hyderabad,Telangana,29964.0,Medium,21,459266.7,414.88,385.67,29.20999999999998,1,79534.33,44.19,530.28,1.0,132.83,1.0,1745649.37,1044156.59,169884.277193,1.0,1744223.41,20.0,18.0,58.0,3,70,3,Critical,70.0,70.0,Critical,170299.157193,1048.78,169250.377193,99.3841543215558,High Profit,1,Critical
C00446,Meena Iyer,Senior Citizen,Chennai,Tamil Nadu,52087.0,Low,39,257246.48,688.81,740.02,-51.210000000000036,2,297306.32,245.13,2941.56,4.0,1276.51,1.0,1450779.99,1012098.75,155053.52850000001,1.0,866657.35,12.0,12.0,41.0,1,45,0,High,70.0,70.0,Critical,155742.3385,4958.09,150784.24850000002,96.81647903341326,High Profit,1,Critical
C00671,Sanjay Gupta,Mass Affluent,Coimbatore,Tamil Nadu,23325.0,Medium,40,284497.07,739.92,650.43,89.49000000000001,2,440826.66,197.98000000000002,2375.76,3.0,674.59,1.0,1222164.57,705442.61,120348.50926599998,0.0,902395.38,24.0,23.0,10.0,1,40,0,High,40.0,40.0,Medium,121088.42926599998,3700.78,117387.64926599998,96.94373771099933,High Profit,1,High
C00034,Kavya Patel,Senior Citizen,Delhi,Delhi,92875.0,Low,40,489196.25,687.06,666.41,20.649999999999977,2,200389.43000000002,192.11,2305.32,0.0,0.0,1.0,1205059.9,622906.49,118227.651802,0.0,805106.77,24.0,22.0,10.0,0,35,0,Medium,60.0,60.0,High,118914.71180199999,2971.73,115942.981802,97.50095681605141,High Profit,1,High
C00350,Rohit Reddy,Sme Owner,Delhi,Delhi,49454.0,Medium,22,464686.24,448.81,341.63,107.18,1,32170.09,61.38,736.5600000000001,3.0,895.86,1.0,1035295.79,676463.38,112495.860094,0.0,573397.0700000001,10.0,10.0,9.0,1,70,1,Critical,50.0,50.0,High,112944.670094,1974.0500000000002,110970.620094,98.25219729416442,High Profit,1,Critical
C00044,Suresh Kumar,Mass Affluent,Coimbatore,Tamil Nadu,24889.0,Low,62,496436.3,1065.13,1019.53,45.600000000000136,3,408155.66000000003,459.98,5519.76,1.0,291.97,1.0,862768.54,685635.27,114912.47125200002,1.0,465825.0,19.0,18.0,59.0,0,35,0,Medium,90.0,90.0,Critical,115977.60125200002,6831.26,109146.34125200003,94.10984541303212,High Profit,1,Critical
C00818,Deepa Nair,Senior Citizen,Kolkata,West Bengal,36324.0,Low,24,156430.18,362.04,353.52,8.520000000000039,1,430519.17,39.52,474.24,2.0,494.65000000000003,1.0,718686.48,586258.3,108457.78550000001,0.0,623702.39,24.0,20.0,10.0,0,20,0,Medium,55.0,55.0,High,108819.8255,1322.41,107497.4155,98.78477107096629,High Profit,1,High
C00974,Priya Reddy,Student,Hyderabad,Telangana,90219.0,Low,44,292623.38,707.07,753.4399999999999,-46.36999999999989,2,295317.55,158.61,1903.3200000000002,4.0,2006.8000000000002,1.0,818108.14,648264.89,107093.35982799999,1.0,409574.96,18.0,16.0,47.0,0,20,0,Medium,70.0,70.0,Critical,107800.429828,4663.56,103136.869828,95.67389480038169,High Profit,1,Critical
C00208,Rohit Iyer,Retail,Delhi,Delhi,47851.0,Low,18,132201.05,280.29,325.77,-45.47999999999996,1,329971.66,66.95,803.4000000000001,0.0,0.0,1.0,934632.68,647224.43,101614.23551000001,1.0,414944.66000000003,19.0,17.0,57.0,0,35,0,Medium,70.0,70.0,Critical,101894.52551,1129.17,100765.35551000001,98.89182466442794,High Profit,1,Critical
C00585,Meena Iyer,Student,Hyderabad,Telangana,31124.0,Low,19,219196.9,337.51,300.85,36.65999999999997,1,341334.78,82.16,985.92,2.0,318.34000000000003,1.0,836301.5,644348.98,99874.0919,1.0,847182.69,21.0,18.0,51.0,0,30,0,Medium,70.0,70.0,Critical,100211.6019,1605.1100000000001,98606.4919,98.39827927149422,High Profit,1,Critical
C00344,Sanjay Verma,Retail,Kolkata,West Bengal,23243.0,Low,35,386001.74,650.74,616.15,34.59000000000003,2,123428.51,178.77,2145.2400000000002,0.0,0.0,1.0,1466176.09,675227.3,98515.66307000001,1.0,658498.9400000001,12.0,12.0,39.0,0,30,0,Medium,70.0,70.0,Critical,99166.40307000001,2761.3900000000003,96405.01307000002,97.21539764021614,High Profit,1,Critical
C00879,Meena Verma,Premium,Hyderabad,Telangana,44727.0,Low,46,362340.20999999996,772.52,759.83,12.68999999999994,2,109195.78,218.36,2620.32,2.0,401.39,1.0,1779917.46,760174.57,96238.10056199999,0.0,1338064.91,24.0,19.0,10.0,7,55,0,High,30.0,30.0,Medium,97010.620562,3781.54,93229.080562,96.10193195539534,High Profit,1,High
C00408,Suresh Kumar,Retail,Kolkata,West Bengal,55419.0,Low,59,336667.41000000003,1131.14,966.97,164.17000000000007,3,201446.64999999997,241.38,2896.56,2.0,607.79,1.0,1353487.69,648438.05,96098.51901,1.0,928838.4,18.0,17.0,59.0,0,25,0,Medium,70.0,70.0,Critical,97229.65901,4471.32,92758.33901,95.4012797684088,High Profit,1,Critical
C00957,Karthik Nair,Student,Delhi,Delhi,69664.0,Low,42,320527.77,741.01,647.09,93.91999999999996,2,190666.96000000002,157.63,1891.56,3.0,627.5,1.0,1411031.04,518326.91,94594.661075,1.0,1303166.7,17.0,16.0,43.0,0,35,0,Medium,70.0,70.0,Critical,95335.67107499999,3166.15,92169.521075,96.67894507449452,High Profit,1,Critical
C00810,Anitha Gupta,Student,Hyderabad,Telangana,18923.0,Low,18,125750.65999999999,248.82,306.02,-57.19999999999999,1,333059.32,145.28,1743.3600000000001,2.0,1568.71,1.0,724365.27,575863.52,95247.826208,1.0,258460.14,13.0,12.0,58.0,0,25,0,Medium,70.0,70.0,Critical,95496.646208,3618.09,91878.55620800001,96.2112910309756,High Profit,1,Critical
C00775,Ajay Singh,Sme Owner,Mumbai,Maharashtra,38744.0,High,36,439848.49,550.05,478.54,71.50999999999993,2,125577.49,193.05,2316.6000000000004,7.0,2718.45,1.0,813028.46,516625.42,89944.485622,1.0,289696.55,4.0,3.0,47.0,3,40,0,High,70.0,70.0,Critical,90494.535622,5513.59,84980.945622,93.90726748073439,High Profit,1,Critical
C00748,Rohit Reddy,Mass Affluent,Madurai,Tamil Nadu,16799.0,Low,52,339668.46,883.24,830.76,52.48000000000002,3,385767.18000000005,327.15,3925.7999999999997,3.0,920.23,1.0,1945035.02,680078.07,89634.289626,1.0,767101.84,19.0,18.0,57.0,0,35,0,Medium,70.0,70.0,Critical,90517.529626,5676.789999999999,84840.73962600001,93.72851863782039,High Profit,1,Critical
C00006,Meena Iyer,Retail,Hyderabad,Telangana,25706.0,Low,47,369184.77,995.8,726.98,268.81999999999994,2,107220.08,270.89,3250.68,1.0,83.32,1.0,1645034.15,458940.06,77560.87014,1.0,1351485.9100000001,22.0,20.0,58.0,0,30,0,Medium,70.0,70.0,Critical,78556.67014,4060.98,74495.69014,94.83050899081809,High Profit,1,Critical
C00445,Anitha Iyer,Retail,Chennai,Tamil Nadu,54799.0,Low,52,387019.76,990.24,839.98,150.26,3,355415.54,299.65,3595.7999999999997,2.0,182.2,1.0,1061697.78,514138.85,73521.85555000001,1.0,171927.33000000002,3.0,3.0,9.0,0,35,0,Medium,70.0,70.0,Critical,74512.09555000001,4617.98,69894.11555000002,93.80237535139354,High Profit,1,Critical
C00346,Rohit Verma,Premium,Mumbai,Maharashtra,24576.0,Low,44,440254.06,718.98,661.31,57.67000000000007,2,158505.19,321.94,3863.2799999999997,5.0,1826.4,1.0,1389059.35,479619.56,73046.05898799999,1.0,483402.06,15.0,15.0,57.0,0,30,0,Medium,70.0,70.0,Critical,73765.03898799999,6350.99,67414.04898799998,91.39024382399747,High Profit,1,Critical
C00435,Pooja Sharma,Premium,Hyderabad,Telangana,85472.0,High,21,309137.58999999997,366.34,344.76,21.579999999999984,1,12012.96,170.53,2046.3600000000001,2.0,568.98,1.0,516075.76,427205.32,68011.08694400001,1.0,215684.9,11.0,10.0,44.0,0,35,0,Medium,70.0,70.0,Critical,68377.426944,2960.1,65417.32694400001,95.67093976434026,High Profit,1,Critical
C00699,Priya Singh,Retail,Kochi,Kerala,79180.0,Low,17,118845.83,278.88,273.32,5.560000000000002,1,288420.58,136.97,1643.6399999999999,1.0,304.88,1.0,827588.28,400470.08,66277.79824,1.0,234352.03,12.0,12.0,36.0,0,5,0,Low,70.0,70.0,Critical,66556.67824000001,2221.8399999999997,64334.83824000001,96.66173243804603,High Profit,1,Critical
C00054,Lakshmi Singh,Premium,Kolkata,West Bengal,31983.0,Low,56,515688.6,906.34,898.6899999999999,7.650000000000091,3,279175.27999999997,325.12,3901.44,1.0,157.26,1.0,515237.52,384408.67,64849.742629,1.0,175438.91,9.0,8.0,56.0,0,30,0,Medium,70.0,70.0,Critical,65756.082629,4957.39,60798.692629,92.46094079543956,High Profit,1,Critical
C00370,Meena Sharma,Senior Citizen,Delhi,Delhi,75121.0,Low,12,69921.81,192.15,234.54,-42.389999999999986,1,332266.27,168.96,2027.52,2.0,294.09,1.0,742920.8,448899.36,61095.202895999995,1.0,666780.7,10.0,9.0,37.0,0,0,0,Low,70.0,70.0,Critical,61287.352896,2556.15,58731.202895999995,95.82923738876829,High Profit,1,Critical
C00859,Rahul Rao,Mass Affluent,Pune,Maharashtra,24258.0,Medium,38,310467.74,754.25,535.54,218.71000000000004,2,70960.61,265.18,3182.16,1.0,227.61,1.0,1871535.27,414996.09,58680.44712600001,1.0,1640461.28,10.0,9.0,48.0,0,20,0,Medium,70.0,70.0,Critical,59434.69712600001,3945.31,55489.38712600001,93.36194144030709,High Profit,1,Critical
C00596,Geetha Verma,Senior Citizen,Kolkata,West Bengal,25192.0,Low,47,734725.68,844.6800000000001,742.57,102.11000000000001,2,114390.16999999998,246.10000000000002,2953.2000000000003,4.0,1204.49,1.0,771070.43,317898.47,50609.436424,1.0,741850.6799999999,19.0,18.0,57.0,10,70,4,Critical,70.0,70.0,Critical,51454.116424,4900.26,46553.856424,90.47644709391152,High Profit,1,Critical
C00459,Naveen Sharma,Retail,Kolkata,West Bengal,84861.0,Low,20,168544.35,351.7,320.82,30.879999999999995,1,253061.95,111.13,1333.56,2.0,895.8199999999999,1.0,353361.85,286328.08,48475.34394400001,1.0,206169.07,18.0,17.0,59.0,0,30,0,Medium,75.0,75.0,Critical,48827.043944000005,2550.2,46276.84394400001,94.7770747642949,High Profit,1,Critical
C00458,Lakshmi Sharma,Student,Bengaluru,Karnataka,63034.0,Low,48,500744.59,827.12,825.23,1.8899999999999864,2,57645.939999999995,205.17000000000002,2462.04,3.0,1399.67,1.0,435846.42,289112.04,49206.869208,1.0,423030.24,19.0,18.0,60.0,4,70,2,Critical,70.0,70.0,Critical,50033.989208,4686.9400000000005,45347.049208,90.63248788635346,High Profit,1,Critical
C00012,Deepa Singh,Senior Citizen,Coimbatore,Tamil Nadu,29821.0,Medium,20,305992.53,336.76,270.84,65.92000000000002,1,35312.24,71.8,861.5999999999999,1.0,607.36,1.0,837582.26,355280.65,46399.65289,1.0,484995.74,24.0,24.0,60.0,4,70,4,Critical,70.0,70.0,Critical,46736.41289,1739.7999999999997,44996.61289,96.27742076805329,High Profit,1,Critical
C00975,Rahul Rao,Senior Citizen,Bengaluru,Karnataka,57735.0,Low,48,377891.76,874.5400000000001,747.06,127.48000000000013,2,904948.4099999999,196.82999999999998,2361.96,0.0,0.0,1.0,705937.97,235699.81,45442.923367999996,0.0,473091.94,24.0,21.0,10.0,0,20,0,Medium,65.0,65.0,High,46317.463368,3109.02,43208.443368,93.28758577450948,High Profit,1,High
C00378,Deepa Sharma,Mass Affluent,Kochi,Kerala,73796.0,Low,21,210890.68,391.49,314.17,77.32,1,244941.31,151.11,1813.3200000000002,1.0,634.22,1.0,515490.41,295820.65,44373.0975,1.0,551309.4,12.0,11.0,52.0,0,35,0,Medium,70.0,70.0,Critical,44764.5875,2761.71,42002.8775,93.83059209469987,High Profit,1,Critical
C00507,Naveen Kumar,Mass Affluent,Bengaluru,Karnataka,46727.0,Low,48,429197.82,719.09,798.62,-79.52999999999997,3,198259.44999999998,332.41999999999996,3989.0399999999995,1.0,609.68,1.0,813008.76,276460.8,44952.52608,0.0,945426.27,12.0,10.0,7.0,1,45,0,High,35.0,35.0,Medium,45671.61608,5397.34,40274.276079999996,88.18228811841071,High Profit,1,High
C00482,Naveen Singh,Premium,Delhi,Delhi,64154.0,Low,20,206053.23,450.43,322.67,127.75999999999999,1,413181.08,44.48,533.76,3.0,508.99,1.0,818029.54,243697.86,37261.402793999994,1.0,843119.36,21.0,21.0,47.0,0,20,0,Medium,70.0,70.0,Critical,37711.832793999994,1365.42,36346.412793999996,96.37933269523501,High Profit,1,Critical
C00454,Naveen Patel,Retail,Delhi,Delhi,38424.0,Medium,37,310945.61,745.38,659.35,86.02999999999997,2,253893.14,162.52,1950.2400000000002,1.0,536.9,1.0,945594.85,283011.07,36706.535779000005,1.0,726307.8,9.0,9.0,46.0,0,35,0,Medium,70.0,70.0,Critical,37451.915779,3146.4900000000002,34305.425779000005,91.59858732309685,High Profit,1,Critical
C00936,Kavya Iyer,Retail,Delhi,Delhi,53053.0,Low,16,78436.63,241.49,294.0,-52.50999999999999,1,250569.57,162.19,1946.28,2.0,439.64,1.0,1061345.38,221332.79,36210.044444,0.0,1401964.49,24.0,23.0,10.0,0,5,0,Low,60.0,60.0,High,36451.534444,2679.9199999999996,33771.614444,92.64799125502626,High Profit,1,High
C00284,Deepa Patel,Mass Affluent,Pune,Maharashtra,39406.0,Low,16,108177.12,217.79999999999998,252.8,-35.00000000000003,1,358085.59,173.56,2082.7200000000003,0.0,0.0,1.0,283285.46,201981.21,34922.551209,1.0,185395.1,16.0,16.0,57.0,0,30,0,Medium,70.0,70.0,Critical,35140.351209,2335.5200000000004,32804.831208999996,93.35373745666537,High Profit,1,Critical
C00793,Lakshmi Nair,Senior Citizen,Mumbai,Maharashtra,60479.0,Low,26,485959.75,447.82,422.39,25.430000000000007,1,34727.15,170.13,2041.56,1.0,148.05,1.0,319955.36,264391.68,34503.11424,0.0,402822.55,24.0,22.0,10.0,6,70,6,Critical,25.0,25.0,Medium,34950.93424,2612.0,32338.934240000002,92.52666614842397,High Profit,1,Critical
C00592,Vishal Gupta,Retail,Kochi,Kerala,123535.0,Low,58,480123.31,897.81,832.62,65.18999999999994,3,1400119.49,244.16,2929.92,1.0,590.39,1.0,1740185.4,320741.1,34640.0388,0.0,835438.45,23.0,21.0,10.0,1,40,0,High,30.0,30.0,Medium,35537.8488,4352.93,31184.9188,87.75128448405127,High Profit,1,High
C00759,Vijay Nair,Retail,Kolkata,West Bengal,23125.0,Low,14,74002.06,211.48,244.33,-32.85000000000002,1,297455.68,41.59,499.08000000000004,1.0,332.41,1.0,570302.88,172917.6,31592.04552,1.0,259452.61000000002,18.0,17.0,59.0,0,5,0,Low,75.0,75.0,Critical,31803.52552,1075.8200000000002,30727.70552,96.61729326415885,Medium Profit,1,Critical
C00352,Pooja Verma,Retail,Kochi,Kerala,48707.0,Low,38,482714.8,728.73,559.84,168.89,2,242674.28,206.04,2472.48,4.0,1195.92,1.0,1625200.97,247548.21,33121.950498,0.0,1516047.74,24.0,20.0,10.0,8,70,4,Critical,30.0,30.0,Medium,33850.680498,4228.24,29622.440498000004,87.50914327926195,Medium Profit,1,Critical
C00363,Sanjay Nair,Retail,Kochi,Kerala,128379.0,Medium,22,140525.34,373.44,305.92,67.51999999999998,1,561500.48,89.01,1068.1200000000001,2.0,830.3199999999999,1.0,274778.37,200924.02,30239.06501,1.0,123039.32,20.0,19.0,58.0,0,30,0,Medium,70.0,70.0,Critical,30612.505009999997,2204.36,28408.145009999997,92.79915185222536,Medium Profit,1,Critical
C00422,Sanjay Singh,Retail,Mumbai,Maharashtra,72756.0,Low,39,384033.81,672.92,663.9,9.019999999999982,2,433302.26,121.09,1453.08,1.0,437.31,1.0,864070.93,197857.15,28926.71533,1.0,838368.78,11.0,10.0,60.0,0,20,0,Medium,70.0,70.0,Critical,29599.635329999997,2554.29,27045.345329999996,91.37053557747328,Medium Profit,1,Critical
C00141,Suresh Iyer,Retail,Chennai,Tamil Nadu,156140.0,Low,21,310644.94,437.86,353.89,83.97000000000003,1,285609.95,27.02,324.24,1.0,365.56,1.0,256739.75,179246.06,26994.456636000003,0.0,123321.87,5.0,5.0,7.0,3,70,3,Critical,40.0,40.0,Medium,27432.316636000003,1043.69,26388.626636000005,96.19539970375544,Medium Profit,1,Critical
C00537,Sanjay Reddy,Retail,Coimbatore,Tamil Nadu,33973.0,Low,38,382886.64,629.8,622.62,7.17999999999995,2,129695.53,186.70999999999998,2240.5199999999995,3.0,1201.02,1.0,478270.14,162847.55,29475.40655,1.0,458031.63,18.0,18.0,52.0,2,45,0,High,85.0,85.0,Critical,30105.20655,4064.1599999999994,26041.04655,86.50014244795142,Medium Profit,1,Critical
C00877,Suresh Singh,Retail,Coimbatore,Tamil Nadu,54929.0,Low,40,281182.99,604.87,612.74,-7.8700000000000045,2,308618.32999999996,188.37,2260.44,2.0,404.75,1.0,212905.31,143644.87,24477.085848,0.0,155074.41999999998,13.0,10.0,9.0,2,45,0,High,35.0,35.0,Medium,25081.955847999998,3277.9300000000003,21804.025847999997,86.93112283641398,Medium Profit,1,High
C00413,Deepa Rao,Mass Affluent,Hyderabad,Telangana,70809.0,Low,22,111217.93,381.87,345.9,35.97000000000003,1,395196.41,115.19,1382.28,6.0,1916.9,1.0,180889.74,150872.63,23339.995861000003,1.0,189416.85,22.0,21.0,57.0,0,10,0,Low,70.0,70.0,Critical,23721.865861000002,3645.08,20076.785861000004,84.6340923544606,Medium Profit,1,Critical
C00295,Meena Patel,Retail,Kochi,Kerala,43825.0,Low,51,374526.67,876.2,698.52,177.68000000000006,3,200811.47999999998,258.18,3098.16,0.0,0.0,1.0,430871.97,142106.59,21983.889473,1.0,80877.92,5.0,5.0,27.0,0,35,0,Medium,70.0,70.0,Critical,22860.089473,3796.68,19063.409473,83.39166605413224,Medium Profit,1,Critical
C00981,Anitha Gupta,Retail,Chennai,Tamil Nadu,28400.0,High,33,286980.39,492.84000000000003,478.02,14.82000000000005,2,418952.91,191.22,2294.64,1.0,414.42,1.0,165737.16,147581.22,21133.630704,0.0,190633.23,12.0,11.0,10.0,1,40,0,High,25.0,25.0,Medium,21626.470704,3187.08,18439.390703999998,85.2630600544058,Medium Profit,1,High
C00861,Ajay Sharma,Mass Affluent,Chennai,Tamil Nadu,52859.0,Medium,54,375647.39,953.5799999999999,886.8199999999999,66.75999999999999,2,127607.95,206.09,2473.08,1.0,595.88,1.0,464856.37,163069.41,20236.913781,1.0,414870.12,11.0,10.0,35.0,0,35,0,Medium,70.0,70.0,Critical,21190.493780999997,3955.7799999999997,17234.713781,81.3322896536424,Medium Profit,1,Critical
C00620,Naveen Sharma,Sme Owner,Coimbatore,Tamil Nadu,77036.0,Low,24,244614.23,494.7,384.03000000000003,110.66999999999996,2,294949.03,171.41,2056.92,0.0,0.0,1.0,167177.38,134599.87,18076.762541,1.0,61283.770000000004,17.0,13.0,49.0,0,25,0,Medium,70.0,70.0,Critical,18571.462541,2440.9500000000003,16130.512541,86.85644711820007,Medium Profit,1,Critical
C00351,Arun Gupta,Student,Delhi,Delhi,49952.0,Low,40,260044.16999999998,727.75,711.65,16.100000000000023,2,342172.99,122.41,1468.92,4.0,1865.06,1.0,417367.44,122951.23,18356.618638999997,1.0,391228.91,20.0,18.0,55.0,0,30,0,Medium,70.0,70.0,Critical,19084.368638999997,4045.63,15038.738638999996,78.80134220561781,Medium Profit,1,Critical
C00224,Ajay Sharma,Retail,Mumbai,Maharashtra,44867.0,Low,52,522745.24000000005,918.02,824.92,93.10000000000002,3,709909.73,185.22,2222.64,3.0,683.62,1.0,149580.69,85749.66,17750.17962,0.0,34751.59,8.0,7.0,9.0,1,40,0,High,65.0,65.0,High,18668.19962,3731.18,14937.01962,80.01317708215079,Medium Profit,1,High
C00255,Rohit Singh,Sme Owner,Coimbatore,Tamil Nadu,49291.0,Low,17,408135.32,285.19,232.06,53.129999999999995,1,335171.68,166.67,2000.04,3.0,851.74,1.0,130723.27,109663.33,16603.028162000002,1.0,119334.3,10.0,10.0,56.0,3,70,3,Critical,70.0,70.0,Critical,16888.218162,3083.84,13804.378162,81.73969586123114,Medium Profit,1,Critical
C00683,Anitha Patel,Retail,Kochi,Kerala,47087.0,Low,26,287124.88,429.44,368.45,60.99000000000001,2,226904.77000000002,118.28999999999999,1419.48,2.0,553.78,1.0,161508.9,115966.65,14600.201235,1.0,90188.14,20.0,19.0,45.0,0,30,0,Medium,70.0,70.0,Critical,15029.641235000001,2341.71,12687.931235,84.4193885709874,Medium Profit,1,Critical
C00194,Ajay Iyer,Retail,Kochi,Kerala,49812.0,Low,25,165411.18,502.82,464.09000000000003,38.72999999999996,2,663978.22,217.47,2609.64,5.0,2457.7799999999997,1.0,168844.29,131650.13,17404.147186000002,1.0,72674.94,20.0,17.0,58.0,0,20,0,Medium,70.0,70.0,Critical,17906.967186,5531.51,12375.457186000001,69.10973286238756,Medium Profit,1,Critical
C00004,Rahul Singh,Retail,Kolkata,West Bengal,35173.0,Medium,41,280049.4,742.67,762.25,-19.58000000000004,2,528493.62,313.89,3766.68,3.0,618.84,1.0,109716.15,74916.94,15934.833138,0.0,78180.38,24.0,24.0,10.0,0,35,0,Medium,70.0,70.0,Critical,16677.503138,5147.77,11529.733138,69.13344906965892,Medium Profit,1,Critical
C00215,Suresh Reddy,Sme Owner,Coimbatore,Tamil Nadu,77584.0,Medium,18,99272.83,289.06,247.7,41.360000000000014,1,814023.85,29.5,354.0,1.0,228.61,1.0,169702.67,74392.42,11761.441602,1.0,123521.95,20.0,19.0,60.0,0,0,0,Low,70.0,70.0,Critical,12050.501602,830.3100000000001,11220.191602,93.10974739954231,Medium Profit,1,Critical
C00983,Divya Reddy,Premium,Chennai,Tamil Nadu,69305.0,Low,45,314597.86,757.24,729.36,27.879999999999995,2,205604.52,268.24,3218.88,0.0,0.0,1.0,206889.24,78620.91,11344.997313,0.0,197961.99,24.0,24.0,10.0,4,50,0,High,30.0,30.0,Medium,12102.237313,3948.2400000000002,8153.997313,67.37594960430272,Medium Profit,1,High
C00561,Anitha Patel,Sme Owner,Coimbatore,Tamil Nadu,63515.0,Low,38,414647.14,719.94,646.43,73.5100000000001,2,82802.78,185.91,2230.92,3.0,1461.58,1.0,113621.34,76767.86,11614.977218000002,0.0,131405.45,12.0,12.0,9.0,2,40,0,High,40.0,40.0,Medium,12334.917218000002,4338.93,7995.987218000002,64.82400389628623,Medium Profit,1,High
C00394,Karthik Rao,Retail,Kolkata,West Bengal,54717.0,Low,18,773041.46,300.6,311.21,-10.609999999999957,1,76854.26,93.69,1124.28,2.0,1014.5999999999999,1.0,193131.66,60033.28,9347.181696,0.0,126201.15,22.0,19.0,9.0,1,70,1,Critical,40.0,40.0,Medium,9647.781696,2450.09,7197.691696,74.60462853325325,Medium Profit,1,Critical
C00033,Vishal Rao,Sme Owner,Pune,Maharashtra,80315.0,Medium,21,294331.08,253.5,291.28,-37.77999999999997,1,129736.17,96.45,1157.4,2.0,817.6800000000001,1.0,140051.09,56032.61,8584.195852,1.0,64536.68,20.0,19.0,57.0,5,70,2,Critical,70.0,70.0,Critical,8837.695852,2266.36,6571.335852,74.35575926176374,Medium Profit,1,Critical
C00562,Vijay Rao,Sme Owner,Chennai,Tamil Nadu,94880.0,Medium,45,309109.62,606.1,749.2,-143.10000000000002,2,102312.51000000001,205.94,2471.2799999999997,1.0,922.99,1.0,94766.14,67360.44,9383.309292,0.0,64275.52,24.0,22.0,10.0,3,70,2,Critical,15.0,15.0,Low,9989.409292,4143.469999999999,5845.939292000001,58.521371195409024,Medium Profit,1,Critical
C00189,Geetha Reddy,Student,Delhi,Delhi,38637.0,Medium,16,949083.15,281.79,303.73,-21.939999999999998,1,83102.9,153.09,1837.08,3.0,1669.81,1.0,182217.29,59585.73,8079.824988,0.0,100827.29,24.0,23.0,10.0,1,70,1,Critical,25.0,25.0,Medium,8361.614988000001,3810.62,4550.994988000001,54.42722481878521,Medium Profit,1,Critical
C00752,Rahul Gupta,Mass Affluent,Chennai,Tamil Nadu,43962.0,Low,20,154777.29,382.65999999999997,361.95,20.70999999999998,1,270043.63,71.6,859.1999999999999,1.0,390.84,1.0,166673.6,27939.88,5336.5170800000005,0.0,200153.87,12.0,10.0,10.0,0,25,0,Medium,70.0,70.0,Critical,5719.17708,1611.9899999999998,4107.187080000001,71.81430164774684,Medium Profit,1,Critical
C00782,Rohit Reddy,Senior Citizen,Mumbai,Maharashtra,13412.0,Low,47,235777.81,776.1800000000001,817.64,-41.45999999999992,3,347366.51,419.13,5029.5599999999995,2.0,867.2,1.0,94555.07,65198.22,9818.851932000001,1.0,70994.31,8.0,8.0,25.0,0,30,0,Medium,70.0,70.0,Critical,10595.031932000002,6714.4,3880.631932000002,36.626901711163256,Medium Profit,1,Critical
C00323,Rahul Gupta,Mass Affluent,Bengaluru,Karnataka,58949.0,Low,31,336917.21,510.85,512.03,-1.17999999999995,2,492470.95999999996,212.35000000000002,2548.2000000000003,2.0,293.56,1.0,112191.58,43063.25,6364.74835,1.0,67758.62,20.0,17.0,60.0,0,35,0,Medium,70.0,70.0,Critical,6875.59835,3353.7900000000004,3521.80835,51.22184529583523,Medium Profit,1,Critical
C00053,Naveen Iyer,Retail,Chennai,Tamil Nadu,53996.0,Low,44,318867.4,727.28,730.51,-3.230000000000018,2,451723.39,246.60000000000002,2959.2000000000003,1.0,212.39,1.0,156698.04,42145.99,6473.624063999999,0.0,126706.65,24.0,20.0,10.0,0,20,0,Medium,60.0,60.0,High,7200.9040639999985,3902.1,3298.8040639999986,45.81097088200284,Medium Profit,1,High
C00090,Lakshmi Gupta,Mass Affluent,Madurai,Tamil Nadu,28243.0,Low,35,271211.71,637.04,576.81,60.23000000000002,2,284258.75,167.17000000000002,2006.0400000000002,4.0,2310.7,1.0,162399.69,41469.9,7468.7289900000005,0.0,160162.99,10.0,8.0,10.0,0,25,0,Medium,55.0,55.0,High,8105.7689900000005,4893.55,3212.2189900000003,39.62880010475107,Medium Profit,1,High
C00134,Rohit Gupta,Senior Citizen,Chennai,Tamil Nadu,37166.0,Low,33,285667.13,543.41,543.12,0.2899999999999636,2,158774.54,259.76,3117.12,1.0,603.1,1.0,95420.29,37649.77,6434.345692999999,0.0,110987.41,12.0,12.0,10.0,0,35,0,Medium,55.0,55.0,High,6977.755692999999,4263.34,2714.415692999999,38.90098496459353,Medium Profit,1,High
C00417,Anitha Nair,Senior Citizen,Hyderabad,Telangana,37873.0,High,23,482736.68,401.55,378.57,22.980000000000018,1,85456.34,125.95,1511.4,4.0,1175.32,1.0,133249.52,31578.53,4739.937353,0.0,152763.23,12.0,12.0,8.0,2,40,0,High,35.0,35.0,Medium,5141.487353,3065.29,2076.1973530000005,40.381259554952756,Medium Profit,1,High
C00148,Arun Patel,Retail,Kolkata,West Bengal,31390.0,Medium,42,458801.95,567.21,760.22,-193.01,2,669176.32,144.02,1728.2400000000002,0.0,0.0,1.0,108218.93,28340.78,3726.81257,1.0,103622.12,11.0,11.0,51.0,0,35,0,Medium,70.0,70.0,Critical,4294.02257,2488.46,1805.56257,42.04827852127475,Medium Profit,1,Critical
C00463,Deepa Iyer,Sme Owner,Hyderabad,Telangana,46998.0,Medium,46,299693.9,825.88,736.88,89.0,2,130254.11,219.57999999999998,2634.96,2.0,1058.0700000000002,1.0,101019.42,27335.32,4111.232128,0.0,59340.380000000005,24.0,23.0,10.0,1,40,0,High,35.0,35.0,Medium,4937.112128,4429.91,507.2021279999999,10.273255191501292,Medium Profit,1,High
C00710,Ajay Sharma,Retail,Kochi,Kerala,27534.0,Low,15,416797.79000000004,242.5,234.22,8.280000000000001,1,320615.22,34.37,412.43999999999994,0.0,0.0,0.0,0.0,0.0,0.0,0.0,0.0,0.0,0.0,0.0,5,70,4,Critical,0.0,0.0,,242.5,646.66,-404.15999999999997,-166.66391752577317,Loss Making,1,Critical
C00190,Meena Singh,Mass Affluent,Hyderabad,Telangana,47481.0,Low,22,471150.54,394.69,398.48,-3.7900000000000205,1,89423.27,25.13,301.56,1.0,129.15,1.0,175254.97,0.0,0.0,0.0,206506.44,12.0,11.0,10.0,3,70,3,Critical,55.0,55.0,High,394.69,829.1899999999999,-434.49999999999994,-110.08639691910105,Loss Making,1,Critical
C00955,Vishal Gupta,Retail,Chennai,Tamil Nadu,44407.0,Low,45,322782.01,868.84,713.15,155.69000000000005,3,373749.23,285.04,3420.4800000000005,3.0,1451.71,1.0,93644.81,24279.87,4173.709653000001,1.0,61417.77,20.0,19.0,53.0,0,20,0,Medium,70.0,70.0,Critical,5042.549653000001,5585.34,-542.7903469999992,-10.76420430837152,Loss Making,1,Critical
C00476,Vijay Sharma,Retail,Kolkata,West Bengal,46741.0,High,25,349173.91,472.68,395.95,76.73000000000002,1,28684.72,81.04,972.48,0.0,0.0,0.0,0.0,0.0,0.0,0.0,0.0,0.0,0.0,0.0,6,70,6,Critical,0.0,0.0,,472.68,1368.43,-895.75,-189.5045273758145,Loss Making,1,Critical
C00251,Sneha Verma,Retail,Mumbai,Maharashtra,32576.0,Medium,16,298203.13,154.67,208.72,-54.05000000000001,1,209737.73,51.09,613.08,1.0,252.69,1.0,478451.32,0.0,0.0,0.0,632184.17,24.0,24.0,10.0,5,70,2,Critical,40.0,40.0,Medium,154.67,1074.49,-919.82,-594.6983901209027,Loss Making,1,Critical
C00083,Lakshmi Iyer,Mass Affluent,Pune,Maharashtra,44069.0,High,28,579057.94,528.21,489.25,38.960000000000036,1,88171.08,81.76,981.1200000000001,0.0,0.0,0.0,0.0,0.0,0.0,0.0,0.0,0.0,0.0,0.0,6,70,4,Critical,0.0,0.0,,528.21,1470.3700000000001,-942.1600000000001,-178.36845194146267,Loss Making,1,Critical
C00015,Karthik Verma,Mass Affluent,Delhi,Delhi,30471.0,Low,22,449022.36,474.08,336.91,137.16999999999996,1,14560.3,23.79,285.48,2.0,833.73,0.0,0.0,0.0,0.0,0.0,0.0,0.0,0.0,0.0,6,70,6,Critical,0.0,0.0,,474.08,1456.1200000000001,-982.0400000000002,-207.14647316908543,Loss Making,1,Critical
C00060,Priya Sharma,Premium,Coimbatore,Tamil Nadu,26644.0,High,34,299892.47000000003,656.33,502.77,153.56000000000006,2,134952.87,56.26,675.12,2.0,691.61,1.0,172857.12,0.0,0.0,0.0,200380.14,12.0,11.0,10.0,1,40,0,High,35.0,35.0,Medium,656.33,1869.5,-1213.17,-184.84146694498193,Loss Making,1,High
C00045,Naveen Sharma,Student,Mumbai,Maharashtra,17748.0,Low,44,500586.76,908.17,640.29,267.88,2,148635.64,63.370000000000005,760.44,2.0,742.45,0.0,0.0,0.0,0.0,0.0,0.0,0.0,0.0,0.0,3,70,3,Critical,0.0,0.0,,908.17,2143.1800000000003,-1235.0100000000002,-135.98885671184914,Loss Making,1,Critical
C00645,Lakshmi Singh,Sme Owner,Delhi,Delhi,103455.0,Medium,22,559082.73,449.43,318.45,130.98000000000002,1,61367.6,70.85,850.1999999999999,2.0,578.11,0.0,0.0,0.0,0.0,0.0,0.0,0.0,0.0,0.0,3,70,3,Critical,0.0,0.0,,449.43,1746.7599999999998,-1297.3299999999997,-288.66119306677336,Loss Making,1,Critical
C00451,Lakshmi Sharma,Premium,Hyderabad,Telangana,57263.0,Medium,42,407245.33,853.85,706.92,146.93000000000006,2,148230.31,110.09,1321.08,1.0,129.38,1.0,1154096.99,0.0,0.0,0.0,1108080.12,24.0,23.0,10.0,1,40,0,High,25.0,25.0,Medium,853.85,2157.38,-1303.5300000000002,-152.6649879955496,Loss Making,1,High
C00021,Deepa Sharma,Retail,Mumbai,Maharashtra,38199.0,Medium,29,554883.7,493.63,424.23,69.39999999999998,1,40861.08,60.86,730.3199999999999,1.0,665.83,0.0,0.0,0.0,0.0,0.0,0.0,0.0,0.0,0.0,3,70,3,Critical,0.0,0.0,,493.63,1820.38,-1326.75,-268.77418309259974,Loss Making,1,Critical
C00167,Karthik Rao,Retail,Pune,Maharashtra,48994.0,Medium,32,322805.83,563.95,438.67,125.28000000000003,2,130064.66999999998,149.59,1795.08,0.0,0.0,1.0,227959.69,0.0,0.0,0.0,90511.86,13.0,12.0,10.0,1,45,0,High,35.0,35.0,Medium,563.95,2233.75,-1669.8,-296.09007890770454,Loss Making,1,High
C00558,Kavya Nair,Retail,Madurai,Tamil Nadu,59584.0,Medium,21,121982.18,275.76,347.73,-71.97000000000003,1,445086.32,111.15,1333.8000000000002,1.0,379.41,0.0,0.0,0.0,0.0,0.0,0.0,0.0,0.0,0.0,1,45,0,High,0.0,0.0,,275.76,2060.94,-1785.18,-647.3672758920801,Loss Making,1,High
C00442,Kavya Patel,Premium,Chennai,Tamil Nadu,30099.0,Low,44,303692.08,875.67,697.41,178.26,2,83494.38,150.37,1804.44,1.0,197.43,0.0,0.0,0.0,0.0,0.0,0.0,0.0,0.0,0.0,1,45,0,High,0.0,0.0,,875.67,2699.2799999999997,-1823.6099999999997,-208.25310904792897,Loss Making,1,High
C00185,Priya Nair,Mass Affluent,Kochi,Kerala,34947.0,Low,17,135357.31,339.76,257.69,82.07,1,294232.79,89.7,1076.4,3.0,1087.96,1.0,900353.67,0.0,0.0,0.0,696118.13,18.0,18.0,10.0,0,35,0,Medium,70.0,70.0,Critical,339.76,2422.05,-2082.29,-612.870850011773,Loss Making,1,Critical
C00316,Priya Reddy,Retail,Coimbatore,Tamil Nadu,92635.0,Medium,16,860519.2899999999,269.07,243.18,25.889999999999986,1,273573.68,49.89,598.6800000000001,3.0,1646.51,1.0,138357.32,0.0,0.0,0.0,74486.46,15.0,13.0,10.0,1,70,1,Critical,35.0,35.0,Medium,269.07,2488.37,-2219.2999999999997,-824.8039543613185,Loss Making,1,Critical
C00961,Rohit Patel,Retail,Pune,Maharashtra,249707.0,Low,34,461191.35,533.04,550.0,-16.960000000000036,2,76754.69,187.55,2250.6000000000004,0.0,0.0,0.0,0.0,0.0,0.0,0.0,0.0,0.0,0.0,0.0,4,70,4,Critical,0.0,0.0,,533.04,2800.6000000000004,-2267.5600000000004,-425.40147080894496,Loss Making,1,Critical
C00089,Geetha Rao,Mass Affluent,Madurai,Tamil Nadu,142722.0,Medium,24,928778.18,411.94,404.08,7.860000000000014,1,164378.4,178.86,2146.32,1.0,152.13,0.0,0.0,0.0,0.0,0.0,0.0,0.0,0.0,0.0,1,70,1,Critical,0.0,0.0,,411.94,2702.53,-2290.59,-556.0494246734961,Loss Making,1,Critical
C00462,Sneha Singh,Premium,Chennai,Tamil Nadu,49586.0,Low,19,933312.7999999999,414.46,305.32,109.13999999999999,1,71381.06,173.46,2081.52,1.0,345.48,0.0,0.0,0.0,0.0,0.0,0.0,0.0,0.0,0.0,1,70,1,Critical,0.0,0.0,,414.46,2732.32,-2317.86,-559.2481783525552,Loss Making,1,Critical
C00888,Geetha Patel,Retail,Bengaluru,Karnataka,107756.0,Low,37,347965.0,703.03,552.66,150.37,2,110556.92,105.17,1262.04,3.0,1257.75,1.0,328500.15,0.0,0.0,0.0,407613.14,22.0,20.0,10.0,1,45,0,High,60.0,60.0,High,703.03,3072.45,-2369.42,-337.02971423694584,Loss Making,1,High
C00634,Meena Sharma,Sme Owner,Coimbatore,Tamil Nadu,31701.0,High,40,215687.01,686.26,661.15,25.110000000000014,2,316703.17,179.92000000000002,2159.04,1.0,324.03,1.0,117661.94,0.0,0.0,0.0,18588.510000000002,5.0,4.0,8.0,0,35,0,Medium,50.0,50.0,High,686.26,3144.2200000000003,-2457.96,-358.16745839769186,Loss Making,1,High
C00884,Lakshmi Singh,Retail,Chennai,Tamil Nadu,189960.0,Low,19,353218.59,351.34,290.14,61.19999999999999,1,184304.6,129.14,1549.6799999999998,3.0,995.9300000000001,0.0,0.0,0.0,0.0,0.0,0.0,0.0,0.0,0.0,5,70,4,Critical,0.0,0.0,,351.34,2835.75,-2484.41,-707.124153241874,Loss Making,1,Critical
C00410,Pooja Gupta,Retail,Pune,Maharashtra,60226.0,High,43,401787.64,719.47,648.35,71.12,2,212266.28,177.5,2130.0,3.0,438.47,1.0,998206.01,0.0,0.0,0.0,935090.73,23.0,21.0,10.0,3,45,0,High,40.0,40.0,Medium,719.47,3216.8199999999997,-2497.3499999999995,-347.1096779573852,Loss Making,1,High
C00159,Rahul Nair,Mass Affluent,Hyderabad,Telangana,28022.0,Medium,23,387978.27,511.62,412.61,99.00999999999999,1,52199.26,168.46,2021.52,2.0,615.06,1.0,250459.42,0.0,0.0,0.0,151077.6,20.0,17.0,10.0,5,70,4,Critical,50.0,50.0,High,511.62,3049.19,-2537.57,-495.9872561666862,Loss Making,1,Critical
C00780,Lakshmi Gupta,Mass Affluent,Coimbatore,Tamil Nadu,54178.0,Low,24,418576.36,319.31,341.78,-22.46999999999997,1,41837.54,133.44,1601.28,2.0,922.1999999999999,0.0,0.0,0.0,0.0,0.0,0.0,0.0,0.0,0.0,4,70,2,Critical,0.0,0.0,,319.31,2865.2599999999998,-2545.95,-797.3286148257179,Loss Making,1,Critical
C00164,Priya Patel,Mass Affluent,Coimbatore,Tamil Nadu,25308.0,Low,41,646583.9,844.5,714.42,130.08000000000004,2,79993.26000000001,162.93,1955.16,3.0,829.6700000000001,1.0,336863.28,0.0,0.0,0.0,329560.66,24.0,21.0,10.0,3,70,3,Critical,35.0,35.0,Medium,844.5,3499.25,-2654.75,-314.3576080521018,Loss Making,1,Critical
C00802,Sanjay Kumar,Retail,Kolkata,West Bengal,38523.0,Low,21,354284.63,369.77,386.81,-17.04000000000002,1,14993.67,120.02,1440.24,3.0,1264.74,0.0,0.0,0.0,0.0,0.0,0.0,0.0,0.0,0.0,3,70,3,Critical,0.0,0.0,,369.77,3091.79,-2722.02,-736.1386808015794,Loss Making,1,Critical
C00287,Rohit Nair,Sme Owner,Kolkata,West Bengal,45624.0,Low,17,417502.27,244.92000000000002,261.56,-16.639999999999986,1,24311.46,129.88,1558.56,3.0,1202.26,1.0,94467.88,0.0,0.0,0.0,60924.93,16.0,15.0,9.0,4,70,2,Critical,25.0,25.0,Medium,244.92000000000002,3022.38,-2777.46,-1134.0274375306221,Loss Making,1,Critical
C00950,Sanjay Kumar,Retail,Hyderabad,Telangana,121074.0,Low,22,325686.22,422.08,384.93,37.14999999999998,1,70971.8,128.34,1540.08,2.0,1277.5,1.0,895527.31,0.0,0.0,0.0,315456.75,12.0,10.0,9.0,6,70,6,Critical,40.0,40.0,Medium,422.08,3202.51,-2780.4300000000003,-658.7447877179683,Loss Making,1,Critical
C00894,Vijay Singh,Retail,Coimbatore,Tamil Nadu,42464.0,Medium,19,230141.02,334.84000000000003,270.89,63.950000000000045,1,319610.64,119.46,1433.52,3.0,1413.52,1.0,935351.12,0.0,0.0,0.0,644681.68,22.0,19.0,10.0,0,35,0,Medium,55.0,55.0,High,334.84000000000003,3117.93,-2783.0899999999997,-831.1701110978377,Loss Making,1,High
C00201,Ajay Patel,Student,Kochi,Kerala,47340.0,Low,48,632623.51,757.31,820.11,-62.80000000000007,2,90073.6,116.56,1398.72,3.0,1382.61,1.0,160093.78,0.0,0.0,0.0,84129.57,18.0,15.0,10.0,3,70,3,Critical,40.0,40.0,Medium,757.31,3601.4399999999996,-2844.1299999999997,-375.5569053624011,Loss Making,1,Critical
C00146,Rahul Singh,Retail,Kochi,Kerala,141788.0,Low,38,317253.49,662.04,639.54,22.5,1,101557.11,113.14,1357.68,4.0,1516.41,0.0,0.0,0.0,0.0,0.0,0.0,0.0,0.0,0.0,1,45,0,High,0.0,0.0,,662.04,3513.63,-2851.59,-430.7277505890883,Loss Making,1,High
C00819,Sanjay Gupta,Senior Citizen,Madurai,Tamil Nadu,46333.0,Low,46,551592.61,919.38,722.1,197.27999999999997,2,325728.70999999996,87.42,1049.04,3.0,2059.96,0.0,0.0,0.0,0.0,0.0,0.0,0.0,0.0,0.0,8,70,6,Critical,0.0,0.0,,919.38,3831.1,-2911.72,-316.70473580021314,Loss Making,1,Critical
C00180,Rohit Nair,Retail,Mumbai,Maharashtra,52623.0,High,25,426662.48,304.51,375.95,-71.44,1,530042.67,167.97,2015.6399999999999,2.0,855.47,0.0,0.0,0.0,0.0,0.0,0.0,0.0,0.0,0.0,5,70,4,Critical,0.0,0.0,,304.51,3247.0599999999995,-2942.5499999999993,-966.3229450592754,Loss Making,1,Critical
C00374,Naveen Iyer,Mass Affluent,Kochi,Kerala,49793.0,Medium,35,354384.77,615.65,589.88,25.769999999999982,2,82129.85,203.32,2439.84,1.0,550.63,1.0,774809.7,0.0,0.0,0.0,967171.85,24.0,22.0,10.0,1,40,0,High,25.0,25.0,Medium,615.65,3580.3500000000004,-2964.7000000000003,-481.55607894095675,Loss Making,1,High
C00906,Vijay Reddy,Retail,Pune,Maharashtra,66857.0,Medium,32,424720.68,694.53,480.33,214.2,2,122763.14,255.11,3061.32,1.0,127.63,1.0,308376.06,0.0,0.0,0.0,302769.81,24.0,22.0,10.0,4,70,4,Critical,40.0,40.0,Medium,694.53,3669.28,-2974.75,-428.31123205621066,Loss Making,1,Critical
C00415,Sneha Singh,Sme Owner,Hyderabad,Telangana,56548.0,Medium,45,338093.08,750.11,815.94,-65.83000000000004,3,664117.93,229.21,2750.52,1.0,191.13,1.0,196364.99,0.0,0.0,0.0,169734.04,24.0,21.0,10.0,1,40,0,High,65.0,65.0,High,750.11,3757.59,-3007.48,-400.9385290157444,Loss Making,1,High
C00356,Ajay Gupta,Retail,Coimbatore,Tamil Nadu,30005.0,Medium,41,341239.13,781.5600000000001,634.41,147.1500000000001,2,270290.62,252.07999999999998,3024.96,1.0,143.14,1.0,356144.69,0.0,0.0,0.0,464505.0,24.0,22.0,10.0,1,50,0,High,30.0,30.0,Medium,781.5600000000001,3802.5099999999998,-3020.95,-386.52822560008184,Loss Making,1,High
C00267,Priya Gupta,Mass Affluent,Coimbatore,Tamil Nadu,60165.0,Low,34,387967.25,539.59,484.49,55.10000000000002,2,26157.7,260.24,3122.88,0.0,0.0,0.0,0.0,0.0,0.0,0.0,0.0,0.0,0.0,0.0,1,40,0,High,0.0,0.0,,539.59,3607.37,-3067.7799999999997,-568.5390759650845,Loss Making,1,High
C00728,Suresh Verma,Retail,Madurai,Tamil Nadu,21491.0,High,25,297361.4,274.76,360.36,-85.60000000000002,1,70617.07,78.56,942.72,5.0,2310.64,0.0,0.0,0.0,0.0,0.0,0.0,0.0,0.0,0.0,4,70,2,Critical,0.0,0.0,,274.76,3613.72,-3338.96,-1215.2278352016306,Loss Making,1,Critical
C00286,Kavya Kumar,Premium,Kochi,Kerala,55187.0,Low,31,225145.75,491.18,465.95,25.230000000000018,2,273476.95,206.23,2474.7599999999998,2.0,1101.47,0.0,0.0,0.0,0.0,0.0,0.0,0.0,0.0,0.0,2,40,0,High,0.0,0.0,,491.18,4042.1799999999994,-3550.9999999999995,-722.9528889612768,Loss Making,1,High
C00269,Pooja Singh,Retail,Kolkata,West Bengal,24212.0,Medium,35,156328.87,495.65999999999997,497.32,-1.660000000000025,2,1353621.71,248.56,2982.7200000000003,2.0,659.99,1.0,107700.02,0.0,0.0,0.0,50915.62,17.0,17.0,10.0,0,0,0,Low,60.0,60.0,High,495.65999999999997,4140.030000000001,-3644.370000000001,-735.2560222733327,Loss Making,1,High
C00040,Ajay Reddy,Retail,Kolkata,West Bengal,49190.0,Low,34,272993.36,580.05,584.65,-4.600000000000023,2,303805.66,285.90999999999997,3430.9199999999996,1.0,392.47,1.0,1060372.66,0.0,0.0,0.0,1101686.15,24.0,23.0,10.0,1,40,0,High,50.0,50.0,High,580.05,4408.04,-3827.99,-659.941384363417,Loss Making,1,High
C00013,Arun Gupta,Retail,Madurai,Tamil Nadu,66300.0,Low,18,306866.47000000003,283.14,263.09000000000003,20.049999999999955,1,128547.28,124.56,1494.72,4.0,2450.12,0.0,0.0,0.0,0.0,0.0,0.0,0.0,0.0,0.0,5,70,2,Critical,0.0,0.0,,283.14,4207.93,-3924.7900000000004,-1386.1658543476726,Loss Making,1,Critical
C00911,Vishal Verma,Retail,Bengaluru,Karnataka,38993.0,Low,35,217935.78,626.17,603.38,22.789999999999964,2,323452.51,314.46000000000004,3773.5200000000004,1.0,220.26,1.0,107469.29,0.0,0.0,0.0,25085.0,9.0,9.0,10.0,0,35,0,Medium,60.0,60.0,High,626.17,4597.160000000001,-3970.9900000000007,-634.1712314547169,Loss Making,1,High
C00535,Anitha Kumar,Senior Citizen,Bengaluru,Karnataka,34767.0,Medium,34,370481.54,603.42,543.66,59.75999999999999,2,375373.93999999994,242.99,2915.88,3.0,1177.6399999999999,0.0,0.0,0.0,0.0,0.0,0.0,0.0,0.0,0.0,2,40,0,High,0.0,0.0,,603.42,4637.18,-4033.76,-668.4829803453648,Loss Making,1,High
C00579,Vijay Rao,Retail,Kolkata,West Bengal,66257.0,Low,38,325171.99,656.05,581.78,74.26999999999998,2,104540.45,243.32999999999998,2919.96,5.0,1303.8899999999999,0.0,0.0,0.0,0.0,0.0,0.0,0.0,0.0,0.0,2,40,0,High,0.0,0.0,,656.05,4805.629999999999,-4149.579999999999,-632.5097172471609,Loss Making,1,High
C00587,Priya Reddy,Student,Chennai,Tamil Nadu,109573.0,Low,38,332716.97000000003,739.26,591.22,148.03999999999996,2,246085.65,279.88,3358.56,2.0,1050.94,0.0,0.0,0.0,0.0,0.0,0.0,0.0,0.0,0.0,1,45,0,High,0.0,0.0,,739.26,5000.719999999999,-4261.459999999999,-576.4494223953682,Loss Making,1,High
C00440,Priya Iyer,Senior Citizen,Coimbatore,Tamil Nadu,20599.0,Low,38,256175.35,578.81,582.33,-3.5200000000000955,2,999667.33,322.1,3865.2000000000003,2.0,397.88,1.0,1716973.26,0.0,0.0,0.0,759031.4299999999,8.0,5.0,5.0,1,40,0,High,25.0,25.0,Medium,578.81,4845.410000000001,-4266.6,-737.1330833952421,Loss Making,1,High
C00452,Ajay Kumar,Mass Affluent,Kolkata,West Bengal,68719.0,Low,35,303209.89,631.92,585.8,46.120000000000005,2,146230.96000000002,292.66,3511.92,1.0,910.94,1.0,273665.92,0.0,0.0,0.0,161619.82,24.0,19.0,10.0,4,70,2,Critical,40.0,40.0,Medium,631.92,5008.66,-4376.74,-692.609824028358,Loss Making,1,Critical
C00214,Geetha Sharma,Senior Citizen,Delhi,Delhi,63351.0,Low,23,471218.74,382.39,284.19,98.19999999999999,1,130656.78,178.34,2140.08,6.0,2338.46,1.0,879331.89,0.0,0.0,0.0,852624.99,24.0,24.0,10.0,4,70,4,Critical,40.0,40.0,Medium,382.39,4762.73,-4380.339999999999,-1145.5163576453356,Loss Making,1,Critical
C00831,Ajay Kumar,Sme Owner,Coimbatore,Tamil Nadu,46543.0,Low,59,511427.68,1053.42,1028.59,24.830000000000155,3,911504.1399999999,390.94,4691.28,2.0,484.19,1.0,1335861.05,0.0,0.0,0.0,390860.04,5.0,4.0,10.0,0,25,0,Medium,60.0,60.0,High,1053.42,6204.0599999999995,-5150.639999999999,-488.94458050919854,Loss Making,1,High
C00697,Naveen Reddy,Premium,Coimbatore,Tamil Nadu,31673.0,Medium,59,420762.81,832.4,840.46,-8.06000000000006,3,487827.59,384.29999999999995,4611.599999999999,1.0,614.56,0.0,0.0,0.0,0.0,0.0,0.0,0.0,0.0,0.0,1,45,0,High,0.0,0.0,,832.4,6066.619999999999,-5234.219999999999,-628.8106679481018,Loss Making,1,High
C00736,Rohit Iyer,Retail,Kolkata,West Bengal,39682.0,Medium,47,490118.51,852.5,720.59,131.90999999999997,3,718800.3200000001,447.18999999999994,5366.279999999999,0.0,0.0,0.0,0.0,0.0,0.0,0.0,0.0,0.0,0.0,0.0,1,45,0,High,0.0,0.0,,852.5,6086.869999999999,-5234.369999999999,-614.0023460410556,Loss Making,1,High
C00942,Priya Verma,Retail,Kochi,Kerala,165687.0,Low,60,501758.5,1120.39,864.65,255.74000000000012,3,353695.18,402.96,4835.5199999999995,2.0,814.28,0.0,0.0,0.0,0.0,0.0,0.0,0.0,0.0,0.0,1,45,0,High,0.0,0.0,,1120.39,6514.449999999999,-5394.059999999999,-481.444854024045,Loss Making,1,High
C00121,Suresh Iyer,Retail,Chennai,Tamil Nadu,78722.0,High,51,531007.6,833.83,755.5600000000001,78.26999999999998,3,2020851.5699999998,370.96,4451.5199999999995,3.0,1074.3,1.0,87489.86,0.0,0.0,0.0,90205.54,19.0,17.0,10.0,8,70,4,Critical,40.0,40.0,Medium,833.83,6281.38,-5447.55,-653.3166232925176,Loss Making,1,Critical
C00904,Naveen Iyer,Student,Bengaluru,Karnataka,44980.0,Medium,48,411841.29,902.33,876.5,25.83000000000004,3,424716.25,430.84,5170.08,3.0,443.21000000000004,0.0,0.0,0.0,0.0,0.0,0.0,0.0,0.0,0.0,1,45,0,High,0.0,0.0,,902.33,6489.79,-5587.46,-619.2257821417885,Loss Making,1,High
C00493,Karthik Singh,Student,Mumbai,Maharashtra,83267.0,High,57,426439.33,926.5,946.38,-19.879999999999995,3,1540927.0299999998,452.77,5433.24,1.0,432.59,1.0,1523098.2,0.0,0.0,0.0,975479.28,24.0,24.0,10.0,0,30,0,Medium,60.0,60.0,High,926.5,6812.21,-5885.71,-635.2628170534268,Loss Making,1,High
C00779,Rohit Sharma,Retail,Kolkata,West Bengal,43506.0,Medium,60,386083.69,1111.12,957.0699999999999,154.04999999999995,3,530622.87,402.7,4832.4,2.0,1246.58,0.0,0.0,0.0,0.0,0.0,0.0,0.0,0.0,0.0,1,40,0,High,0.0,0.0,,1111.12,7036.049999999999,-5924.929999999999,-533.2394340845274,Loss Making,1,High
C00661,Rahul Iyer,Student,Madurai,Tamil Nadu,51842.0,Low,39,287193.94,594.75,613.2,-18.450000000000045,2,95601.68,323.16999999999996,3878.0399999999995,5.0,2341.2799999999997,0.0,0.0,0.0,0.0,0.0,0.0,0.0,0.0,0.0,1,40,0,High,0.0,0.0,,594.75,6832.5199999999995,-6237.7699999999995,-1048.8053804119377,Loss Making,1,High
